date,timestamp,block,pool,pair,asset_class,feeTier,base_is_token0,dec0,dec1,price,tick,sqrtPriceX96,liquidity,feeGrowthGlobal0X128,feeGrowthGlobal1X128
2024-04-01,1711929600,12570127,0x6c561b446416e1a00e8e93e221854d6ea4171372,ETH/USDC,eth,3000,True,18,6,3645.7899,-194307,4783826309940383755683113,6040069290306441,105817134029213844913384663894816853984888,897581179451824340940772148223254
2024-04-02,1712016000,12613327,0x6c561b446416e1a00e8e93e221854d6ea4171372,ETH/USDC,eth,3000,True,18,6,3504.1502,-194703,4689979485973202482504728,4738520289888407,107291597625669777963101986715297048380006,901558347454105767149897649278338
2024-04-03,1712102400,12656527,0x6c561b446416e1a00e8e93e221854d6ea4171372,ETH/USDC,eth,3000,True,18,6,3276.1907,-195376,4534862981239248891846656,1333077585123855,109410271618709912809847727762404974413019,906607495501205874206790370067599
2024-04-04,1712188800,12699727,0x6c561b446416e1a00e8e93e221854d6ea4171372,ETH/USDC,eth,3000,True,18,6,3323.7398,-195232,4567652902239260123396210,2575343884568056,110342864154616517821520935881143298553106,910122789708896645894749151789367
2024-04-05,1712275200,12742927,0x6c561b446416e1a00e8e93e221854d6ea4171372,ETH/USDC,eth,3000,True,18,6,3327.9616,-195219,4570552893160214368970966,2493098611173190,111258552612079464835506834891452335307721,913214950951201167904029887691846
2024-04-06,1712361600,12786127,0x6c561b446416e1a00e8e93e221854d6ea4171372,ETH/USDC,eth,3000,True,18,6,3320.3477,-195242,4565321492195323586130348,1367511539258687,112261065082470607587613602756091996617049,916437481157969553393724127747706
2024-04-07,1712448000,12829327,0x6c561b446416e1a00e8e93e221854d6ea4171372,ETH/USDC,eth,3000,True,18,6,3364.5591,-195110,4595615264419804143108890,1572905591613556,112509939895275737731766960254464350634699,917661178253316314008147276221944
2024-04-08,1712534400,12872527,0x6c561b446416e1a00e8e93e221854d6ea4171372,ETH/USDC,eth,3000,True,18,6,3447.6311,-194866,4652002922689577861493744,1928646337116787,113060584437889627966417517807355572834892,920258306355989964179568024306608
2024-04-09,1712620800,12915727,0x6c561b446416e1a00e8e93e221854d6ea4171372,ETH/USDC,eth,3000,True,18,6,3701.6669,-194155,4820346437540006081447901,4556231122329663,119830850904944891439608639459800902925402,946825532505980308145560078431367
2024-04-10,1712707200,12958927,0x6c561b446416e1a00e8e93e221854d6ea4171372,ETH/USDC,eth,3000,True,18,6,3500.3387,-194714,4687428103609699126304151,4601457378110121,121055546284866527745862659846819507256308,949507338690136947954355329257911
2024-04-11,1712793600,13002127,0x6c561b446416e1a00e8e93e221854d6ea4171372,ETH/USDC,eth,3000,True,18,6,3540.2236,-194601,4714058081617168801861483,5544480517042189,122211240959001180855199772249558106339444,953890185456221449112598721997135
2024-04-12,1712880000,13045327,0x6c561b446416e1a00e8e93e221854d6ea4171372,ETH/USDC,eth,3000,True,18,6,3505.0241,-194701,4690564244647844525621796,2756934917571129,122921898302850445872064605767224251171341,956098630229722574059476510748013
2024-04-13,1712966400,13088527,0x6c561b446416e1a00e8e93e221854d6ea4171372,ETH/USDC,eth,3000,True,18,6,3238.5415,-195492,4508730908658805486038418,1253146558524362,127248976596310935778763354457958744011501,968506955389294656051757084109161
2024-04-14,1713052800,13131727,0x6c561b446416e1a00e8e93e221854d6ea4171372,ETH/USDC,eth,3000,True,18,6,3008.5824,-196228,4345707971338423290851659,192955262290930907,134679358351682731566948814889443001416480,988788751258122903123949467540837
2024-04-15,1713139200,13174927,0x6c561b446416e1a00e8e93e221854d6ea4171372,ETH/USDC,eth,3000,True,18,6,3153.2562,-195759,4448967289821307656614181,2231328094511278,137309897463209715259675444100174962922861,998127963899671507716653021551754
2024-04-16,1713225600,13218127,0x6c561b446416e1a00e8e93e221854d6ea4171372,ETH/USDC,eth,3000,True,18,6,3100.4658,-195927,4411568766502544931419729,2568157506582729,140219046669212607991496754174178005722216,1006773499690822190060916579747531
2024-04-17,1713312000,13261327,0x6c561b446416e1a00e8e93e221854d6ea4171372,ETH/USDC,eth,3000,True,18,6,3087.7072,-195969,4402482526597922193322961,3328387765922006,142685840499793396986106310689250591915502,1014200630204028881642502001421623
2024-04-18,1713398400,13304527,0x6c561b446416e1a00e8e93e221854d6ea4171372,ETH/USDC,eth,3000,True,18,6,2982.3659,-196316,4326732522364565756388624,2368533407780164,145114913952968564691997305366023494761382,1020537089616944030809031149847964
2024-04-19,1713484800,13347727,0x6c561b446416e1a00e8e93e221854d6ea4171372,ETH/USDC,eth,3000,True,18,6,3058.2977,-196064,4381466173382919518131606,21756101323705957,147536263356444409133043578695903899926397,1028572860102001543633486884917867
2024-04-20,1713571200,13390927,0x6c561b446416e1a00e8e93e221854d6ea4171372,ETH/USDC,eth,3000,True,18,6,3063.591,-196047,4385256239992243169412275,43918293825741633,150697005280766911024452366693995968311038,1038154161514466339949617796118266
2024-04-21,1713657600,13434127,0x6c561b446416e1a00e8e93e221854d6ea4171372,ETH/USDC,eth,3000,True,18,6,3153.7184,-195757,4449293363152494308467363,43576401985474977,151188267804179820569689019200032407950172,1040500732262804656663540855275774
2024-04-22,1713744000,13477327,0x6c561b446416e1a00e8e93e221854d6ea4171372,ETH/USDC,eth,3000,True,18,6,3152.2715,-195762,4448272574405243495256072,47480077769511162,151939788547667039535962903959078962444321,1042860602437610502941583293625824
2024-04-23,1713830400,13520527,0x6c561b446416e1a00e8e93e221854d6ea4171372,ETH/USDC,eth,3000,True,18,6,3206.918,-195590,4486663603044217421385186,47798191029136080,152569281346414802468971757747518932439317,1045365726392236332140626535668540
2024-04-24,1713916800,13563727,0x6c561b446416e1a00e8e93e221854d6ea4171372,ETH/USDC,eth,3000,True,18,6,3216.8153,-195559,4493581712578594109317798,27773028211403176,153097456714011905706386815770750929831405,1047148695669591080794749311790475
2024-04-25,1714003200,13606927,0x6c561b446416e1a00e8e93e221854d6ea4171372,ETH/USDC,eth,3000,True,18,6,3131.8024,-195827,4433806774122105878513779,39113382804902989,153998890514076727341371770645806659928088,1049249627309554192171113089146367
2024-04-26,1714089600,13650127,0x6c561b446416e1a00e8e93e221854d6ea4171372,ETH/USDC,eth,3000,True,18,6,3162.8709,-195728,4455744900653375558605706,29780917382146737,155080716120264433068310319031225425946049,1052765555839896127433310111630728
2024-04-27,1714176000,13693327,0x6c561b446416e1a00e8e93e221854d6ea4171372,ETH/USDC,eth,3000,True,18,6,3128.9289,-195836,4431772226059830242944807,147666964029266843,155635456134853910951480722267622550186161,1054196392649171027913499404627729
2024-04-28,1714262400,13736527,0x6c561b446416e1a00e8e93e221854d6ea4171372,ETH/USDC,eth,3000,True,18,6,3251.5262,-195452,4517760566063167258253521,173271359365011655,155995344239374629180348271722226887325713,1056442337809857654227047585469711
2024-04-29,1714348800,13779727,0x6c561b446416e1a00e8e93e221854d6ea4171372,ETH/USDC,eth,3000,True,18,6,3261.2598,-195422,4524517607779459048443176,184226369163740603,156337699602891420651302439503562756672474,1057659269464986548283085812869678
2024-04-30,1714435200,13822927,0x6c561b446416e1a00e8e93e221854d6ea4171372,ETH/USDC,eth,3000,True,18,6,3222.5464,-195541,4497582883291438830648078,183831188602468648,157115516205863055785833558525268039056049,1059788970993383921092243482885948
2024-05-01,1714521600,13866127,0x6c561b446416e1a00e8e93e221854d6ea4171372,ETH/USDC,eth,3000,True,18,6,3015.8801,-196204,4350975328799135882560491,26637710796188085,159082270897994294063608197130102992705680,1063884514127378411831569616111382
2024-05-02,1714608000,13909327,0x6c561b446416e1a00e8e93e221854d6ea4171372,ETH/USDC,eth,3000,True,18,6,2970.9438,-196354,4318439099405225961193897,22438588120104515,161667273579535429451668788536528424919138,1071017151069589094449228683374501
2024-05-03,1714694400,13952527,0x6c561b446416e1a00e8e93e221854d6ea4171372,ETH/USDC,eth,3000,True,18,6,2994.8236,-196274,4335759748809523099322529,25442146407068503,162613388011569815980353097724421471866016,1074037825087894278017314682151607
2024-05-04,1714780800,13995727,0x6c561b446416e1a00e8e93e221854d6ea4171372,ETH/USDC,eth,3000,True,18,6,3109.681,-195898,4418119971459337176964496,56008227920753942,163757062207102579761119874530048384231362,1078335503278290557997210011945690
2024-05-05,1714867200,14038927,0x6c561b446416e1a00e8e93e221854d6ea4171372,ETH/USDC,eth,3000,True,18,6,3116.991,-195874,4423309834464702157392345,31966398797776750,164201318596587300287686707674459142384856,1079791312302871665578814523753535
2024-05-06,1714953600,14082127,0x6c561b446416e1a00e8e93e221854d6ea4171372,ETH/USDC,eth,3000,True,18,6,3136.9945,-195810,4437480547253574113516939,17177177721099486,164569698865745695734306601944070582293737,1081124300132247003463677849484111
2024-05-07,1715040000,14125327,0x6c561b446416e1a00e8e93e221854d6ea4171372,ETH/USDC,eth,3000,True,18,6,3071.7885,-196020,4391119357894735585909967,23742169469158119,165470375549705739389086636233187714890990,1083332859601710800001320050683278
2024-05-08,1715126400,14168527,0x6c561b446416e1a00e8e93e221854d6ea4171372,ETH/USDC,eth,3000,True,18,6,3004.8514,-196241,4343012550257588467497632,21971214908029128,166241293658529582583216689429413916257171,1085073664234179356346625032394637
2024-05-09,1715212800,14211727,0x6c561b446416e1a00e8e93e221854d6ea4171372,ETH/USDC,eth,3000,True,18,6,2966.154,-196370,4314956564338575711907942,21364246767403121,167309510185612426667594703727871512352676,1087903001247676321536796592909484
2024-05-10,1715299200,14254927,0x6c561b446416e1a00e8e93e221854d6ea4171372,ETH/USDC,eth,3000,True,18,6,3037.486,-196133,4366532813459620253472872,21257661472825108,167767555053845214627012008059707463789210,1089943893995261467480657531846083
2024-05-11,1715385600,14298127,0x6c561b446416e1a00e8e93e221854d6ea4171372,ETH/USDC,eth,3000,True,18,6,2905.4181,-196577,4270550887339471004883367,21707822087454467,168464962329797645579604096317134213849759,1090767760117001037186068647614566
2024-05-12,1715472000,14341327,0x6c561b446416e1a00e8e93e221854d6ea4171372,ETH/USDC,eth,3000,True,18,6,2916.3867,-196540,4278604438919730605037923,21271749286781620,168850392689889410793799834912665373054881,1091998481182017296482136119410454
2024-05-13,1715558400,14384527,0x6c561b446416e1a00e8e93e221854d6ea4171372,ETH/USDC,eth,3000,True,18,6,2926.6397,-196504,4286118895201015992954811,27572267046398333,169078506666543490858459449334677596389797,1092763107265383307500583956416152
2024-05-14,1715644800,14427727,0x6c561b446416e1a00e8e93e221854d6ea4171372,ETH/USDC,eth,3000,True,18,6,2945.6544,-196440,4300020049330875076047592,28071659512097245,169569325989010324211979743018495810223283,1094383967002357429647503051974927
2024-05-15,1715731200,14470927,0x6c561b446416e1a00e8e93e221854d6ea4171372,ETH/USDC,eth,3000,True,18,6,2886.715,-196642,4256783236162796424719358,25608716080617168,170343502060092328392801008410365572261144,1096074576549459301080929852394037
2024-05-16,1715817600,14514127,0x6c561b446416e1a00e8e93e221854d6ea4171372,ETH/USDC,eth,3000,True,18,6,3031.8145,-196151,4362454349374223495401384,21754878895507566,170792437142946140216733041776405079561955,1098757052888876766293187628710146
2024-05-17,1715904000,14557327,0x6c561b446416e1a00e8e93e221854d6ea4171372,ETH/USDC,eth,3000,True,18,6,2937.2649,-196468,4293892239795643780134887,27615615645392647,171322061618077058238747870837750973062298,1099454129338389223591885674980918
2024-05-18,1715990400,14600527,0x6c561b446416e1a00e8e93e221854d6ea4171372,ETH/USDC,eth,3000,True,18,6,3086.0744,-195974,4401318323725615678902127,26104046868538125,171523094471297980510062400925968642298240,1101459940483263129337278572715744
2024-05-19,1716076800,14643727,0x6c561b446416e1a00e8e93e221854d6ea4171372,ETH/USDC,eth,3000,True,18,6,3117.1433,-195874,4423417852186601675827839,27287315387320266,171772331887554152878553895864572067434076,1102520490685454949801675653292721
2024-05-20,1716163200,14686927,0x6c561b446416e1a00e8e93e221854d6ea4171372,ETH/USDC,eth,3000,True,18,6,3069.5077,-196028,4389488854316049106528735,30162539554990044,172122600664608495277953724111624566263875,1103164890676128727014232141196641
2024-05-21,1716249600,14730127,0x6c561b446416e1a00e8e93e221854d6ea4171372,ETH/USDC,eth,3000,True,18,6,3654.2073,-194284,4789345556312946848118483,3226677738872669,173712190265375063956938387655089073813890,1113652664728461286176941170849965
2024-05-22,1716336000,14773327,0x6c561b446416e1a00e8e93e221854d6ea4171372,ETH/USDC,eth,3000,True,18,6,3788.8343,-193922,4876771274502353455460047,9031216947173720,175643304208668973356646740306789269253343,1119522903808973125666726215051474
2024-05-23,1716422400,14816527,0x6c561b446416e1a00e8e93e221854d6ea4171372,ETH/USDC,eth,3000,True,18,6,3746.4451,-194035,4849414104015440986356701,9005428946695633,176497172399695881746200250433524936107632,1122354171781405771186438930055502
2024-05-24,1716508800,14859727,0x6c561b446416e1a00e8e93e221854d6ea4171372,ETH/USDC,eth,3000,True,18,6,3769.9763,-193972,4864619714956483035660288,4636292032262814,178803545742076408190606149107933817302427,1131313489245023478791485317124046
2024-05-25,1716595200,14902927,0x6c561b446416e1a00e8e93e221854d6ea4171372,ETH/USDC,eth,3000,True,18,6,3733.9121,-194068,4841295938284611809607074,6569354578493156,179535609821501453536739568946302529777565,1133736185106038332139400374110861
2024-05-26,1716681600,14946127,0x6c561b446416e1a00e8e93e221854d6ea4171372,ETH/USDC,eth,3000,True,18,6,3745.3652,-194038,4848715108677445636807895,2548879381944142,179709947242862181536232765698798165074074,1134485424542491434616107449206196
2024-05-27,1716768000,14989327,0x6c561b446416e1a00e8e93e221854d6ea4171372,ETH/USDC,eth,3000,True,18,6,3828.9841,-193817,4902542488757287554511269,2749013743947158,179958428597415083479765574645915160542389,1136134664224487703046091725551491
2024-05-28,1716854400,15032527,0x6c561b446416e1a00e8e93e221854d6ea4171372,ETH/USDC,eth,3000,True,18,6,3890.5449,-193657,4941795839174722097815327,3773609859144642,180432740561786282276245763048903904264075,1138501336607370932342468584466383
2024-05-29,1716940800,15075727,0x6c561b446416e1a00e8e93e221854d6ea4171372,ETH/USDC,eth,3000,True,18,6,3850.0024,-193762,4915979756350171060876805,15195054072148816,180996264096553573513843645845891447046154,1140338961644210318217826781815095
2024-05-30,1717027200,15118927,0x6c561b446416e1a00e8e93e221854d6ea4171372,ETH/USDC,eth,3000,True,18,6,3772.2962,-193966,4866116224010487788341462,2669937085181497,181448085431252358289790231022520560738474,1141411776829602309532070759143174
2024-05-31,1717113600,15162127,0x6c561b446416e1a00e8e93e221854d6ea4171372,ETH/USDC,eth,3000,True,18,6,3743.182,-194043,4847301725004726437326841,4088396561155005,181860034650057652282054327722683940029154,1142718624960216132039401709124668
2024-06-01,1717200000,15205327,0x6c561b446416e1a00e8e93e221854d6ea4171372,ETH/USDC,eth,3000,True,18,6,3757.8939,-194004,4856818148920893736036749,5110495479056612,182226178857318717772898725471954697075333,1144223831964116907597413916847029
2024-06-02,1717286400,15248527,0x6c561b446416e1a00e8e93e221854d6ea4171372,ETH/USDC,eth,3000,True,18,6,3817.909,-193846,4895447204945764351934886,4850715640193587,182261396220124539983659336025540674777148,1144856561303536826714959732109502
2024-06-03,1717372800,15291727,0x6c561b446416e1a00e8e93e221854d6ea4171372,ETH/USDC,eth,3000,True,18,6,3784.2742,-193934,4873835692008032289498608,4262465053044167,182493667274986932923106948877185662904016,1145457776762917372534158271177179
2024-06-04,1717459200,15334927,0x6c561b446416e1a00e8e93e221854d6ea4171372,ETH/USDC,eth,3000,True,18,6,3770.9584,-193970,4865253252052776109173485,4838762422679291,182805398241632479635252828258546828092835,1146531020230642652416863045608417
2024-06-05,1717545600,15378127,0x6c561b446416e1a00e8e93e221854d6ea4171372,ETH/USDC,eth,3000,True,18,6,3810.4957,-193865,4890692118000112645923362,11153892366639792,182994384366542743875040896134509302705054,1147574165740166897413349789525592
2024-06-06,1717632000,15421327,0x6c561b446416e1a00e8e93e221854d6ea4171372,ETH/USDC,eth,3000,True,18,6,3857.9075,-193742,4921024068024891455396641,5421300817307367,183222270088117713845349206699824938190346,1148838959712951464870329566545555
2024-06-07,1717718400,15464527,0x6c561b446416e1a00e8e93e221854d6ea4171372,ETH/USDC,eth,3000,True,18,6,3802.6695,-193886,4885667104509882752282975,24825538791007957,183608757221894181120931484644699660840275,1149863262293243231071262948460012
2024-06-08,1717804800,15507727,0x6c561b446416e1a00e8e93e221854d6ea4171372,ETH/USDC,eth,3000,True,18,6,3683.805,-194203,4808702389685421169605803,21157857288637644,184180546018910088799859342916383654481347,1150997683186932066435649032303056
2024-06-09,1717891200,15550927,0x6c561b446416e1a00e8e93e221854d6ea4171372,ETH/USDC,eth,3000,True,18,6,3681.1139,-194211,4806945624160615746963866,17907255476743163,184260410329585040770553271788854729288488,1151269390746971585814391363251886
2024-06-10,1717977600,15594127,0x6c561b446416e1a00e8e93e221854d6ea4171372,ETH/USDC,eth,3000,True,18,6,3709.5385,-194134,4825468941533544463985143,13573417266438241,184293589809548348380648404608208158683018,1151631248185059596079880468871257
2024-06-11,1718064000,15637327,0x6c561b446416e1a00e8e93e221854d6ea4171372,ETH/USDC,eth,3000,True,18,6,3666.4793,-194251,4797380909494219717800981,8872804680534303,184540447629164427917117852686292220349295,1152177029374500773535928039890385
2024-06-12,1718150400,15680527,0x6c561b446416e1a00e8e93e221854d6ea4171372,ETH/USDC,eth,3000,True,18,6,3498.4466,-194720,4686161009009936977542877,10395687870821302,185464590396099380813600364469392633261550,1154014659773293269312184950871501
2024-06-13,1718236800,15723727,0x6c561b446416e1a00e8e93e221854d6ea4171372,ETH/USDC,eth,3000,True,18,6,3562.3014,-194539,4728734347043040111725494,3800038707602928,186089048657905041192028881835604885757827,1156796472963975753767153995281637
2024-06-14,1718323200,15766927,0x6c561b446416e1a00e8e93e221854d6ea4171372,ETH/USDC,eth,3000,True,18,6,3472.3491,-194795,4668649538778293049731223,15093828726366219,186650411248500429362058800398137513637201,1157984270879877346378984643654551
2024-06-15,1718409600,15810127,0x6c561b446416e1a00e8e93e221854d6ea4171372,ETH/USDC,eth,3000,True,18,6,3476.0831,-194784,4671159088167386937801189,14884918076273767,187189516209717460894831674364226046400193,1159877837923919948203186848932740
2024-06-16,1718496000,15853327,0x6c561b446416e1a00e8e93e221854d6ea4171372,ETH/USDC,eth,3000,True,18,6,3562.5229,-194538,4728881354065438733943748,11808726452540148,187340620564402633683787285358518014575432,1161159704280739935136324885136215
2024-06-17,1718582400,15896527,0x6c561b446416e1a00e8e93e221854d6ea4171372,ETH/USDC,eth,3000,True,18,6,3624.5314,-194366,4769858719729692180063670,160926048331907727,187454383779911100495495914468063974469488,1162096924032272359440679142121631
2024-06-18,1718668800,15939727,0x6c561b446416e1a00e8e93e221854d6ea4171372,ETH/USDC,eth,3000,True,18,6,3512.3159,-194680,4695440776654542174117266,163184785942250622,188134896515535251849178946201285283258966,1163543436121404717716889690348668
2024-06-19,1718755200,15982927,0x6c561b446416e1a00e8e93e221854d6ea4171372,ETH/USDC,eth,3000,True,18,6,3475.4128,-194786,4670708707893280291110858,162997217266858074,189004386562020487341097176587995194121350,1166203935449152067864044716408781
2024-06-20,1718841600,16026127,0x6c561b446416e1a00e8e93e221854d6ea4171372,ETH/USDC,eth,3000,True,18,6,3561.2859,-194542,4728060290443997628333176,159498801138514147,189339678098796757811725908086208650107939,1168133320293843937952715733908929
2024-06-21,1718928000,16069327,0x6c561b446416e1a00e8e93e221854d6ea4171372,ETH/USDC,eth,3000,True,18,6,3519.8671,-194659,4700485517253387319507273,164610316043204734,189821414370127639777951812488634850914184,1169489270259643411919530716370280
2024-06-22,1719014400,16112527,0x6c561b446416e1a00e8e93e221854d6ea4171372,ETH/USDC,eth,3000,True,18,6,3515.2464,-194672,4697399172272074016012079,165632516108063008,190344895562051051763141745648013226337914,1171279202684548060043787722899789
2024-06-23,1719100800,16155727,0x6c561b446416e1a00e8e93e221854d6ea4171372,ETH/USDC,eth,3000,True,18,6,3495.6349,-194728,4684277527667137742367559,164078385137987522,190430471337643806277353394678951253222377,1171409109940680678392884460977802
2024-06-24,1719187200,16198927,0x6c561b446416e1a00e8e93e221854d6ea4171372,ETH/USDC,eth,3000,True,18,6,3421.006,-194944,4634005042197193914336046,163569994967431916,190667461310791633799329312664492501399921,1171579873556568448523210435159385
2024-06-25,1719273600,16242127,0x6c561b446416e1a00e8e93e221854d6ea4171372,ETH/USDC,eth,3000,True,18,6,3350.2997,-195152,4585866540865429475037381,154352414619671371,191832883062668338316005310748222416943465,1174829293321146358736586689487452
2024-06-26,1719360000,16285327,0x6c561b446416e1a00e8e93e221854d6ea4171372,ETH/USDC,eth,3000,True,18,6,3395.6048,-195018,4616769057930278243125926,154587188014627586,192065719297446588938678056620269550639610,1176016527626841424789481519408241
2024-06-27,1719446400,16328527,0x6c561b446416e1a00e8e93e221854d6ea4171372,ETH/USDC,eth,3000,True,18,6,3375.7977,-195077,4603284218466306409502347,154834406326082927,192433226079615533260448893029433051877036,1177083957265907579984605396521318
2024-06-28,1719532800,16371727,0x6c561b446416e1a00e8e93e221854d6ea4171372,ETH/USDC,eth,3000,True,18,6,3447.8193,-194865,4652129882189585036010611,179751548548105753,192532663675192983320303383284854452223107,1178055640397102588482384804904784
2024-06-29,1719619200,16414927,0x6c561b446416e1a00e8e93e221854d6ea4171372,ETH/USDC,eth,3000,True,18,6,3373.1553,-195084,4601482262744186444227111,156469624526275636,192985410150649657135328018318035607834667,1178952896910727857026626774060737
2024-06-30,1719705600,16458127,0x6c561b446416e1a00e8e93e221854d6ea4171372,ETH/USDC,eth,3000,True,18,6,3378.052,-195070,4604820957926843323904495,156533430506302042,193026597468902088618275758755668064391678,1179135489633710425936135993494578
2024-07-01,1719792000,16501327,0x6c561b446416e1a00e8e93e221854d6ea4171372,ETH/USDC,eth,3000,True,18,6,3442.5479,-194881,4648572187812851069414693,182641884740973801,193088449561842113548519380620253597993393,1179909839912376778697424633466848
2024-07-02,1719878400,16544527,0x6c561b446416e1a00e8e93e221854d6ea4171372,ETH/USDC,eth,3000,True,18,6,3433.5252,-194907,4642476400412881932322324,182774241877277741,193353848562487280068117329236344452000603,1180751618383686735252183800424188
2024-07-03,1719964800,16587727,0x6c561b446416e1a00e8e93e221854d6ea4171372,ETH/USDC,eth,3000,True,18,6,3418.8061,-194950,4632514837090027498248040,159319215485270975,193490262498435864997212624197892952492583,1181090602375409753961187028777310
2024-07-04,1720051200,16630927,0x6c561b446416e1a00e8e93e221854d6ea4171372,ETH/USDC,eth,3000,True,18,6,3291.1376,-195331,4545195888248974063774086,154986877996349990,194157468056632384852882419965838885243156,1182180012832836677217199217802738
2024-07-05,1720137600,16674127,0x6c561b446416e1a00e8e93e221854d6ea4171372,ETH/USDC,eth,3000,True,18,6,3057.9029,-196066,4381183331988756857589586,176463591135695523,195613270754657490822871301331083342467574,1184669169734508827230489228274996
2024-07-06,1720224000,16717327,0x6c561b446416e1a00e8e93e221854d6ea4171372,ETH/USDC,eth,3000,True,18,6,2984.0138,-196310,4327927716374985325578225,8743894050748766,198743933963767578947837158736430777777903,1193178714313166503074675022603385
2024-07-07,1720310400,16760527,0x6c561b446416e1a00e8e93e221854d6ea4171372,ETH/USDC,eth,3000,True,18,6,3069.8656,-196027,4389744708764220430280456,154937106672717399,199068092988652918648876938421963737917353,1194949420894517949511803045362747
2024-07-08,1720396800,16803727,0x6c561b446416e1a00e8e93e221854d6ea4171372,ETH/USDC,eth,3000,True,18,6,2931.4086,-196488,4289609506722869856058493,9277751674912247,199852946545477502282540678850486986554213,1196006885112865907040008064598702
2024-07-09,1720483200,16846927,0x6c561b446416e1a00e8e93e221854d6ea4171372,ETH/USDC,eth,3000,True,18,6,3024.3989,-196176,4357115995966818182223048,156077114030301587,201634016959098060806412856284662308759784,1202148381450793177008076661041226
2024-07-10,1720569600,16890127,0x6c561b446416e1a00e8e93e221854d6ea4171372,ETH/USDC,eth,3000,True,18,6,3065.6509,-196040,4386730250835295784281670,157931292892068974,202343018549662409645879296914793613774839,1204703919234984821439462665673766
2024-07-11,1720656000,16933327,0x6c561b446416e1a00e8e93e221854d6ea4171372,ETH/USDC,eth,3000,True,18,6,3097.9066,-195936,4409747713739993309804972,157957342871901698,202855255032570349622744053182589589234517,1206587707153374872819072099831822
2024-07-12,1720742400,16976527,0x6c561b446416e1a00e8e93e221854d6ea4171372,ETH/USDC,eth,3000,True,18,6,3095.7055,-195943,4408180843450930000451969,159237112797842809,203593795548564943104501861244998538353245,1208882773865633812182690730573413
2024-07-13,1720828800,17019727,0x6c561b446416e1a00e8e93e221854d6ea4171372,ETH/USDC,eth,3000,True,18,6,3126.6095,-195843,4430129300939594020453355,160528763810241366,204120273407245809701247947427558931937456,1210796325145795559554801106485522
2024-07-14,1720915200,17062927,0x6c561b446416e1a00e8e93e221854d6ea4171372,ETH/USDC,eth,3000,True,18,6,3183.1586,-195664,4470012314778421440924827,162506887139376655,204208927543708723829951187382833296858215,1211591877587961060678269866267773
2024-07-15,1721001600,17106127,0x6c561b446416e1a00e8e93e221854d6ea4171372,ETH/USDC,eth,3000,True,18,6,3250.1483,-195456,4516803221882130650014126,160717729200197464,204381609758186781407720238927273352584616,1212750442555808125286374850000298
2024-07-16,1721088000,17149327,0x6c561b446416e1a00e8e93e221854d6ea4171372,ETH/USDC,eth,3000,True,18,6,3483.9279,-194761,4676427028804815732142682,170913055234976699,204681644922597961462625821861223902447523,1215824580628119435298475444204854
2024-07-17,1721174400,17192527,0x6c561b446416e1a00e8e93e221854d6ea4171372,ETH/USDC,eth,3000,True,18,6,3449.5919,-194860,4653325585758800676383814,171353631230050835,205420722853483175087898499085565247008024,1218063404407827047509245500450590
2024-07-18,1721260800,17235727,0x6c561b446416e1a00e8e93e221854d6ea4171372,ETH/USDC,eth,3000,True,18,6,3396.1631,-195016,4617148608608936137795280,170463332481573711,205952571677556258347479946034282722140415,1219430631889249365409886087723849
2024-07-19,1721347200,17278927,0x6c561b446416e1a00e8e93e221854d6ea4171372,ETH/USDC,eth,3000,True,18,6,3426.2332,-194928,4637544025502775967100751,171592483562763922,206338879521213932195517983443631255246591,1221017083323927670795338093768457
2024-07-20,1721433600,17322127,0x6c561b446416e1a00e8e93e221854d6ea4171372,ETH/USDC,eth,3000,True,18,6,3511.2903,-194683,4694755234976982440268312,173217578636964530,206696791030972280982755150607418050014412,1222987114779644666722997611678922
2024-07-21,1721520000,17365327,0x6c561b446416e1a00e8e93e221854d6ea4171372,ETH/USDC,eth,3000,True,18,6,3514.1127,-194675,4696641640070667288677448,162308770322970248,206818794664320453215645372872424150566783,1223439494734537366003095041823432
2024-07-22,1721606400,17408527,0x6c561b446416e1a00e8e93e221854d6ea4171372,ETH/USDC,eth,3000,True,18,6,3533.5631,-194620,4709621535004482995153586,158842026801977251,207198604646531349088396782108466943983882,1224930073683396659701061759722921
2024-07-23,1721692800,17451727,0x6c561b446416e1a00e8e93e221854d6ea4171372,ETH/USDC,eth,3000,True,18,6,3437.0371,-194897,4644849978234714593229711,162957606796485000,207678903833404864035839312116559633021292,1225767025834433320620349383488590
2024-07-24,1721779200,17494927,0x6c561b446416e1a00e8e93e221854d6ea4171372,ETH/USDC,eth,3000,True,18,6,3482.256,-194766,4675304819768913017355236,163699330337164383,208490019743978463563915862510499886713808,1228974175102931952903625490238283
2024-07-25,1721865600,17538127,0x6c561b446416e1a00e8e93e221854d6ea4171372,ETH/USDC,eth,3000,True,18,6,3328.619,-195217,4571004276707551268777061,160995923364005218,209151661472035506138192554515802956441739,1229874650150489384895487976322449
2024-07-26,1721952000,17581327,0x6c561b446416e1a00e8e93e221854d6ea4171372,ETH/USDC,eth,3000,True,18,6,3172.1746,-195699,4462293405350344866752677,162775271946030126,210705878174554718373055327011872322108360,1233423596642297047413161616157227
2024-07-27,1722038400,17624527,0x6c561b446416e1a00e8e93e221854d6ea4171372,ETH/USDC,eth,3000,True,18,6,3275.1185,-195379,4534120886003359792923443,162392751535535757,211210444682498227850010419132156910330584,1235987773424817690956635638691691
2024-07-28,1722124800,17667727,0x6c561b446416e1a00e8e93e221854d6ea4171372,ETH/USDC,eth,3000,True,18,6,3256.5174,-195436,4521226722035879539284866,163645903029935756,211809931884027071271505030188480433575613,1237775298858017172161858302096904
2024-07-29,1722211200,17710927,0x6c561b446416e1a00e8e93e221854d6ea4171372,ETH/USDC,eth,3000,True,18,6,3263.7744,-195414,4526261573901169566210002,174629845676132468,212037482685163304384132649377020220463039,1238578287837824370367838712123157
2024-07-30,1722297600,17754127,0x6c561b446416e1a00e8e93e221854d6ea4171372,ETH/USDC,eth,3000,True,18,6,3318.37,-195248,4563961635745461924308873,166250467060780363,212567623147372071370551964216552789158159,1240829515438719934661731390658478
2024-07-31,1722384000,17797327,0x6c561b446416e1a00e8e93e221854d6ea4171372,ETH/USDC,eth,3000,True,18,6,3275.1364,-195379,4534133246053313496011589,171299437937845929,213143075197444697496223190746777795527883,1242345279379316073903069899415666
2024-08-01,1722470400,17840527,0x6c561b446416e1a00e8e93e221854d6ea4171372,ETH/USDC,eth,3000,True,18,6,3233.66,-195507,4505331626917912550110886,164410180661896735,213710100377592116457867703336525464587647,1243833959225941655632592533196585
2024-08-02,1722556800,17883727,0x6c561b446416e1a00e8e93e221854d6ea4171372,ETH/USDC,eth,3000,True,18,6,3205.9487,-195593,4485985530002106887455331,166510870475025136,214585362969282090256322591878236724132994,1246344094582359191555632733719601
2024-08-03,1722643200,17926927,0x6c561b446416e1a00e8e93e221854d6ea4171372,ETH/USDC,eth,3000,True,18,6,2985.4865,-196305,4328995527208266398469377,6691662640060718,216261840534354332938254006735353295314152,1249461051383360688873607907512537
2024-08-04,1722729600,17970127,0x6c561b446416e1a00e8e93e221854d6ea4171372,ETH/USDC,eth,3000,True,18,6,2906.0276,-196575,4270998797464400812683874,5362985760425543,218334617672942403159168182437190700753068,1254782355575250141576708058667021
2024-08-05,1722816000,18013327,0x6c561b446416e1a00e8e93e221854d6ea4171372,ETH/USDC,eth,3000,True,18,6,2689.2483,-197350,4108611063786102162539227,2427083489571529,221280195447041637932915840244539376128941,1260856053004887268573796634544652
2024-08-06,1722902400,18056527,0x6c561b446416e1a00e8e93e221854d6ea4171372,ETH/USDC,eth,3000,True,18,6,2420.3718,-198404,3897809612331720482897798,6217260326787163,250141102186519342513349142082603088178002,1325336964197281593494004271411719
2024-08-07,1722988800,18099727,0x6c561b446416e1a00e8e93e221854d6ea4171372,ETH/USDC,eth,3000,True,18,6,2458.0597,-198249,3928039051223970665763553,6803683277980281,253810770171435391816007761620306734024999,1334895391672371140293706062470315
2024-08-08,1723075200,18142927,0x6c561b446416e1a00e8e93e221854d6ea4171372,ETH/USDC,eth,3000,True,18,6,2341.015,-198737,3833378323179608090756027,9667588640091396,257270905824336326204293171781864402665931,1342052768619195770850588967050726
2024-08-09,1723161600,18186127,0x6c561b446416e1a00e8e93e221854d6ea4171372,ETH/USDC,eth,3000,True,18,6,2677.2868,-197395,4099463549115262254253431,7316973063530839,260227272310360236796176320775669063736957,1352932826938834429328620330558541
2024-08-10,1723248000,18229327,0x6c561b446416e1a00e8e93e221854d6ea4171372,ETH/USDC,eth,3000,True,18,6,2594.9846,-197707,4035961156033587923381204,11802491205692391,262332705235529149420206949093573383875668,1357638980987939252671110261488803
2024-08-11,1723334400,18272527,0x6c561b446416e1a00e8e93e221854d6ea4171372,ETH/USDC,eth,3000,True,18,6,2607.5204,-197659,4045697807735753846856604,13466672884631559,263282926673292440809927119975307786992123,1360247613992008166691437132457680
2024-08-12,1723420800,18315727,0x6c561b446416e1a00e8e93e221854d6ea4171372,ETH/USDC,eth,3000,True,18,6,2559.7178,-197844,4008442203239643519308481,9479887994472728,265048653129721218732171353235715975935104,1364381775634356007038923889714533
2024-08-13,1723507200,18358927,0x6c561b446416e1a00e8e93e221854d6ea4171372,ETH/USDC,eth,3000,True,18,6,2730.6463,-197198,4140114094858188667235901,11584036228315827,267864643317909226830636812776632839314407,1373462578163985873180952178990682
2024-08-14,1723593600,18402127,0x6c561b446416e1a00e8e93e221854d6ea4171372,ETH/USDC,eth,3000,True,18,6,2705.0161,-197292,4120638466508279595191554,26081895854634466,269613677703240907527158711539203415773651,1377894830984803515620641752711723
2024-08-15,1723680000,18445327,0x6c561b446416e1a00e8e93e221854d6ea4171372,ETH/USDC,eth,3000,True,18,6,2661.4116,-197454,4087291438653944773388372,26553193859150137,271223400340768470120934768065394677187664,1381800592602582873084083540646265
2024-08-16,1723766400,18488527,0x6c561b446416e1a00e8e93e221854d6ea4171372,ETH/USDC,eth,3000,True,18,6,2574.4235,-197787,4019940090619142852697694,19672760320439695,272719190225379024230239204816894562200105,1384819628422455543841918517679948
2024-08-17,1723852800,18531727,0x6c561b446416e1a00e8e93e221854d6ea4171372,ETH/USDC,eth,3000,True,18,6,2588.9587,-197730,4031272360804525697234904,28232178486876171,273844417385944134441097152302660172824449,1387878960213198953966281283764701
2024-08-18,1723939200,18574927,0x6c561b446416e1a00e8e93e221854d6ea4171372,ETH/USDC,eth,3000,True,18,6,2607.1455,-197660,4045407000420299148504946,15415513014485318,274051517123268051125148161866708966163552,1388601647253222576184430713021587
2024-08-19,1724025600,18618127,0x6c561b446416e1a00e8e93e221854d6ea4171372,ETH/USDC,eth,3000,True,18,6,2615.294,-197629,4051723868939263357097825,14679608435161687,274522176897017234627248784836515124773414,1389926417917470285827822358619384
2024-08-20,1724112000,18661327,0x6c561b446416e1a00e8e93e221854d6ea4171372,ETH/USDC,eth,3000,True,18,6,2635.0509,-197554,4066999233857137123825751,25925022672652747,275161232676577835930233821564807102609786,1391785466840530348855486172895863
2024-08-21,1724198400,18704527,0x6c561b446416e1a00e8e93e221854d6ea4171372,ETH/USDC,eth,3000,True,18,6,2573.0655,-197792,4018879673806706902831613,19890283172121363,276202343868578559044334761475864001407143,1393888690207065549624237504152263
2024-08-22,1724284800,18747727,0x6c561b446416e1a00e8e93e221854d6ea4171372,ETH/USDC,eth,3000,True,18,6,2627.667,-197582,4061296934729320625924389,23943974389143248,276863617004212822218118882540993462998616,1396155197073842237243471270744653
2024-08-23,1724371200,18790927,0x6c561b446416e1a00e8e93e221854d6ea4171372,ETH/USDC,eth,3000,True,18,6,2619.2664,-197614,4054799840618322150037809,18137184531948705,277342569336302590535874144257137082582198,1397327404149897092190975387020684
2024-08-24,1724457600,18834127,0x6c561b446416e1a00e8e93e221854d6ea4171372,ETH/USDC,eth,3000,True,18,6,2761.0279,-197087,4163082151186267791829323,19731904753023498,278236526610877482139191218495043546187314,1401144470131227879172670719931804
2024-08-25,1724544000,18877327,0x6c561b446416e1a00e8e93e221854d6ea4171372,ETH/USDC,eth,3000,True,18,6,2762.5293,-197082,4164213876773633297823515,40308525755723924,278802041519624983419188204282970146257718,1402728385717231073896207048800105
2024-08-26,1724630400,18920527,0x6c561b446416e1a00e8e93e221854d6ea4171372,ETH/USDC,eth,3000,True,18,6,2750.129,-197127,4154857329343752151491594,58239158692517572,279199257914946074165156538394455274703745,1403704281681100495672495469915062
2024-08-27,1724716800,18963727,0x6c561b446416e1a00e8e93e221854d6ea4171372,ETH/USDC,eth,3000,True,18,6,2684.9615,-197366,4105335100635983955293937,21220055452854944,279986505657974529986146839051423894011437,1405202278589056673548802265386547
2024-08-28,1724803200,19006927,0x6c561b446416e1a00e8e93e221854d6ea4171372,ETH/USDC,eth,3000,True,18,6,2459.7945,-198242,3929424945784198218344074,11738162455841049,281930348009908069087890484161207813151570,1407861672178888975814819143116834
2024-08-29,1724889600,19050127,0x6c561b446416e1a00e8e93e221854d6ea4171372,ETH/USDC,eth,3000,True,18,6,2529.7155,-197962,3984881650748296578238974,22647992609917397,283629039432320612390682970457438010664682,1412801420873018558496779549676360
2024-08-30,1724976000,19093327,0x6c561b446416e1a00e8e93e221854d6ea4171372,ETH/USDC,eth,3000,True,18,6,2523.8018,-197985,3980221217651415369744224,26765930696395656,284188743705909713436905509877320747120881,1414167404684524810060068887408638
2024-08-31,1725062400,19136527,0x6c561b446416e1a00e8e93e221854d6ea4171372,ETH/USDC,eth,3000,True,18,6,2522.7636,-197990,3979402468177942929144673,26285094033287301,285146786814485060363983044767036337558624,1416546446537025541998947350515688
2024-09-01,1725148800,19179727,0x6c561b446416e1a00e8e93e221854d6ea4171372,ETH/USDC,eth,3000,True,18,6,2518.8129,-198005,3976285332124736983861199,25891793027519108,285374252568360879852872507337893806713937,1417076061048929481115873607421520
2024-09-02,1725235200,19222927,0x6c561b446416e1a00e8e93e221854d6ea4171372,ETH/USDC,eth,3000,True,18,6,2425.9797,-198381,3902322542724653111205465,8851786643339348,286564589420786797334354467135630718600856,1419059726704422404515292595112335
2024-09-03,1725321600,19266127,0x6c561b446416e1a00e8e93e221854d6ea4171372,ETH/USDC,eth,3000,True,18,6,2541.5756,-197915,3994211920840342159304579,26671637890984036,287017385012583023463300240655344888045637,1421371280514475143019355057035642
2024-09-04,1725408000,19309327,0x6c561b446416e1a00e8e93e221854d6ea4171372,ETH/USDC,eth,3000,True,18,6,2421.6628,-198399,3898849054663259097616947,11340351072977295,288187638244866247745196774107557806801654,1423028073424785112388210348342615
2024-09-05,1725494400,19352527,0x6c561b446416e1a00e8e93e221854d6ea4171372,ETH/USDC,eth,3000,True,18,6,2450.3495,-198281,3921873702160481093777655,68211675589445819,289317793726257894670031661306528987505062,1426037312511834266924104373691935
2024-09-06,1725580800,19395727,0x6c561b446416e1a00e8e93e221854d6ea4171372,ETH/USDC,eth,3000,True,18,6,2366.6346,-198628,3854297062307434164387840,29026581780812330,290480854365938807013148531651854491726670,1427955696948891449367733872788182
2024-09-07,1725667200,19438927,0x6c561b446416e1a00e8e93e221854d6ea4171372,ETH/USDC,eth,3000,True,18,6,2218.3867,-199275,3731626850152011274614564,26008640824558236,293278883673392561871785475659788749835844,1432772743068687892064013916479170
2024-09-08,1725753600,19482127,0x6c561b446416e1a00e8e93e221854d6ea4171372,ETH/USDC,eth,3000,True,18,6,2268.7152,-199051,3773719099905606882967248,28149661753106272,293718581424402394952384930019805962663523,1434316554666491687857992385542128
2024-09-09,1725840000,19525327,0x6c561b446416e1a00e8e93e221854d6ea4171372,ETH/USDC,eth,3000,True,18,6,2300.0824,-198914,3799717241891213022209350,27892676451680576,294195088946880141685110155440917184938855,1435742417392118980757142961690961
2024-09-10,1725926400,19568527,0x6c561b446416e1a00e8e93e221854d6ea4171372,ETH/USDC,eth,3000,True,18,6,2358.8198,-198661,3847928260530838508208832,16124232681859600,295074540431062201526115850669216684768118,1438406007985603835612030833129121
2024-09-11,1726012800,19611727,0x6c561b446416e1a00e8e93e221854d6ea4171372,ETH/USDC,eth,3000,True,18,6,2393.8977,-198514,3876433855337691207930747,12436504867337803,295658810603678431838669001915369079074246,1440150569843722668623952262707510
2024-09-12,1726099200,19654927,0x6c561b446416e1a00e8e93e221854d6ea4171372,ETH/USDC,eth,3000,True,18,6,2341.0816,-198737,3833432831813996758683614,33835051630311688,296721156455858124230000548022336633788425,1442078341249228308989850847654576
2024-09-13,1726185600,19698127,0x6c561b446416e1a00e8e93e221854d6ea4171372,ETH/USDC,eth,3000,True,18,6,2364.8791,-198636,3852867303208783332714988,34062294902987670,297207236858913460213674912736037410763862,1443472983781725891994290778873352
2024-09-14,1726272000,19741327,0x6c561b446416e1a00e8e93e221854d6ea4171372,ETH/USDC,eth,3000,True,18,6,2447.7024,-198292,3919754700939704006363839,18863036664665214,297601394177990164026254447845458874758519,1445276944764809210459658870855852
2024-09-15,1726358400,19784527,0x6c561b446416e1a00e8e93e221854d6ea4171372,ETH/USDC,eth,3000,True,18,6,2415.2318,-198425,3893668633185392870690234,26666603690570779,297858957750131010014420807669438678960061,1445563001125663825235812003845257
2024-09-16,1726444800,19827727,0x6c561b446416e1a00e8e93e221854d6ea4171372,ETH/USDC,eth,3000,True,18,6,2318.6178,-198833,3814996717601848154076592,13747286677933617,298524609266976706628587987412711622121453,1446118847043045884764344914131875
2024-09-17,1726531200,19870927,0x6c561b446416e1a00e8e93e221854d6ea4171372,ETH/USDC,eth,3000,True,18,6,2294.6545,-198937,3795231169273182580010601,10478535762025395,299499799520396742218991156846448747409865,1448097506779352022824098093447826
2024-09-18,1726617600,19914127,0x6c561b446416e1a00e8e93e221854d6ea4171372,ETH/USDC,eth,3000,True,18,6,2337.2279,-198753,3830276367266932115234336,24940625573850995,300285823730763690094389999790038283351819,1450383253075887576816139841595520
2024-09-19,1726704000,19957327,0x6c561b446416e1a00e8e93e221854d6ea4171372,ETH/USDC,eth,3000,True,18,6,2367.9095,-198623,3855335133160318660459073,28636709470284759,301435154221661282148265899770013153780841,1453371089265031503072159780713287
2024-09-20,1726790400,20000527,0x6c561b446416e1a00e8e93e221854d6ea4171372,ETH/USDC,eth,3000,True,18,6,2470.4805,-198199,3937950945178466067820393,27901757465063856,302032008733712270438117978521234137872746,1455897188217945677466428861431415
2024-09-21,1726876800,20043727,0x6c561b446416e1a00e8e93e221854d6ea4171372,ETH/USDC,eth,3000,True,18,6,2555.0662,-197862,4004798451377156422392737,15273348808850521,302649732668640059852128050418551347425042,1458322563635546094851266487694030
2024-09-22,1726963200,20086927,0x6c561b446416e1a00e8e93e221854d6ea4171372,ETH/USDC,eth,3000,True,18,6,2614.7387,-197631,4051293756326236335483158,23046525374263153,302910468529191071851638684915169788620037,1459590849368781050786574800467938
2024-09-23,1727049600,20130127,0x6c561b446416e1a00e8e93e221854d6ea4171372,ETH/USDC,eth,3000,True,18,6,2582.2157,-197757,4026019220917631814373950,23266274001832587,303586286243028617644578578758294260720549,1461005257560313273803105909624691
2024-09-24,1727136000,20173327,0x6c561b446416e1a00e8e93e221854d6ea4171372,ETH/USDC,eth,3000,True,18,6,2649.0574,-197501,4077793902715487267722109,28548159397479471,304384850907628474702881831652227235047063,1463784613744599182659224867290176
2024-09-25,1727222400,20216527,0x6c561b446416e1a00e8e93e221854d6ea4171372,ETH/USDC,eth,3000,True,18,6,2660.2289,-197459,4086383137135814141938976,29615741114606468,304989032393056385744113663087773958891041,1465483923260741672694351647623433
2024-09-26,1727308800,20259727,0x6c561b446416e1a00e8e93e221854d6ea4171372,ETH/USDC,eth,3000,True,18,6,2574.3715,-197787,4019899461208545931806884,28847589106424932,305631760279750931844522798996418075222764,1466302348776112546946333160508197
2024-09-27,1727395200,20302927,0x6c561b446416e1a00e8e93e221854d6ea4171372,ETH/USDC,eth,3000,True,18,6,2628.097,-197580,4061629282439857721727564,31014935624342023,306603278329464208712554391982600390669458,1469392808117176456475501017820279
2024-09-28,1727481600,20346127,0x6c561b446416e1a00e8e93e221854d6ea4171372,ETH/USDC,eth,3000,True,18,6,2700.9231,-197307,4117519778043555532838005,30830645512835366,306932681116500133458672185473520016893277,1470995336827003415271730031065107
2024-09-29,1727568000,20389327,0x6c561b446416e1a00e8e93e221854d6ea4171372,ETH/USDC,eth,3000,True,18,6,2672.4136,-197413,4095730986105897740735557,37586352940741786,307194775801769905390531242855766529111693,1471414972403107750347526615774407
2024-09-30,1727654400,20432527,0x6c561b446416e1a00e8e93e221854d6ea4171372,ETH/USDC,eth,3000,True,18,6,2656.6337,-197472,4083620953331267723383854,36792016554944254,307426604411763807912674474792425305332387,1471874861769609641812702120210385
2024-10-01,1727740800,20475727,0x6c561b446416e1a00e8e93e221854d6ea4171372,ETH/USDC,eth,3000,True,18,6,2596.1465,-197703,4036864557769488039611866,44166008576861344,308537028234134374264024370342861616201920,1474167942275029629348697925462195
2024-10-02,1727827200,20518927,0x6c561b446416e1a00e8e93e221854d6ea4171372,ETH/USDC,eth,3000,True,18,6,2447.9789,-198290,3919976125241194997530651,24360445997241671,310726726825283426940728322899518034509438,1478149048137469656983593373446685
2024-10-03,1727913600,20562127,0x6c561b446416e1a00e8e93e221854d6ea4171372,ETH/USDC,eth,3000,True,18,6,2367.1885,-198626,3854748154300030217367064,47089420799667653,312426680414563732538586829541077061198068,1481442320009771821479295567628028
2024-10-04,1728000000,20605327,0x6c561b446416e1a00e8e93e221854d6ea4171372,ETH/USDC,eth,3000,True,18,6,2350.3642,-198697,3841025241017221499350800,17507729669647603,313495718233712802843174518838944299183184,1483776015592030106492977252691936
2024-10-05,1728086400,20648527,0x6c561b446416e1a00e8e93e221854d6ea4171372,ETH/USDC,eth,3000,True,18,6,2419.7666,-198406,3897322269197749696243040,171832547039557474,313955346396542252567478397164624466303415,1485601371804660000096691212023744
2024-10-06,1728172800,20691727,0x6c561b446416e1a00e8e93e221854d6ea4171372,ETH/USDC,eth,3000,True,18,6,2412.0982,-198438,3891141955176749481467564,170584975242744335,314189241110291039801195476883560982133334,1486084724158813709143633774197234
2024-10-07,1728259200,20734927,0x6c561b446416e1a00e8e93e221854d6ea4171372,ETH/USDC,eth,3000,True,18,6,2439.3388,-198326,3913052245851709391846519,171126975772091283,314326815402013438936769363815003988661306,1486702987087828269441669366516564
2024-10-08,1728345600,20778127,0x6c561b446416e1a00e8e93e221854d6ea4171372,ETH/USDC,eth,3000,True,18,6,2426.4028,-198379,3902662802865672602424828,171061805269422628,315117290792869178590532346587391447243370,1488516101918952910955314673889198
2024-10-09,1728432000,20821327,0x6c561b446416e1a00e8e93e221854d6ea4171372,ETH/USDC,eth,3000,True,18,6,2440.4141,-198321,3913914607401532933854473,175040712320551268,315664546378381255078109049234556744245209,1489992347959901717189850141024931
2024-10-10,1728518400,20864527,0x6c561b446416e1a00e8e93e221854d6ea4171372,ETH/USDC,eth,3000,True,18,6,2369.996,-198614,3857033347410963327644230,16930357171505286,316330494527071060771011173102182495022272,1490868112878963127745499629580481
2024-10-11,1728604800,20907727,0x6c561b446416e1a00e8e93e221854d6ea4171372,ETH/USDC,eth,3000,True,18,6,2377.7223,-198582,3863315238374611013901767,16816594621928537,316953259925038459275970122114509530758783,1492430681447011928245612157877236
2024-10-12,1728691200,20950927,0x6c561b446416e1a00e8e93e221854d6ea4171372,ETH/USDC,eth,3000,True,18,6,2440.6633,-198320,3914114400796630384312500,174460124331556707,317111418344366285853912618323476058617189,1493473392326286488618150164880977
2024-10-13,1728777600,20994127,0x6c561b446416e1a00e8e93e221854d6ea4171372,ETH/USDC,eth,3000,True,18,6,2481.9084,-198153,3947048454433626451256275,261153591030532846,317173200062620928555103014173326241172194,1494051175974813115786965555896541
2024-10-14,1728864000,21037327,0x6c561b446416e1a00e8e93e221854d6ea4171372,ETH/USDC,eth,3000,True,18,6,2467.1684,-198212,3935310293789820819174963,176003446571385454,317397649885871197754420898382878059417757,1494452087832609322970116526087220
2024-10-15,1728950400,21080527,0x6c561b446416e1a00e8e93e221854d6ea4171372,ETH/USDC,eth,3000,True,18,6,2633.7109,-197559,4065965008570845411568433,212633042584649652,317758074418967778142518855756829342917289,1497058209785996521712527821086881
2024-10-16,1729036800,21123727,0x6c561b446416e1a00e8e93e221854d6ea4171372,ETH/USDC,eth,3000,True,18,6,2599.9584,-197688,4039827146701514312685154,179354294983939447,318826845156065227769967686415286752534136,1499502571253663184754250955942758
2024-10-17,1729123200,21166927,0x6c561b446416e1a00e8e93e221854d6ea4171372,ETH/USDC,eth,3000,True,18,6,2617.0936,-197622,4053117663706935374112891,298895498886470463,319266233681603082983051156027419291118221,1500824896378570944664208672627195
2024-10-18,1729209600,21210127,0x6c561b446416e1a00e8e93e221854d6ea4171372,ETH/USDC,eth,3000,True,18,6,2606.4404,-197663,4044859863037022311504433,182414555877705986,319711671034612830554177592919440698962007,1501881304202975419281051682652554
2024-10-19,1729296000,21253327,0x6c561b446416e1a00e8e93e221854d6ea4171372,ETH/USDC,eth,3000,True,18,6,2642.1041,-197527,4072438643686796876737542,226300093926168095,320090536910002081326488200460656482771969,1503237202714727034546314917710272
2024-10-20,1729382400,21296527,0x6c561b446416e1a00e8e93e221854d6ea4171372,ETH/USDC,eth,3000,True,18,6,2647.1893,-197508,4076355799913936724891771,228011267907775647,320160476480605329661609511430746561427206,1503472886959718331569249462336711
2024-10-21,1729468800,21339727,0x6c561b446416e1a00e8e93e221854d6ea4171372,ETH/USDC,eth,3000,True,18,6,2749.0595,-197130,4154049381751626804066940,213809544772442495,320333278533207582030146128208583290331870,1504943437707706655774126921145296
2024-10-22,1729555200,21382927,0x6c561b446416e1a00e8e93e221854d6ea4171372,ETH/USDC,eth,3000,True,18,6,2672.8971,-197411,4096101474200253880955347,295550813169911093,320795314353524355747149174727975377336013,1505444209095357972847076227435478
2024-10-23,1729641600,21426127,0x6c561b446416e1a00e8e93e221854d6ea4171372,ETH/USDC,eth,3000,True,18,6,2625.1286,-197592,4059334846670485573993074,187558894546325337,321357698166965251409150411996699510459582,1506451666689193409531820606357376
2024-10-24,1729728000,21469327,0x6c561b446416e1a00e8e93e221854d6ea4171372,ETH/USDC,eth,3000,True,18,6,2518.9971,-198004,3976430725810032187165507,241886541312809984,322213140633763045900249380440709644110611,1507558198046988707173709338230330
2024-10-25,1729814400,21512527,0x6c561b446416e1a00e8e93e221854d6ea4171372,ETH/USDC,eth,3000,True,18,6,2535.7456,-197938,3989628172608086999328559,281146233945735231,322606973790452222097274840677552156484464,1508726453320750173322020912957079
2024-10-26,1729900800,21555727,0x6c561b446416e1a00e8e93e221854d6ea4171372,ETH/USDC,eth,3000,True,18,6,2433.4068,-198350,3908291447047811130427185,244009925476380834,324084931013863503628840706252925921957322,1511345413141279127066130416084694
2024-10-27,1729987200,21598927,0x6c561b446416e1a00e8e93e221854d6ea4171372,ETH/USDC,eth,3000,True,18,6,2486.5687,-198134,3950752430348165351958699,288750012642435304,324317449741471738311435361730623941418813,1512467120489544963475247812700328
2024-10-28,1730073600,21642127,0x6c561b446416e1a00e8e93e221854d6ea4171372,ETH/USDC,eth,3000,True,18,6,2511.6405,-198034,3970619988423858842853775,276651080942638328,324519635739300716893055233582039164738219,1513226686512086262423143342646872
2024-10-29,1730160000,21685327,0x6c561b446416e1a00e8e93e221854d6ea4171372,ETH/USDC,eth,3000,True,18,6,2568.9828,-197808,4015690000677527755514544,262955011469799835,325126300397212150414086402782555427421629,1515332286136483458106525197634592
2024-10-30,1730246400,21728527,0x6c561b446416e1a00e8e93e221854d6ea4171372,ETH/USDC,eth,3000,True,18,6,2638.619,-197540,4069751820221697726152395,222974132239619594,325563899524075380552250791507843601045008,1517184735346626404032634424906271
2024-10-31,1730332800,21771727,0x6c561b446416e1a00e8e93e221854d6ea4171372,ETH/USDC,eth,3000,True,18,6,2661.2918,-197455,4087199470706320052136830,320161799890587552,326287205504798238636379013169022504356966,1519338436423304813019011567465406
2024-11-01,1730419200,21814927,0x6c561b446416e1a00e8e93e221854d6ea4171372,ETH/USDC,eth,3000,True,18,6,2519.1655,-198004,3976563646168943069779197,220966375755056577,327232956782801270623209198375928009740953,1520348614445538811976980845021390
2024-11-02,1730505600,21858127,0x6c561b446416e1a00e8e93e221854d6ea4171372,ETH/USDC,eth,3000,True,18,6,2508.3644,-198047,3968029514481884717125177,228092879096794737,328204711464536633244272128511195675593166,1522682893695913787850294237595879
2024-11-03,1730592000,21901327,0x6c561b446416e1a00e8e93e221854d6ea4171372,ETH/USDC,eth,3000,True,18,6,2488.8219,-198125,3952542028897218770807712,184489410542491672,328398037387472381227658822774806972137694,1522965010465887609537450409028607
2024-11-04,1730678400,21944527,0x6c561b446416e1a00e8e93e221854d6ea4171372,ETH/USDC,eth,3000,True,18,6,2453.7543,-198267,3924597506411817937941802,334646442471528212,329136872407667597986503156786364452035503,1524410999189020167291015872567597
2024-11-05,1730764800,21987727,0x6c561b446416e1a00e8e93e221854d6ea4171372,ETH/USDC,eth,3000,True,18,6,2398.0586,-198496,3879801217739075978011324,51033797626569613,329985306428004813924683380887079545720942,1525892611124561687033533503764004
2024-11-06,1730851200,22030927,0x6c561b446416e1a00e8e93e221854d6ea4171372,ETH/USDC,eth,3000,True,18,6,2427.5298,-198374,3903569038221622385970977,218310470681113642,330591060931950597960469207864440411747932,1527675620941361029369601775696217
2024-11-07,1730937600,22074127,0x6c561b446416e1a00e8e93e221854d6ea4171372,ETH/USDC,eth,3000,True,18,6,2722.166,-197229,4133680310698777190357000,221035989931214479,331921382515311106235058862453371849381869,1534116633966279755105453958280495
2024-11-08,1731024000,22117327,0x6c561b446416e1a00e8e93e221854d6ea4171372,ETH/USDC,eth,3000,True,18,6,2896.0642,-196609,4263670901204307277224981,186898570828562613,333094766066343964158135858526129631149757,1539126626349196317704243155309575
2024-11-09,1731110400,22160527,0x6c561b446416e1a00e8e93e221854d6ea4171372,ETH/USDC,eth,3000,True,18,6,2963.918,-196378,4313329931488475211084564,187701937607884662,333896774825248759178167560451890207759327,1542118646296432407344868894504640
2024-11-10,1731196800,22203727,0x6c561b446416e1a00e8e93e221854d6ea4171372,ETH/USDC,eth,3000,True,18,6,3131.489,-195828,4433584894351271592494720,182047916162403956,334320170685541370522108928586782315791359,1544962158193383518711164239586934
2024-11-11,1731283200,22246927,0x6c561b446416e1a00e8e93e221854d6ea4171372,ETH/USDC,eth,3000,True,18,6,3185.8449,-195656,4471898120062553477202430,183192940302491173,335523812975709409214678634254725447074408,1549279632630931330733253785682387
2024-11-12,1731369600,22290127,0x6c561b446416e1a00e8e93e221854d6ea4171372,ETH/USDC,eth,3000,True,18,6,3381.2082,-195061,4606971645677830280840742,187144311102250444,337003484663339765698440325717918843024133,1555831688224063182592008618272551
2024-11-13,1731456000,22333327,0x6c561b446416e1a00e8e93e221854d6ea4171372,ETH/USDC,eth,3000,True,18,6,3253.1446,-195447,4518884789542048336737883,213601986446899666,339715652208481548596225718188464702546877,1563653136901040475198731957090082
2024-11-14,1731542400,22376527,0x6c561b446416e1a00e8e93e221854d6ea4171372,ETH/USDC,eth,3000,True,18,6,3189.5669,-195644,4474509603378216633757044,363301936906840844,341986069414216655548868154844121322775060,1570384647160664896178786116104560
2024-11-15,1731628800,22419727,0x6c561b446416e1a00e8e93e221854d6ea4171372,ETH/USDC,eth,3000,True,18,6,3052.7936,-196082,4377521708670828988339533,265640949367254777,343867890680681319626745542489492672668613,1575053929834216835580703004789602
2024-11-16,1731715200,22462927,0x6c561b446416e1a00e8e93e221854d6ea4171372,ETH/USDC,eth,3000,True,18,6,3096.4314,-195940,4408697609334437561175046,310611312447913067,345107653525282403013075158922141134063412,1579254913976128686683240709166853
2024-11-17,1731801600,22506127,0x6c561b446416e1a00e8e93e221854d6ea4171372,ETH/USDC,eth,3000,True,18,6,3133.5794,-195821,4435064441690057540587652,303304601291655721,345697875530308946817548283612736398216509,1581455302391564798716201182761984
2024-11-18,1731888000,22549327,0x6c561b446416e1a00e8e93e221854d6ea4171372,ETH/USDC,eth,3000,True,18,6,3069.9133,-196026,4389778810195814640224987,267043088178577011,346725635411952795394154657884325456155345,1584054290048319120259029995965909
2024-11-19,1731974400,22592527,0x6c561b446416e1a00e8e93e221854d6ea4171372,ETH/USDC,eth,3000,True,18,6,3210.4612,-195579,4489141501512904552373775,310126908413448990,347738834383585885702834815024138643208000,1588506366492790431018214690237743
2024-11-20,1732060800,22635727,0x6c561b446416e1a00e8e93e221854d6ea4171372,ETH/USDC,eth,3000,True,18,6,3108.9412,-195900,4417594373942910529845710,250784292562502813,348554110274272147513313362093167029256456,1590132263139723723610314732298497
2024-11-21,1732147200,22678927,0x6c561b446416e1a00e8e93e221854d6ea4171372,ETH/USDC,eth,3000,True,18,6,3074.952,-196010,4393379839893680983368054,283775147648138693,349344690250464163837199763261121264957672,1592269310335970512973119759448214
2024-11-22,1732233600,22722127,0x6c561b446416e1a00e8e93e221854d6ea4171372,ETH/USDC,eth,3000,True,18,6,3368.8321,-195097,4598532584752413024914091,245101464470692972,350444140363459354162682105234799304639791,1598495642972406178942010908657199
2024-11-23,1732320000,22765327,0x6c561b446416e1a00e8e93e221854d6ea4171372,ETH/USDC,eth,3000,True,18,6,3326.0311,-195225,4569227018756558212599120,307228107797451720,351395709649175274234889683090700002365180,1601288250090079912664238528461012
2024-11-24,1732406400,22808527,0x6c561b446416e1a00e8e93e221854d6ea4171372,ETH/USDC,eth,3000,True,18,6,3396.0101,-195017,4617044630838269037838712,421237724105999488,352254877605933367938153984555545674995832,1604830014755785938924589945693341
2024-11-25,1732492800,22851727,0x6c561b446416e1a00e8e93e221854d6ea4171372,ETH/USDC,eth,3000,True,18,6,3364.986,-195109,4595906797621343693857794,424203779914080961,352929936976728343644294914929326148289639,1606820777331854490842178517073445
2024-11-26,1732579200,22894927,0x6c561b446416e1a00e8e93e221854d6ea4171372,ETH/USDC,eth,3000,True,18,6,3419.704,-194947,4633123102159184873054920,419983131488117835,354681559590010840945110158574777710034028,1613337290603834939017878211703394
2024-11-27,1732665600,22938127,0x6c561b446416e1a00e8e93e221854d6ea4171372,ETH/USDC,eth,3000,True,18,6,3324.6462,-195229,4568275642425104086612113,344159611440679860,355942560740092326510733141756449549785511,1616717143022535577030543505649759
2024-11-28,1732752000,22981327,0x6c561b446416e1a00e8e93e221854d6ea4171372,ETH/USDC,eth,3000,True,18,6,3665.8103,-194252,4796943189716767518475117,301216714735558768,356523918875653946996071111037870785741423,1621699945311036844436686784308037
2024-11-29,1732838400,23024527,0x6c561b446416e1a00e8e93e221854d6ea4171372,ETH/USDC,eth,3000,True,18,6,3586.189,-194472,4744562483986639785654217,479830561500521694,360951202397877456818093846054258563664708,1636917737666002872700933130599090
2024-11-30,1732924800,23067727,0x6c561b446416e1a00e8e93e221854d6ea4171372,ETH/USDC,eth,3000,True,18,6,3595.5848,-194446,4750773768003089204718296,339135298204508525,361369468559526328841239685424192647304178,1638498834598437385849660543995844
2024-12-01,1733011200,23110927,0x6c561b446416e1a00e8e93e221854d6ea4171372,ETH/USDC,eth,3000,True,18,6,3714.9805,-194119,4829007170163302580598739,384604480785617667,361829429073698807180595576505000797505360,1641197903092547841434064751877662
2024-12-02,1733097600,23154127,0x6c561b446416e1a00e8e93e221854d6ea4171372,ETH/USDC,eth,3000,True,18,6,3716.932,-194114,4830275375856909273886378,368866957094125270,362206854603466899347983573483137881222237,1642612520104778760647477188897116
2024-12-03,1733184000,23197327,0x6c561b446416e1a00e8e93e221854d6ea4171372,ETH/USDC,eth,3000,True,18,6,3634.7978,-194337,4776609211639302634055534,346796329234830131,363270675174283227362719629691286242891505,1645800122395274869135122152809500
2024-12-04,1733270400,23240527,0x6c561b446416e1a00e8e93e221854d6ea4171372,ETH/USDC,eth,3000,True,18,6,3624.7597,-194365,4770008927726461392377311,360168416495207823,363963822294284084638908096024446522552402,1648202803357517274220789638660728
2024-12-05,1733356800,23283727,0x6c561b446416e1a00e8e93e221854d6ea4171372,ETH/USDC,eth,3000,True,18,6,3842.0817,-193783,4910920243625980547393830,109596002225029977,364779444557804475903117362694597831056467,1653105243240376324432676898617971
2024-12-06,1733443200,23326927,0x6c561b446416e1a00e8e93e221854d6ea4171372,ETH/USDC,eth,3000,True,18,6,3791.472,-193915,4878468563788190528703722,437853003944034046,366308424810555352560308827504839837632726,1658561905177173091167102711556187
2024-12-07,1733529600,23370127,0x6c561b446416e1a00e8e93e221854d6ea4171372,ETH/USDC,eth,3000,True,18,6,4010.1048,-193355,5017154160762933512495883,223777253433915289,366984321748257744504585303054952652300281,1663031080329323290641747219530601
2024-12-08,1733616000,23413327,0x6c561b446416e1a00e8e93e221854d6ea4171372,ETH/USDC,eth,3000,True,18,6,4009.204,-193357,5016590621198406622908514,130563791152799530,367102463005513335079599388618915970110800,1663496468998204380312299664923819
2024-12-09,1733702400,23456527,0x6c561b446416e1a00e8e93e221854d6ea4171372,ETH/USDC,eth,3000,True,18,6,4006.7415,-193363,5015049731942109794932765,128526992347653405,367332840894036347443298514418604180117151,1664392711772790788685771222446391
2024-12-10,1733788800,23499727,0x6c561b446416e1a00e8e93e221854d6ea4171372,ETH/USDC,eth,3000,True,18,6,3713.1083,-194124,4827790240342722404879993,183548369964214917,369529593490237955439765550273082703023628,1670243387932082516694820156538783
2024-12-11,1733875200,23542927,0x6c561b446416e1a00e8e93e221854d6ea4171372,ETH/USDC,eth,3000,True,18,6,3628.297,-194355,4772335827913385113917512,189217246365790420,371456857850699985001551069503962431805532,1676559233920916646916526930119401
2024-12-12,1733961600,23586127,0x6c561b446416e1a00e8e93e221854d6ea4171372,ETH/USDC,eth,3000,True,18,6,3838.4025,-193792,4908568339948363361493743,291387626211437331,371913808010391359688362959820190950239756,1680002868793991073310856817131698
2024-12-13,1734048000,23629327,0x6c561b446416e1a00e8e93e221854d6ea4171372,ETH/USDC,eth,3000,True,18,6,3873.6478,-193701,4931052774827607265876300,298225731547947119,372743840409281709828474991467878397229858,1683543071012220384231128225159397
2024-12-14,1734134400,23672527,0x6c561b446416e1a00e8e93e221854d6ea4171372,ETH/USDC,eth,3000,True,18,6,3904.9047,-193621,4950907380723063128662315,302838261570131885,373152468522430150471887196099497745978638,1685397280778441915752373745831049
2024-12-15,1734220800,23715727,0x6c561b446416e1a00e8e93e221854d6ea4171372,ETH/USDC,eth,3000,True,18,6,3865.2059,-193723,4925676663456572638738718,171498106970297339,373488975495038429968595361127233882412192,1686377499961115026261407485209965
2024-12-16,1734307200,23758927,0x6c561b446416e1a00e8e93e221854d6ea4171372,ETH/USDC,eth,3000,True,18,6,3960.4231,-193479,4985978219209996851023976,231663996966475644,373724574072025336532306780668718108120103,1688070370168489639698786991657600
2024-12-17,1734393600,23802127,0x6c561b446416e1a00e8e93e221854d6ea4171372,ETH/USDC,eth,3000,True,18,6,3993.5757,-193396,5006803476670800613890752,218917842673340549,374419939133882890994271198684133634483681,1691112401994137275392012126732130
2024-12-18,1734480000,23845327,0x6c561b446416e1a00e8e93e221854d6ea4171372,ETH/USDC,eth,3000,True,18,6,3883.1204,-193676,4937078248786946469269935,290365577859097679,375201703596314746949689368937782751261325,1693303748072940290391705193192375
2024-12-19,1734566400,23888527,0x6c561b446416e1a00e8e93e221854d6ea4171372,ETH/USDC,eth,3000,True,18,6,3625.3977,-194363,4770428746260444354158975,214501521493754504,376695688477739073051305712447765657363607,1696780165523417185463269316889414
2024-12-20,1734652800,23931727,0x6c561b446416e1a00e8e93e221854d6ea4171372,ETH/USDC,eth,3000,True,18,6,3421.4466,-194942,4634303446409746305586518,54865328177927128,379924552147934124504172643743207687872615,1706261992470985838784069859019607
2024-12-21,1734739200,23974927,0x6c561b446416e1a00e8e93e221854d6ea4171372,ETH/USDC,eth,3000,True,18,6,3468.0268,-194807,4665742941899374080767197,238340703026553742,383446044077812851687852397853070905435157,1718218244324330046274808468538389
2024-12-22,1734825600,24018127,0x6c561b446416e1a00e8e93e221854d6ea4171372,ETH/USDC,eth,3000,True,18,6,3330.931,-195210,4572591436830083713186539,108511882461233484,384809320712395206333419438763436798558331,1721657702130026173619157029237755
2024-12-23,1734912000,24061327,0x6c561b446416e1a00e8e93e221854d6ea4171372,ETH/USDC,eth,3000,True,18,6,3275.1544,-195379,4534145690724619056668747,66050395695010652,385981563518203158002208631051491287637282,1725042140530142081042798969660235
2024-12-24,1734998400,24104527,0x6c561b446416e1a00e8e93e221854d6ea4171372,ETH/USDC,eth,3000,True,18,6,3421.5309,-194942,4634360502695695480339022,212849620335635477,387409215161442658591826092283772123072150,1731072787512052479107430684704072
2024-12-25,1735084800,24147727,0x6c561b446416e1a00e8e93e221854d6ea4171372,ETH/USDC,eth,3000,True,18,6,3492.2364,-194737,4681999930213784544589565,258510181584808886,388028326070085699603433632478821059652744,1733817617507232546567768735772794
2024-12-26,1735171200,24190927,0x6c561b446416e1a00e8e93e221854d6ea4171372,ETH/USDC,eth,3000,True,18,6,3487.6851,-194751,4678947960353782921743765,167713327543216348,388454289209922896293929407148086534358391,1735262291355585297488061129862558
2024-12-27,1735257600,24234127,0x6c561b446416e1a00e8e93e221854d6ea4171372,ETH/USDC,eth,3000,True,18,6,3322.0363,-195237,4566482246121820938235060,81850050286192619,389263772480793756591929315561022404094179,1736546882960581490713127770270350
2024-12-28,1735344000,24277327,0x6c561b446416e1a00e8e93e221854d6ea4171372,ETH/USDC,eth,3000,True,18,6,3322.831,-195235,4567028406045033792118871,88425641373514691,390009962083746391957819950296172113382389,1739060461111296351226881701307421
2024-12-29,1735430400,24320527,0x6c561b446416e1a00e8e93e221854d6ea4171372,ETH/USDC,eth,3000,True,18,6,3401.1144,-195002,4620513102311773767027951,178569916242572028,390138937562712544864279133387860998207989,1740186793499691012581132205056460
2024-12-30,1735516800,24363727,0x6c561b446416e1a00e8e93e221854d6ea4171372,ETH/USDC,eth,3000,True,18,6,3350.0675,-195153,4585707651371543079429340,132080551268071546,390499392157386829425825746157544664429145,1740949207781829254244014389917683
2024-12-31,1735603200,24406927,0x6c561b446416e1a00e8e93e221854d6ea4171372,ETH/USDC,eth,3000,True,18,6,3351.7158,-195148,4586835633983913072762111,126070954446879397,391261471503065993817954751656920515114569,1743528403964597211210332616854218
2025-01-01,1735689600,24450127,0x6c561b446416e1a00e8e93e221854d6ea4171372,ETH/USDC,eth,3000,True,18,6,3332.9805,-195204,4573997976061653047605479,132473957517669504,391759926041998078677958310577214424417844,1745042469509876428724109034884525
2025-01-02,1735776000,24493327,0x6c561b446416e1a00e8e93e221854d6ea4171372,ETH/USDC,eth,3000,True,18,6,3356.1127,-195135,4589843233084959450776806,247720119843288685,391930245537312472984407100518184810922753,1745815395317396775262332743842187
2025-01-03,1735862400,24536527,0x6c561b446416e1a00e8e93e221854d6ea4171372,ETH/USDC,eth,3000,True,18,6,3444.2298,-194876,4649707612628761221540999,273085275948815514,392358205804187902869398202229072640925878,1748068807481436711730270233336694
2025-01-04,1735948800,24579727,0x6c561b446416e1a00e8e93e221854d6ea4171372,ETH/USDC,eth,3000,True,18,6,3612.4514,-194399,4761903487733290660384547,223485442135598400,392699184891028418091820983316071477640268,1750704859880025110829974623826039
2025-01-05,1736035200,24622927,0x6c561b446416e1a00e8e93e221854d6ea4171372,ETH/USDC,eth,3000,True,18,6,3656.7509,-194277,4791012133458038039773386,289941655563807160,392907552276261863060118818807655344161886,1751834438886717502311993101098131
2025-01-06,1736121600,24666127,0x6c561b446416e1a00e8e93e221854d6ea4171372,ETH/USDC,eth,3000,True,18,6,3643.4631,-194314,4782299496319448406190636,213382780662803247,393096836403226467990928628569201920429063,1752409568558467911299504965927226
2025-01-07,1736208000,24709327,0x6c561b446416e1a00e8e93e221854d6ea4171372,ETH/USDC,eth,3000,True,18,6,3679.0729,-194216,4805612862558370039614013,201833933186655624,393559656934127477165186181396723726939403,1754410398110672505568381546814542
2025-01-08,1736294400,24752527,0x6c561b446416e1a00e8e93e221854d6ea4171372,ETH/USDC,eth,3000,True,18,6,3380.7361,-195062,4606650009968492578423349,201278179665198390,394758521073648345236366217927276110901632,1756028426493026602622989607840965
2025-01-09,1736380800,24795727,0x6c561b446416e1a00e8e93e221854d6ea4171372,ETH/USDC,eth,3000,True,18,6,3326.0549,-195225,4569243370819879987048877,126550461680006672,395984877536345847211534919123658120129083,1759615512835882938084811161225649
2025-01-10,1736467200,24838927,0x6c561b446416e1a00e8e93e221854d6ea4171372,ETH/USDC,eth,3000,True,18,6,3219.3551,-195551,4495355295149770844231112,63210955751237907,397237767743669887148903494991328231681066,1762752316050388948650250708416885
2025-01-11,1736553600,24882127,0x6c561b446416e1a00e8e93e221854d6ea4171372,ETH/USDC,eth,3000,True,18,6,3271.5134,-195390,4531624732218843874680793,66653413563577064,398083496478580510874883162919047212552187,1765980212414521371925147981924364
2025-01-12,1736640000,24925327,0x6c561b446416e1a00e8e93e221854d6ea4171372,ETH/USDC,eth,3000,True,18,6,3290.4978,-195333,4544754085684340803109825,273095091681799188,398279681319527206022546097260871512914173,1766790356870627084982710024119098
2025-01-13,1736726400,24968527,0x6c561b446416e1a00e8e93e221854d6ea4171372,ETH/USDC,eth,3000,True,18,6,3257.2441,-195434,4521731145716941732245232,169910404595575417,398588318507052999314859247125869735023617,1767500178410138779662704681332560
2025-01-14,1736812800,25011727,0x6c561b446416e1a00e8e93e221854d6ea4171372,ETH/USDC,eth,3000,True,18,6,3130.7466,-195830,4433059343771853917382325,364046981388817870,400811278521240701673203081607200877492334,1773229568816615688715475905860491
2025-01-15,1736899200,25054927,0x6c561b446416e1a00e8e93e221854d6ea4171372,ETH/USDC,eth,3000,True,18,6,3229.7958,-195519,4502638857517966255529579,240312326236007516,401331733025399988217919402909910867286452,1775796313797354950171056152122391
2025-01-16,1736985600,25098127,0x6c561b446416e1a00e8e93e221854d6ea4171372,ETH/USDC,eth,3000,True,18,6,3442.8573,-194880,4648781096436974891360083,221872749007286302,401926469766299060008627404849500605517306,1779641935887264143502589693863835
2025-01-17,1737072000,25141327,0x6c561b446416e1a00e8e93e221854d6ea4171372,ETH/USDC,eth,3000,True,18,6,3301.8561,-195298,4552591173910889686224520,336872053515595735,402991060552732550705332113649984615434071,1781958523418538197012772560826104
2025-01-18,1737158400,25184527,0x6c561b446416e1a00e8e93e221854d6ea4171372,ETH/USDC,eth,3000,True,18,6,3476.4295,-194783,4671391850380792982182104,215392616259827335,403457489833465518861493367683575949060783,1785094852375795721021467483310736
2025-01-19,1737244800,25227727,0x6c561b446416e1a00e8e93e221854d6ea4171372,ETH/USDC,eth,3000,True,18,6,3306.8449,-195283,4556029150441938728556003,217908476738164936,405251391612390950555954650092351891557734,1789544454830544460450156427514324
2025-01-20,1737331200,25270927,0x6c561b446416e1a00e8e93e221854d6ea4171372,ETH/USDC,eth,3000,True,18,6,3205.8704,-195593,4485930735186675742736903,295500559954229657,408795988971044269463837572463267635389184,1800213845617581512910462975876847
2025-01-21,1737417600,25314127,0x6c561b446416e1a00e8e93e221854d6ea4171372,ETH/USDC,eth,3000,True,18,6,3271.0596,-195392,4531310371567917367888966,410502788632423209,412259915035500443833791677388369886767540,1812215947872891722145335070843514
2025-01-22,1737504000,25357327,0x6c561b446416e1a00e8e93e221854d6ea4171372,ETH/USDC,eth,3000,True,18,6,3321.9958,-195237,4566454392685608435477086,476802587880814067,413393798384405044696979760856625771092572,1816382402257854518909922262743794
2025-01-23,1737590400,25400527,0x6c561b446416e1a00e8e93e221854d6ea4171372,ETH/USDC,eth,3000,True,18,6,3236.7861,-195497,4507508776316187973756857,343447760913861506,414074662087830287681365262075407831928164,1817860964347568816074914929381779
2025-01-24,1737676800,25443727,0x6c561b446416e1a00e8e93e221854d6ea4171372,ETH/USDC,eth,3000,True,18,6,3336.233,-195194,4576229249984613703656768,494388209767947041,415284916768884365914872855970354004154716,1822671637413158531426827812921867
2025-01-25,1737763200,25486927,0x6c561b446416e1a00e8e93e221854d6ea4171372,ETH/USDC,eth,3000,True,18,6,3314.7691,-195259,4561484748398525393898453,536323322028564733,416117057757716914789694283395821325655078,1825276045785100803147000357399154
2025-01-26,1737849600,25530127,0x6c561b446416e1a00e8e93e221854d6ea4171372,ETH/USDC,eth,3000,True,18,6,3323.4865,-195233,4567478854990450837653506,545677187101367636,416346381359645406586045486500968185423124,1826111239783890204051750588049419
2025-01-27,1737936000,25573327,0x6c561b446416e1a00e8e93e221854d6ea4171372,ETH/USDC,eth,3000,True,18,6,3238.8965,-195491,4508978039723920020269662,444198734803448483,416781054895387056463344728114225318450284,1826789135723817988678174596878861
2025-01-28,1738022400,25616527,0x6c561b446416e1a00e8e93e221854d6ea4171372,ETH/USDC,eth,3000,True,18,6,3173.5951,-195694,4463292396257368149833373,485968331970543718,418688677961789083759061060414427143311066,1832160892191731499960529573885926
2025-01-29,1738108800,25659727,0x6c561b446416e1a00e8e93e221854d6ea4171372,ETH/USDC,eth,3000,True,18,6,3070.7248,-196024,4390358981146922349917960,360649839007667555,419799041565195165749560482074867907765918,1834706928403241050559762253686281
2025-01-30,1738195200,25702927,0x6c561b446416e1a00e8e93e221854d6ea4171372,ETH/USDC,eth,3000,True,18,6,3118.9167,-195868,4424675933573477127945970,448853950246106563,420947910836541972805629769038753976862244,1838731583446327248239420065540837
2025-01-31,1738281600,25746127,0x6c561b446416e1a00e8e93e221854d6ea4171372,ETH/USDC,eth,3000,True,18,6,3255.4578,-195440,4520491099273435744782996,556540912854628321,421360130182835013575716672200683250724904,1841296329060345204144862984004140
2025-02-01,1738368000,25789327,0x6c561b446416e1a00e8e93e221854d6ea4171372,ETH/USDC,eth,3000,True,18,6,3289.9983,-195334,4544409116289377585746368,710693777208947557,422319736706503596315263251049599155093087,1844789000678094764506668284271584
2025-02-02,1738454400,25832527,0x6c561b446416e1a00e8e93e221854d6ea4171372,ETH/USDC,eth,3000,True,18,6,3122.7579,-195856,4427399827567910563053402,474904141807133970,423225066498187132180013906178688728627710,1846194654226619725869262899057812
2025-02-03,1738540800,25875727,0x6c561b446416e1a00e8e93e221854d6ea4171372,ETH/USDC,eth,3000,True,18,6,2861.9582,-196728,4238490610393828159839871,83203100574533287,426676308023115449187183315468162068421496,1853880345505746269147598540153555
2025-02-04,1738627200,25918927,0x6c561b446416e1a00e8e93e221854d6ea4171372,ETH/USDC,eth,3000,True,18,6,2877.4842,-196674,4249971898268723727098747,433668612663468916,451268233327326126882633915115288739320372,1915310100772737426519657749327433
2025-02-05,1738713600,25962127,0x6c561b446416e1a00e8e93e221854d6ea4171372,ETH/USDC,eth,3000,True,18,6,2739.1143,-197167,4146528536797494557921736,632595278115214241,455012617766020745498464614998306618958097,1924315641680204019807880331223949
2025-02-06,1738800000,26005327,0x6c561b446416e1a00e8e93e221854d6ea4171372,ETH/USDC,eth,3000,True,18,6,2785.3406,-196999,4181371310968139946980420,675794941117673272,456738546196893918464436796687375534520970,1929530002916928508800974054836315
2025-02-07,1738886400,26048527,0x6c561b446416e1a00e8e93e221854d6ea4171372,ETH/USDC,eth,3000,True,18,6,2682.4786,-197376,4103436480872296845964374,635519846348420601,458442785597959634551582617626312730997284,1933203166205400277008704629678253
2025-02-08,1738972800,26091727,0x6c561b446416e1a00e8e93e221854d6ea4171372,ETH/USDC,eth,3000,True,18,6,2618.419,-197617,4054143876815008739841159,632830845464319336,460058009394979513327364056430975981426396,1936911905500846319929983190171131
2025-02-09,1739059200,26134927,0x6c561b446416e1a00e8e93e221854d6ea4171372,ETH/USDC,eth,3000,True,18,6,2636.496,-197549,4068114232208000022634439,691606927973877976,460721303697700803094507065132001632962319,1938834029395589307016066837931921
2025-02-10,1739145600,26178127,0x6c561b446416e1a00e8e93e221854d6ea4171372,ETH/USDC,eth,3000,True,18,6,2628.1671,-197580,4061683422340696061824354,550401929925421354,461733916317601612814615433005502596609235,1941400415989426900766170785888167
2025-02-11,1739232000,26221327,0x6c561b446416e1a00e8e93e221854d6ea4171372,ETH/USDC,eth,3000,True,18,6,2660.5743,-197458,4086648479771098682897749,664311601305996283,462524544172018525805775914211428004204708,1943808231311897435014413530228261
2025-02-12,1739318400,26264527,0x6c561b446416e1a00e8e93e221854d6ea4171372,ETH/USDC,eth,3000,True,18,6,2603.6734,-197674,4042712308386293267616860,765706004055426857,463569172248999985600425745292441197912107,1946008812554029935934841563339113
2025-02-13,1739404800,26307727,0x6c561b446416e1a00e8e93e221854d6ea4171372,ETH/USDC,eth,3000,True,18,6,2735.1764,-197181,4143546874567149501487558,785197236962774126,465055263680853618120915795527865518220219,1951232788397144662394332623520621
2025-02-14,1739491200,26350927,0x6c561b446416e1a00e8e93e221854d6ea4171372,ETH/USDC,eth,3000,True,18,6,2672.4375,-197413,4095749290355089325250197,761852798963707025,466083299336700002695046958928890222506312,1953359165501730426413185486502309
2025-02-15,1739577600,26394127,0x6c561b446416e1a00e8e93e221854d6ea4171372,ETH/USDC,eth,3000,True,18,6,2722.9735,-197226,4134293354291280954803366,748744974452357154,466802973055308287554524980536045866202735,1955820386641118231335164393696235
2025-02-16,1739664000,26437327,0x6c561b446416e1a00e8e93e221854d6ea4171372,ETH/USDC,eth,3000,True,18,6,2696.2641,-197324,4113966965924462164707272,665750202520953527,467115277674549468880825062962617447836523,1956401964602139222670227953750527
2025-02-17,1739750400,26480527,0x6c561b446416e1a00e8e93e221854d6ea4171372,ETH/USDC,eth,3000,True,18,6,2662.4114,-197451,4088059097624411686381113,725458350047166360,467538443818026796962966443087802380006757,1957204672277259193518996521619081
2025-02-18,1739836800,26523727,0x6c561b446416e1a00e8e93e221854d6ea4171372,ETH/USDC,eth,3000,True,18,6,2742.86,-197153,4149362771538066225779554,762506634986715304,468463798884411767090041854908426744363506,1960539717895160665924715847173712
2025-02-19,1739923200,26566927,0x6c561b446416e1a00e8e93e221854d6ea4171372,ETH/USDC,eth,3000,True,18,6,2663.1394,-197448,4088618011708972615651344,710229829309680695,469532328187089439141741645775506902755187,1962615808960488208462043280090285
2025-02-20,1740009600,26610127,0x6c561b446416e1a00e8e93e221854d6ea4171372,ETH/USDC,eth,3000,True,18,6,2721.1107,-197233,4132878954974305204604601,676134384435402539,469931355226795063116436787549671785322959,1964266024941371382995232725572189
2025-02-21,1740096000,26653327,0x6c561b446416e1a00e8e93e221854d6ea4171372,ETH/USDC,eth,3000,True,18,6,2739.2506,-197166,4146631706269810859645736,747744116098945268,470331791815834648706655735328251791953979,1965540817437209262313059095961135
2025-02-22,1740182400,26696527,0x6c561b446416e1a00e8e93e221854d6ea4171372,ETH/USDC,eth,3000,True,18,6,2654.7007,-197480,4082135060057152720543407,772702558279718185,472356551393300617344736229152975093702530,1970224075425311054690705477691883
2025-02-23,1740268800,26739727,0x6c561b446416e1a00e8e93e221854d6ea4171372,ETH/USDC,eth,3000,True,18,6,2769.4293,-197057,4169411199326679382039727,849794536429776862,472594641484900438793988991445809532181057,1972005965842728673819628031822449
2025-02-24,1740355200,26782927,0x6c561b446416e1a00e8e93e221854d6ea4171372,ETH/USDC,eth,3000,True,18,6,2822.9438,-196865,4209501819372393847369721,665746780694453918,473077168262566591949728358902984628190870,1973875533984649742055328921621706
2025-02-25,1740441600,26826127,0x6c561b446416e1a00e8e93e221854d6ea4171372,ETH/USDC,eth,3000,True,18,6,2510.2974,-198039,3969558204518135595525074,603204600349436964,475757899583529847318766893551622412091126,1977828427187794449988655214379661
2025-02-26,1740528000,26869327,0x6c561b446416e1a00e8e93e221854d6ea4171372,ETH/USDC,eth,3000,True,18,6,2494.9757,-198100,3957425435751940892812943,817864639216757806,480407666008305462258773474463287900409240,1988915503869127433653616704009894
2025-02-27,1740614400,26912527,0x6c561b446416e1a00e8e93e221854d6ea4171372,ETH/USDC,eth,3000,True,18,6,2329.953,-198785,3824310676230158570411956,91778637016354592,484163702531441750266808762509680154897433,1996014117287271947786297310143193
2025-02-28,1740700800,26955727,0x6c561b446416e1a00e8e93e221854d6ea4171372,ETH/USDC,eth,3000,True,18,6,2302.8193,-198902,3801977218845730431598210,79004979188837496,486032789903245246319272626051659991516990,2000055557883625663498003066019833
2025-03-01,1740787200,26998927,0x6c561b446416e1a00e8e93e221854d6ea4171372,ETH/USDC,eth,3000,True,18,6,2233.0673,-199209,3743953880769433894709227,260745102071704788,491726853555800040800411437133386632498729,2011620620555322851094305786384237
2025-03-02,1740873600,27042127,0x6c561b446416e1a00e8e93e221854d6ea4171372,ETH/USDC,eth,3000,True,18,6,2212.8499,-199300,3726967153538560826332415,275952974772107007,492947062194332110647571296642677439451838,2014102637282319405154772384173309
2025-03-03,1740960000,27085327,0x6c561b446416e1a00e8e93e221854d6ea4171372,ETH/USDC,eth,3000,True,18,6,2518.5691,-198006,3976092841275754673897932,671245201139329194,496155326449487110827714734818973898328546,2024983272381737070141485581079972
2025-03-04,1741046400,27128527,0x6c561b446416e1a00e8e93e221854d6ea4171372,ETH/USDC,eth,3000,True,18,6,2147.9793,-199598,3671931990658068858876922,72435429271377581,500626474966446704204503226454589939731362,2031209622240927639029956171218409
2025-03-05,1741132800,27171727,0x6c561b446416e1a00e8e93e221854d6ea4171372,ETH/USDC,eth,3000,True,18,6,2168.8561,-199501,3689733082686689999550345,86075810330332129,506535018390978143614030173762077887359621,2043758468284165187464308442837910
2025-03-06,1741219200,27214927,0x6c561b446416e1a00e8e93e221854d6ea4171372,ETH/USDC,eth,3000,True,18,6,2246.1783,-199151,3754928727424348054391738,276275557736712373,508018493707398860804999663799722161395619,2047869539954500294454309067724658
2025-03-07,1741305600,27258127,0x6c561b446416e1a00e8e93e221854d6ea4171372,ETH/USDC,eth,3000,True,18,6,2207.7836,-199323,3722698260369240485468454,113313286233106760,509812275203424630958764461615884698006211,2051479194091006646205856136586897
2025-03-08,1741392000,27301327,0x6c561b446416e1a00e8e93e221854d6ea4171372,ETH/USDC,eth,3000,True,18,6,2134.9998,-199658,3660821097376565432610827,97506943517590045,513261880549453158139587151349784544198860,2058167433547258067122842101642885
2025-03-09,1741478400,27344527,0x6c561b446416e1a00e8e93e221854d6ea4171372,ETH/USDC,eth,3000,True,18,6,2199.8702,-199359,3716020579039897051328164,284827550796563352,514010688305617061338235551690800382343948,2060503194309088794851123585880620
2025-03-10,1741564800,27387727,0x6c561b446416e1a00e8e93e221854d6ea4171372,ETH/USDC,eth,3000,True,18,6,2014.2123,-200241,3555758049032774460229378,69543144987740993,516381954318414885380043864835193375676143,2063347137805403788675419667891754
2025-03-11,1741651200,27430927,0x6c561b446416e1a00e8e93e221854d6ea4171372,ETH/USDC,eth,3000,True,18,6,1862.4188,-201024,3419150781351670029843456,34535748905683020,522432151475219909487102283709568280164115,2073433019908624775524811636188096
2025-03-12,1741737600,27474127,0x6c561b446416e1a00e8e93e221854d6ea4171372,ETH/USDC,eth,3000,True,18,6,1922.6695,-200706,3474016711922345860037052,246413400311613823,527344241151205701389941885728003797522433,2083325422494757630656135116601626
2025-03-13,1741824000,27517327,0x6c561b446416e1a00e8e93e221854d6ea4171372,ETH/USDC,eth,3000,True,18,6,1904.2925,-200802,3457374378735386310490382,819924021302933510,530056287109114436093542797992464863068335,2088252372641243789993538857882597
2025-03-14,1741910400,27560527,0x6c561b446416e1a00e8e93e221854d6ea4171372,ETH/USDC,eth,3000,True,18,6,1866.2284,-201004,3422645992687507538187691,72948837956234985,531777256015391779659827245380699300720592,2091033070968683781327427952080528
2025-03-15,1741996800,27603727,0x6c561b446416e1a00e8e93e221854d6ea4171372,ETH/USDC,eth,3000,True,18,6,1914.5159,-200749,3466642630088794891053814,850276931212357700,532301142240085936138159629235988130327374,2092604562979146671768024243664684
2025-03-16,1742083200,27646927,0x6c561b446416e1a00e8e93e221854d6ea4171372,ETH/USDC,eth,3000,True,18,6,1942.4631,-200604,3491853154481167310380569,802484978250719011,532492150637226829950976141771390233851929,2093299341674478597521935243174113
2025-03-17,1742169600,27690127,0x6c561b446416e1a00e8e93e221854d6ea4171372,ETH/USDC,eth,3000,True,18,6,1883.2164,-200913,3438188618118808135406824,101358130425462496,533497100159495959852162987042593173517804,2094513188377438533081654539447323
2025-03-18,1742256000,27733327,0x6c561b446416e1a00e8e93e221854d6ea4171372,ETH/USDC,eth,3000,True,18,6,1927.7306,-200680,3478586110035430658467854,785654777281133560,534156963360978639371923145195919772990458,2096297356757630745785617383299595
2025-03-19,1742342400,27776527,0x6c561b446416e1a00e8e93e221854d6ea4171372,ETH/USDC,eth,3000,True,18,6,1929.2661,-200672,3479971185518489322389504,792340256336692978,534748387523026782980813705082424248782652,2097438280272870140656779923253939
2025-03-20,1742428800,27819727,0x6c561b446416e1a00e8e93e221854d6ea4171372,ETH/USDC,eth,3000,True,18,6,2062.8422,-200002,3598426081754138090770884,657784980923464217,535849093456290064057418475684890558556777,2101192739647019366344861719850048
2025-03-21,1742515200,27862927,0x6c561b446416e1a00e8e93e221854d6ea4171372,ETH/USDC,eth,3000,True,18,6,1977.4677,-200425,3523175584021066409893090,809180137784415558,536739317901906584206407363652933013866356,2102004585665032725342201574174191
2025-03-22,1742601600,27906127,0x6c561b446416e1a00e8e93e221854d6ea4171372,ETH/USDC,eth,3000,True,18,6,1967.8261,-200474,3514575989137352773239088,714805961965775714,537228905472014163652450370060122756600418,2102855665741336888565798138708429
2025-03-23,1742688000,27949327,0x6c561b446416e1a00e8e93e221854d6ea4171372,ETH/USDC,eth,3000,True,18,6,1980.38,-200410,3525768994434288797331809,808629411120761808,537420132870774050145167882067827792093238,2103380868491722944365651510711499
2025-03-24,1742774400,27992527,0x6c561b446416e1a00e8e93e221854d6ea4171372,ETH/USDC,eth,3000,True,18,6,2000.5067,-200309,3543639926843139226293088,809728691640367461,537647349208028142984658207392887903293798,2104066695885620976845258737654823
2025-03-25,1742860800,28035727,0x6c561b446416e1a00e8e93e221854d6ea4171372,ETH/USDC,eth,3000,True,18,6,2077.2858,-199933,3611001818770658812394861,803369765672016702,538196232985852802291093627954992217541429,2106066535497234969035017972092751
2025-03-26,1742947200,28078927,0x6c561b446416e1a00e8e93e221854d6ea4171372,ETH/USDC,eth,3000,True,18,6,2064.2789,-199995,3599678989184758030302185,667427481005369332,538818236494216220398206297743463276674315,2107206392331973352508498334152737
2025-03-27,1743033600,28122127,0x6c561b446416e1a00e8e93e221854d6ea4171372,ETH/USDC,eth,3000,True,18,6,2006.472,-200279,3548919372896381407113523,650992485269146882,539556823164728841914684650407482495384769,2108050363328486067977592982777160
2025-03-28,1743120000,28165327,0x6c561b446416e1a00e8e93e221854d6ea4171372,ETH/USDC,eth,3000,True,18,6,2005.2001,-200286,3547794351766829091808233,650347725548499136,540014721454562730269835384217184110084696,2108957008648117583763589370911216
2025-03-29,1743206400,28208527,0x6c561b446416e1a00e8e93e221854d6ea4171372,ETH/USDC,eth,3000,True,18,6,1895.3063,-200849,3449207263518122639243274,52563554499816177,541697996740141715318196543220963457759111,2110913460110232398748864782068761
2025-03-30,1743292800,28251727,0x6c561b446416e1a00e8e93e221854d6ea4171372,ETH/USDC,eth,3000,True,18,6,1824.0695,-201233,3383765597726070740984157,48325470719002946,542859395629052362873983916735070825295225,2112215190586837124430033004452353
2025-03-31,1743379200,28294927,0x6c561b446416e1a00e8e93e221854d6ea4171372,ETH/USDC,eth,3000,True,18,6,1802.3768,-201352,3363584734049831435369956,51934833688694564,543937783913494100531352458835161480563184,2113906207409316035391680480468183
2025-04-01,1743465600,28338127,0x6c561b446416e1a00e8e93e221854d6ea4171372,ETH/USDC,eth,3000,True,18,6,1825.4089,-201225,3385007694655241529318192,98324296364296118,545154457758461603270322803865278891195529,2116389665029135134805390527686116
2025-04-02,1743552000,28381327,0x6c561b446416e1a00e8e93e221854d6ea4171372,ETH/USDC,eth,3000,True,18,6,1910.3543,-200770,3462872798216166595746285,699504307681638432,545832451189747416113467516583257248927750,2118670057775363265229994021448670
2025-04-03,1743638400,28424527,0x6c561b446416e1a00e8e93e221854d6ea4171372,ETH/USDC,eth,3000,True,18,6,1796.842,-201383,3358416325572581926355004,81599012871775571,548268601877774150537026410269481599512518,2121887639607649755110900504943418
2025-04-04,1743724800,28467727,0x6c561b446416e1a00e8e93e221854d6ea4171372,ETH/USDC,eth,3000,True,18,6,1815.3154,-201281,3375636137413289376327307,191895907670908608,549565203170432571224314980778744899392201,2124432120798137469996504673426378
2025-04-05,1743811200,28510927,0x6c561b446416e1a00e8e93e221854d6ea4171372,ETH/USDC,eth,3000,True,18,6,1813.2687,-201292,3373732702190275209569302,182377556080627064,551272262150206336562185201460758236518337,2127473853968200150272793497168399
2025-04-06,1743897600,28554127,0x6c561b446416e1a00e8e93e221854d6ea4171372,ETH/USDC,eth,3000,True,18,6,1803.7298,-201345,3364847032953296093264744,101259712593697699,551777056858493583653204410582140378761896,2128265437659136727754217703204940
2025-04-07,1743984000,28597327,0x6c561b446416e1a00e8e93e221854d6ea4171372,ETH/USDC,eth,3000,True,18,6,1574.8976,-202701,3144167978131677418732005,41362096213483293,556756675467312288923960109567042781193118,2133590577278131109555373334692357
2025-04-08,1744070400,28640527,0x6c561b446416e1a00e8e93e221854d6ea4171372,ETH/USDC,eth,3000,True,18,6,1555.5502,-202825,3124795518547537341924353,44954782280517702,566655693199716138258729945953278411768842,2148392038113463942037247351513229
2025-04-09,1744156800,28683727,0x6c561b446416e1a00e8e93e221854d6ea4171372,ETH/USDC,eth,3000,True,18,6,1470.6623,-203386,3038337829591974042124483,46457935776272577,570265069836802842981196515737516976367589,2152766169281137344956453034545164
2025-04-10,1744243200,28726927,0x6c561b446416e1a00e8e93e221854d6ea4171372,ETH/USDC,eth,3000,True,18,6,1665.7448,-202141,3233581507115373894059923,69813550958141184,575646275213662980475138007475351117636393,2163379591950891367664481823026249
2025-04-11,1744329600,28770127,0x6c561b446416e1a00e8e93e221854d6ea4171372,ETH/USDC,eth,3000,True,18,6,1522.987,-203037,3091915972761309999823238,519636409857726730,579408281543045186022834668649625981622151,2167427726437639754308628756314095
2025-04-12,1744416000,28813327,0x6c561b446416e1a00e8e93e221854d6ea4171372,ETH/USDC,eth,3000,True,18,6,1565.6409,-202760,3134914194152647017658204,523475713373400626,581114723820541602248413209900297697316265,2170640523980224984675541164393095
2025-04-13,1744502400,28856527,0x6c561b446416e1a00e8e93e221854d6ea4171372,ETH/USDC,eth,3000,True,18,6,1647.6187,-202250,3215940064860867350046034,444056697502307395,581965013925843617480734274555293667167477,2173066016815775833174102781956013
2025-04-14,1744588800,28899727,0x6c561b446416e1a00e8e93e221854d6ea4171372,ETH/USDC,eth,3000,True,18,6,1595.1252,-202574,3164295063356352865281905,534071536887675007,584399467421668085057725934010381971677410,2176306021015788951124139630371779
2025-04-15,1744675200,28942927,0x6c561b446416e1a00e8e93e221854d6ea4171372,ETH/USDC,eth,3000,True,18,6,1623.1167,-202400,3191938059409295089369954,540457983997101849,586160581135141399649643781215472231046166,2179556727269459342276273149440048
2025-04-16,1744761600,28986127,0x6c561b446416e1a00e8e93e221854d6ea4171372,ETH/USDC,eth,3000,True,18,6,1590.1007,-202605,3159307455304629938730540,539695935214337031,587548693112400176434981909026315087391063,2181386840706402432485683310112283
2025-04-17,1744848000,29029327,0x6c561b446416e1a00e8e93e221854d6ea4171372,ETH/USDC,eth,3000,True,18,6,1577.3498,-202686,3146614846893845567907847,553001236330227655,589659824210756321619677830461128971968479,2184556183259466722036342346477811
2025-04-18,1744934400,29072527,0x6c561b446416e1a00e8e93e221854d6ea4171372,ETH/USDC,eth,3000,True,18,6,1583.913,-202644,3153154462599460118694114,573796156909464971,590445915492530350736335842715951484812801,2185892088558159622380643522925779
2025-04-19,1745020800,29115727,0x6c561b446416e1a00e8e93e221854d6ea4171372,ETH/USDC,eth,3000,True,18,6,1591.6747,-202595,3160870745216241891536040,572756407253207152,590617136329733109043646418127582341861553,2186263491823052191936606049970293
2025-04-20,1745107200,29158927,0x6c561b446416e1a00e8e93e221854d6ea4171372,ETH/USDC,eth,3000,True,18,6,1616.7351,-202439,3185657028233394641727774,575885383486276650,590820912706114406914220812125075152439830,2186911670964412742907224540208895
2025-04-21,1745193600,29202127,0x6c561b446416e1a00e8e93e221854d6ea4171372,ETH/USDC,eth,3000,True,18,6,1583.2405,-202649,3152485006868005331539504,579581221746857942,591364912222331877763144610074774398035309,2187348749086088459406639925346803
2025-04-22,1745280000,29245327,0x6c561b446416e1a00e8e93e221854d6ea4171372,ETH/USDC,eth,3000,True,18,6,1576.2823,-202693,3145549917801763563079169,556187718335952442,592558549589021139267883367015319744858707,2189186103685218978282404682841734
2025-04-23,1745366400,29288527,0x6c561b446416e1a00e8e93e221854d6ea4171372,ETH/USDC,eth,3000,True,18,6,1759.9477,-201590,3323758501701423676002213,479505928237948787,594384798781602756878846193686615745756539,2194533859966123262243461568561556
2025-04-24,1745452800,29331727,0x6c561b446416e1a00e8e93e221854d6ea4171372,ETH/USDC,eth,3000,True,18,6,1797.517,-201379,3359047076813031449370361,514994560345660843,596308192674040712673308961074783621938048,2198439880139114329480284709611298
2025-04-25,1745539200,29374927,0x6c561b446416e1a00e8e93e221854d6ea4171372,ETH/USDC,eth,3000,True,18,6,1770.1052,-201533,3333336208885691933397539,519604437588921066,597373719543991449343345997571458854687993,2199988435870928218582578510925353
2025-04-26,1745625600,29418127,0x6c561b446416e1a00e8e93e221854d6ea4171372,ETH/USDC,eth,3000,True,18,6,1790.871,-201416,3352831520947847116947860,523965286605354130,598549677490299463831549997635984362921106,2202339485651379022524366754337082
2025-04-27,1745712000,29461327,0x6c561b446416e1a00e8e93e221854d6ea4171372,ETH/USDC,eth,3000,True,18,6,1820.444,-201252,3380401207671181905909889,509087053332692847,599202577106369991574849399498707905510528,2203876008952151060356202204207866
2025-04-28,1745798400,29504527,0x6c561b446416e1a00e8e93e221854d6ea4171372,ETH/USDC,eth,3000,True,18,6,1791.5956,-201412,3353509772817907549567943,503448548920626200,599889984588232548971677766508835393794246,2204774842692870275052317058298667
2025-04-29,1745884800,29547727,0x6c561b446416e1a00e8e93e221854d6ea4171372,ETH/USDC,eth,3000,True,18,6,1801.0226,-201360,3362320941223483252260851,529851879641705193,601030370930702533880742996085143386657874,2206925316351997311450702159623151
2025-04-30,1745971200,29590927,0x6c561b446416e1a00e8e93e221854d6ea4171372,ETH/USDC,eth,3000,True,18,6,1794.981,-201393,3356676715207154935999692,525567229054795494,601792807385798137666638685245994466503516,2208234031588838168604198898689631
2025-05-01,1746057600,29634127,0x6c561b446416e1a00e8e93e221854d6ea4171372,ETH/USDC,eth,3000,True,18,6,1794.5324,-201396,3356257247828807042840303,526850590115721277,602760572518647417966144405493120739783543,2209950920189715103357480584146245
2025-05-02,1746144000,29677327,0x6c561b446416e1a00e8e93e221854d6ea4171372,ETH/USDC,eth,3000,True,18,6,1840.2541,-201144,3398744253451871530755596,518164501362090138,603291409732035837686882279016460673289630,2211479899162581392144954614859155
2025-05-03,1746230400,29720527,0x6c561b446416e1a00e8e93e221854d6ea4171372,ETH/USDC,eth,3000,True,18,6,1839.2119,-201150,3397781697223071221732140,520657149637231766,603822617475341578771473312397098979608396,2212445823001161942147022376811102
2025-05-04,1746316800,29763727,0x6c561b446416e1a00e8e93e221854d6ea4171372,ETH/USDC,eth,3000,True,18,6,1834.7559,-201174,3393663123635532383188941,523575560483923859,604120998715027879914869379790041662179669,2212938718621233894029436469590893
2025-05-05,1746403200,29806927,0x6c561b446416e1a00e8e93e221854d6ea4171372,ETH/USDC,eth,3000,True,18,6,1807.5699,-201323,3368426974882932077965442,520119866927940656,604552585974142893333374226875151261706741,2213402136910064129622371130337021
2025-05-06,1746489600,29850127,0x6c561b446416e1a00e8e93e221854d6ea4171372,ETH/USDC,eth,3000,True,18,6,1822.4308,-201242,3382245313559012189661632,516879575834189051,605156534594909028246875279654690227171053,2214673225560942175757058220618916
2025-05-07,1746576000,29893327,0x6c561b446416e1a00e8e93e221854d6ea4171372,ETH/USDC,eth,3000,True,18,6,1814.1309,-201287,3374534623359879426039842,532676281855054484,606037362200808932730849972227932839826564,2216145483060449542394053911626768
2025-05-08,1746662400,29936527,0x6c561b446416e1a00e8e93e221854d6ea4171372,ETH/USDC,eth,3000,True,18,6,1814.3545,-201286,3374742604689839793963033,565044212666315369,606806725478900819490038675836005253938865,2217545738471157767715630340891488
2025-05-09,1746748800,29979727,0x6c561b446416e1a00e8e93e221854d6ea4171372,ETH/USDC,eth,3000,True,18,6,2201.6459,-199351,3717520085161048468630220,114689062332324121,608583801677202554077125372015034215153255,2225657549486164112518643640646286
2025-05-10,1746835200,30022927,0x6c561b446416e1a00e8e93e221854d6ea4171372,ETH/USDC,eth,3000,True,18,6,2339.9574,-198742,3832512290074789591482011,103072060567257112,612410773581095759317690626925663732421181,2236101064126156483509542689799777
2025-05-11,1746921600,30066127,0x6c561b446416e1a00e8e93e221854d6ea4171372,ETH/USDC,eth,3000,True,18,6,2586.1341,-197741,4029072715226193082457219,135494104258471645,614259987291997066061188795486479141353629,2243146093571597008412098298272962
2025-05-12,1747008000,30109327,0x6c561b446416e1a00e8e93e221854d6ea4171372,ETH/USDC,eth,3000,True,18,6,2508.2357,-198047,3967927727915495228692171,176364264458710036,616232855863865829619130589401954002700708,2247317388672862442660196072465941
2025-05-13,1747094400,30152527,0x6c561b446416e1a00e8e93e221854d6ea4171372,ETH/USDC,eth,3000,True,18,6,2492.7912,-198109,3955692575821336305497179,238773670742184673,618526435673775316156920947088731483980849,2252940591048302851543329800970555
2025-05-14,1747180800,30195727,0x6c561b446416e1a00e8e93e221854d6ea4171372,ETH/USDC,eth,3000,True,18,6,2678.2105,-197392,4100170728862039630077715,845922676920109767,619969642066060473035183606358344767860970,2258513195950101898433147670543641
2025-05-15,1747267200,30238927,0x6c561b446416e1a00e8e93e221854d6ea4171372,ETH/USDC,eth,3000,True,18,6,2606.6976,-197662,4045059423040765641291138,870334609317069527,621647608934380463458303781784249772440547,2262208116472303039622583015443177
2025-05-16,1747353600,30282127,0x6c561b446416e1a00e8e93e221854d6ea4171372,ETH/USDC,eth,3000,True,18,6,2542.9984,-197910,3995329713442296349983211,870785143492238649,623645809129171440824564541476534302540409,2266665829858640407479356823999803
2025-05-17,1747440000,30325327,0x6c561b446416e1a00e8e93e221854d6ea4171372,ETH/USDC,eth,3000,True,18,6,2539.2244,-197924,3992363947737466633134464,922105763944561047,624710002583161831975306384783881554048825,2269375742489714168420206402537314
2025-05-18,1747526400,30368527,0x6c561b446416e1a00e8e93e221854d6ea4171372,ETH/USDC,eth,3000,True,18,6,2471.5018,-198195,3938764803854441794809733,847945245040547149,625764920857765752913134587173056809817062,2271306120084219518545835182811859
2025-05-19,1747612800,30411727,0x6c561b446416e1a00e8e93e221854d6ea4171372,ETH/USDC,eth,3000,True,18,6,2503.7591,-198065,3964385240812780265330921,891739124216567397,627708675828842406792813675456705033784653,2276394585440037885485757141119800
2025-05-20,1747699200,30454927,0x6c561b446416e1a00e8e93e221854d6ea4171372,ETH/USDC,eth,3000,True,18,6,2526.6029,-197974,3982429371779137309406991,988524086756663926,629544431558461191540616694721820719685346,2281112045808262025980732962159377
2025-05-21,1747785600,30498127,0x6c561b446416e1a00e8e93e221854d6ea4171372,ETH/USDC,eth,3000,True,18,6,2522.9386,-197989,3979540444888381109000158,994120208604912092,630845334288815112305275821876698914764347,2284347705621129647018076024230287
2025-05-22,1747872000,30541327,0x6c561b446416e1a00e8e93e221854d6ea4171372,ETH/USDC,eth,3000,True,18,6,2550.8937,-197879,4001527146469294142847781,999995985522973664,632849148915180239162467368578068636459599,2289711549209727996435352186448843
2025-05-23,1747958400,30584527,0x6c561b446416e1a00e8e93e221854d6ea4171372,ETH/USDC,eth,3000,True,18,6,2658.6515,-197465,4085171477656732631564288,1005249640790181335,634000894451881400589951860337206077216888,2293830828059810227250010828216024
2025-05-24,1748044800,30627727,0x6c561b446416e1a00e8e93e221854d6ea4171372,ETH/USDC,eth,3000,True,18,6,2522.1628,-197992,3978928585942314593126633,996436170796489883,635876498616727495884167086192149877983075,2297336405528613479581136758916806
2025-05-25,1748131200,30670927,0x6c561b446416e1a00e8e93e221854d6ea4171372,ETH/USDC,eth,3000,True,18,6,2528.4097,-197967,3983852990990868741593217,1001211790364714285,636230498622541419842248261760912898364697,2298301134582275583318668670251397
2025-05-26,1748217600,30714127,0x6c561b446416e1a00e8e93e221854d6ea4171372,ETH/USDC,eth,3000,True,18,6,2547.5928,-197892,3998937257800652366660848,1020337701483866602,636834117226770246391029577188159740630722,2300008515280301799510711639033298
2025-05-27,1748304000,30757327,0x6c561b446416e1a00e8e93e221854d6ea4171372,ETH/USDC,eth,3000,True,18,6,2562.0727,-197835,4010285635320880469863739,1111346604122768280,637280433809027612949241382210465765296631,2301299023375087375803542268095051
2025-05-28,1748390400,30800527,0x6c561b446416e1a00e8e93e221854d6ea4171372,ETH/USDC,eth,3000,True,18,6,2661.0491,-197456,4087013079849772463358336,1025547595317624008,638020162318357865363260998940668331394319,2304229934030776937668767991712159
2025-05-29,1748476800,30843727,0x6c561b446416e1a00e8e93e221854d6ea4171372,ETH/USDC,eth,3000,True,18,6,2678.8897,-197389,4100690593655130951951571,1035376905576589085,638720896066369721595993036636673561629524,2306259872851218149867859615927817
2025-05-30,1748563200,30886927,0x6c561b446416e1a00e8e93e221854d6ea4171372,ETH/USDC,eth,3000,True,18,6,2627.2682,-197584,4060988780021229704564781,1098045950084303577,639883599975041205343929667325232187636748,2308874866102178080690714712736194
2025-05-31,1748649600,30930127,0x6c561b446416e1a00e8e93e221854d6ea4171372,ETH/USDC,eth,3000,True,18,6,2527.5124,-197971,3983146081074849282350943,1062296781503508981,641342511748013749309460219925760020123341,2311642038177404157126992751660092
2025-06-01,1748736000,30973327,0x6c561b446416e1a00e8e93e221854d6ea4171372,ETH/USDC,eth,3000,True,18,6,2535.7764,-197938,3989652449224598242812263,976375577365879345,641872648590177072993959211186689050035418,2313061500762851902484425029417580
2025-06-02,1748822400,31016527,0x6c561b446416e1a00e8e93e221854d6ea4171372,ETH/USDC,eth,3000,True,18,6,2541.3896,-197916,3994065749605036050056857,1031937802796891002,642396525830880219453442834201942533349867,2314433799803300432314219623052726
2025-06-03,1748908800,31059727,0x6c561b446416e1a00e8e93e221854d6ea4171372,ETH/USDC,eth,3000,True,18,6,2608.6317,-197655,4046559865021389728511861,1022461269747498622,642914862930970934267171230262731131963071,2316418399468808701996512577596546
2025-06-04,1748995200,31102927,0x6c561b446416e1a00e8e93e221854d6ea4171372,ETH/USDC,eth,3000,True,18,6,2596.3729,-197702,4037040632343159468440325,951809379876012641,643517469693024553160675690741282150864189,2317872372170094837375644015207900
2025-06-05,1749081600,31146127,0x6c561b446416e1a00e8e93e221854d6ea4171372,ETH/USDC,eth,3000,True,18,6,2609.4595,-197652,4047201822050747761856221,947417974983726522,644025318966592097187544910465083257655358,2319339722860114236201197819227168
2025-06-06,1749168000,31189327,0x6c561b446416e1a00e8e93e221854d6ea4171372,ETH/USDC,eth,3000,True,18,6,2420.0595,-198405,3897558199585936839603650,819842958595557372,645846363789402547645618290620415998331306,2321984838856231080421298358494854
2025-06-07,1749254400,31232527,0x6c561b446416e1a00e8e93e221854d6ea4171372,ETH/USDC,eth,3000,True,18,6,2482.7036,-198150,3947680745076078671700844,900797761221416356,646421614281423562917615539527831760816276,2324053762206872144188160229711934
2025-06-08,1749340800,31275727,0x6c561b446416e1a00e8e93e221854d6ea4171372,ETH/USDC,eth,3000,True,18,6,2531.6274,-197954,3986387211861851088781915,988827539111818229,646553668234600597610932619173749869476924,2324883508197103119859538395045123
2025-06-09,1749427200,31318927,0x6c561b446416e1a00e8e93e221854d6ea4171372,ETH/USDC,eth,3000,True,18,6,2509.1665,-198044,3968663913382949443606933,990943445647555809,646853368529710422553735894464962499938043,2325409781650720282647764303075720
2025-06-10,1749513600,31362127,0x6c561b446416e1a00e8e93e221854d6ea4171372,ETH/USDC,eth,3000,True,18,6,2687.7822,-197356,4107491020624776853035434,930684052298412052,647136621608906460188024633535649112300437,2327926697875753626229378264211238
2025-06-11,1749600000,31405327,0x6c561b446416e1a00e8e93e221854d6ea4171372,ETH/USDC,eth,3000,True,18,6,2808.349,-196917,4198606002981253939788872,849626446942386397,648197077770989532177413384534607709800789,2332014242273746711501656995802672
2025-06-12,1749686400,31448527,0x6c561b446416e1a00e8e93e221854d6ea4171372,ETH/USDC,eth,3000,True,18,6,2770.8472,-197051,4170478374952913692907380,926587383576143913,649437030406160448288495070712442073229860,2335134559924263107751771018515415
2025-06-13,1749772800,31491727,0x6c561b446416e1a00e8e93e221854d6ea4171372,ETH/USDC,eth,3000,True,18,6,2651.5685,-197492,4079726084500867969970201,919706857584972186,650610769507455967778026567878828434751582,2337156567481437521923123467717654
2025-06-14,1749859200,31534927,0x6c561b446416e1a00e8e93e221854d6ea4171372,ETH/USDC,eth,3000,True,18,6,2576.6952,-197778,4021713327545026411904161,965898682359593215,652734593528887421242224632694403109124752,2341790301274950748222269764254670
2025-06-15,1749945600,31578127,0x6c561b446416e1a00e8e93e221854d6ea4171372,ETH/USDC,eth,3000,True,18,6,2533.5687,-197947,3987915289366393589592349,942330608001364822,653252168329586880749182873499539914748682,2342662511886072521336654949998853
2025-06-16,1750032000,31621327,0x6c561b446416e1a00e8e93e221854d6ea4171372,ETH/USDC,eth,3000,True,18,6,2542.9789,-197910,3995314413067689728358173,966746966926618881,653591277792397479771256161207522458138177,2343615618751298213829403945663859
2025-06-17,1750118400,31664527,0x6c561b446416e1a00e8e93e221854d6ea4171372,ETH/USDC,eth,3000,True,18,6,2544.6246,-197903,3996607017560513630949960,954747815145664164,654601094243077417818167490957151298582285,2346260353194792296380371635684673
2025-06-18,1750204800,31707727,0x6c561b446416e1a00e8e93e221854d6ea4171372,ETH/USDC,eth,3000,True,18,6,2512.4696,-198030,3971275288368072735883037,956270553779250049,655666360967110024386774820106861379182635,2348630461358288851101534206054371
2025-06-19,1750291200,31750927,0x6c561b446416e1a00e8e93e221854d6ea4171372,ETH/USDC,eth,3000,True,18,6,2523.0757,-197988,3979648604258814222362255,953708771267709096,656685337370677516354771920682075612078349,2351292892168721280538568605317828
2025-06-20,1750377600,31794127,0x6c561b446416e1a00e8e93e221854d6ea4171372,ETH/USDC,eth,3000,True,18,6,2525.1059,-197980,3981249360472280192058190,990618666973303100,657011143574483564512894448952657387256020,2352134100041422396594409598281389
2025-06-21,1750464000,31837327,0x6c561b446416e1a00e8e93e221854d6ea4171372,ETH/USDC,eth,3000,True,18,6,2401.2091,-198483,3882348975634811330091740,179772766314512425,658226421886379508677361966007925474839991,2353839300378341042935339138693782
2025-06-22,1750550400,31880527,0x6c561b446416e1a00e8e93e221854d6ea4171372,ETH/USDC,eth,3000,True,18,6,2295.2792,-198935,3795747759340117653070323,187864440030404963,660419122058339725999027561789386520495468,2357788703776347506942696365387483
2025-06-23,1750636800,31923727,0x6c561b446416e1a00e8e93e221854d6ea4171372,ETH/USDC,eth,3000,True,18,6,2226.901,-199237,3738781081055517992207171,139272971345215498,663490274388066424579497669930880597528611,2363884930414125533581621875459715
2025-06-24,1750723200,31966927,0x6c561b446416e1a00e8e93e221854d6ea4171372,ETH/USDC,eth,3000,True,18,6,2418.0694,-198413,3895955279675409746369418,225213962592994412,665227004347504240475797563724570299741404,2369889883180137902959927910159296
2025-06-25,1750809600,32010127,0x6c561b446416e1a00e8e93e221854d6ea4171372,ETH/USDC,eth,3000,True,18,6,2445.94,-198299,3918343303020710736440601,242209376379107603,666119959551580187893632323655433014756308,2372345059552225964455341208124180
2025-06-26,1750896000,32053327,0x6c561b446416e1a00e8e93e221854d6ea4171372,ETH/USDC,eth,3000,True,18,6,2415.0873,-198426,3893552180019636868895398,291047558962017486,667009004839781402862475987756567310282498,2374184881117596138140522482370428
2025-06-27,1750982400,32096527,0x6c561b446416e1a00e8e93e221854d6ea4171372,ETH/USDC,eth,3000,True,18,6,2414.2334,-198429,3892863829697368353436568,323427156211172801,667922626609792597277707333039081011546556,2376416477743185340593618891879244
2025-06-28,1751068800,32139727,0x6c561b446416e1a00e8e93e221854d6ea4171372,ETH/USDC,eth,3000,True,18,6,2423.2726,-198392,3900144695962852982813479,345271701195697101,668469517514442094643330559589651684675581,2377837378258282024724991852018843
2025-06-29,1751155200,32182927,0x6c561b446416e1a00e8e93e221854d6ea4171372,ETH/USDC,eth,3000,True,18,6,2436.1609,-198339,3910502501808646601533308,383143789491757026,668533395712447855260336893875381602918734,2378126259162995793500510690004687
2025-06-30,1751241600,32226127,0x6c561b446416e1a00e8e93e221854d6ea4171372,ETH/USDC,eth,3000,True,18,6,2503.3552,-198067,3964065513920046812558590,399055412595798197,668764475024471791484784729349943422457441,2379386124182815554262527420140868
2025-07-01,1751328000,32269327,0x6c561b446416e1a00e8e93e221854d6ea4171372,ETH/USDC,eth,3000,True,18,6,2490.8269,-198117,3954133798131846074799464,410275850444638549,669365360430007325699994095481101427411089,2380748251011323734590299354629241
2025-07-02,1751414400,32312527,0x6c561b446416e1a00e8e93e221854d6ea4171372,ETH/USDC,eth,3000,True,18,6,2399.3818,-198491,3880871523676845466810524,298944407177317296,670024130124086457265741334051071796915150,2381409469971183338104389415684573
2025-07-03,1751500800,32355727,0x6c561b446416e1a00e8e93e221854d6ea4171372,ETH/USDC,eth,3000,True,18,6,2577.8301,-197774,4022598916562119297900658,435761123445044651,670449102927598655756378432214449440954000,2384313843251693807258437074366859
2025-07-04,1751587200,32398927,0x6c561b446416e1a00e8e93e221854d6ea4171372,ETH/USDC,eth,3000,True,18,6,2594.228,-197710,4035372710762903250556291,442801613716627773,671008602598477834164172257279379254110374,2385930954738897120102119342922169
2025-07-05,1751673600,32442127,0x6c561b446416e1a00e8e93e221854d6ea4171372,ETH/USDC,eth,3000,True,18,6,2512.3576,-198031,3971186773335086491647465,429034741013375787,671625958804544869822651333805378872977850,2386667152057838299905998107932786
2025-07-06,1751760000,32485327,0x6c561b446416e1a00e8e93e221854d6ea4171372,ETH/USDC,eth,3000,True,18,6,2515.3435,-198019,3973545876916272712195665,426606828218811484,671788722222708635150793711948100759067894,2387106158351291954657827784320521
2025-07-07,1751846400,32528527,0x6c561b446416e1a00e8e93e221854d6ea4171372,ETH/USDC,eth,3000,True,18,6,2571.1734,-197799,4017401791239218060244301,425448851887231185,672066771643512962197549147241828533128319,2388384934016959494479872969525507
2025-07-08,1751932800,32571727,0x6c561b446416e1a00e8e93e221854d6ea4171372,ETH/USDC,eth,3000,True,18,6,2538.4098,-197928,3991723517254401385473156,459197543445568092,672630623692381040071342375327108595013041,2389491561910358593291656244689316
2025-07-09,1752019200,32614927,0x6c561b446416e1a00e8e93e221854d6ea4171372,ETH/USDC,eth,3000,True,18,6,2610.5238,-197648,4048027098314027311309391,486632655890832945,672875235397022805618192302146096781556204,2390849136174965354572127022352109
2025-07-10,1752105600,32658127,0x6c561b446416e1a00e8e93e221854d6ea4171372,ETH/USDC,eth,3000,True,18,6,2775.6968,-197034,4174126388272085263637372,428732238835573905,673356527900747824877513217736577839137140,2393770401129402803806245531750525
2025-07-11,1752192000,32701327,0x6c561b446416e1a00e8e93e221854d6ea4171372,ETH/USDC,eth,3000,True,18,6,2949.1326,-196428,4302557984206300830239312,585353981564184277,674292144198475004504388549093820901659816,2398124968506802968374244563462885
2025-07-12,1752278400,32744527,0x6c561b446416e1a00e8e93e221854d6ea4171372,ETH/USDC,eth,3000,True,18,6,2953.5105,-196413,4305750323511011204230311,768408731832050374,675431290155152321669338560531810531307283,2401561798607195043061954254023890
2025-07-13,1752364800,32787727,0x6c561b446416e1a00e8e93e221854d6ea4171372,ETH/USDC,eth,3000,True,18,6,2940.1965,-196458,4296034482261549989948810,813002523632390061,675820674080387067634254680105526756727356,2402582132194353571296565260375539
2025-07-14,1752451200,32830927,0x6c561b446416e1a00e8e93e221854d6ea4171372,ETH/USDC,eth,3000,True,18,6,2971.9078,-196351,4319139667339590090156138,793863581269651565,676201200149468650645656964304654628149094,2404015257729429226179053568757148
2025-07-15,1752537600,32874127,0x6c561b446416e1a00e8e93e221854d6ea4171372,ETH/USDC,eth,3000,True,18,6,3012.1982,-196216,4348318588144175204956714,889176821677473442,676883091659676605889796264928984313772093,2406460998268839760546093066332907
2025-07-16,1752624000,32917327,0x6c561b446416e1a00e8e93e221854d6ea4171372,ETH/USDC,eth,3000,True,18,6,3135.311,-195816,4436289714329314418067335,992855230521148825,677922355609280526044878974101019279415799,2410726441617087654358052319896448
2025-07-17,1752710400,32960527,0x6c561b446416e1a00e8e93e221854d6ea4171372,ETH/USDC,eth,3000,True,18,6,3366.7331,-195103,4597099777434182888395168,558626998306808597,678688784018209150760753113910641514707325,2415320415940118292650810882666755
2025-07-18,1752796800,33003727,0x6c561b446416e1a00e8e93e221854d6ea4171372,ETH/USDC,eth,3000,True,18,6,3482.85,-194764,4675703550743047697802483,623277342593741551,679998015822243296593522765015635313981116,2420810998440568550504090023121536
2025-07-19,1752883200,33046927,0x6c561b446416e1a00e8e93e221854d6ea4171372,ETH/USDC,eth,3000,True,18,6,3542.5107,-194595,4715580545152869825527687,1362004976209006329,681453567752063299062646905388970716606832,2426544539611315470275041530466369
2025-07-20,1752969600,33090127,0x6c561b446416e1a00e8e93e221854d6ea4171372,ETH/USDC,eth,3000,True,18,6,3589.6028,-194462,4746820202218587398462470,1438360655815123175,681894883974293038070765896109833134715769,2428518993407937546535548743496356
2025-07-21,1753056000,33133327,0x6c561b446416e1a00e8e93e221854d6ea4171372,ETH/USDC,eth,3000,True,18,6,3758.1612,-194004,4856990884517324368928276,685474540496649443,682554212596608671441519980575759051982272,2432402141157141490522146874623860
2025-07-22,1753142400,33176527,0x6c561b446416e1a00e8e93e221854d6ea4171372,ETH/USDC,eth,3000,True,18,6,3766.0242,-193983,4862069196543577970726806,1368851261080851011,683450344272073078265736285469566970551039,2435852697159291591629644593364396
2025-07-23,1753228800,33219727,0x6c561b446416e1a00e8e93e221854d6ea4171372,ETH/USDC,eth,3000,True,18,6,3741.8406,-194047,4846433123953725244827967,1391121079851032530,684543226374503258830590368034982516361519,2439694986935170684513825365225076
2025-07-24,1753315200,33262927,0x6c561b446416e1a00e8e93e221854d6ea4171372,ETH/USDC,eth,3000,True,18,6,3625.8014,-194362,4770694304144798179104970,1419750771236687685,685581612073351529733169807223328970149188,2442493656163243106690274202860944
2025-07-25,1753401600,33306127,0x6c561b446416e1a00e8e93e221854d6ea4171372,ETH/USDC,eth,3000,True,18,6,3710.7151,-194131,4826234141183167510168398,1774987466624779121,686481160072625098012956766739090365003424,2446493138868205878286365173800790
2025-07-26,1753488000,33349327,0x6c561b446416e1a00e8e93e221854d6ea4171372,ETH/USDC,eth,3000,True,18,6,3719.5139,-194107,4831952759225030702466645,1509385477768071834,687555420934911455228122837117354413899820,2450497801918909381505872663284671
2025-07-27,1753574400,33392527,0x6c561b446416e1a00e8e93e221854d6ea4171372,ETH/USDC,eth,3000,True,18,6,3749.0681,-194028,4851111385957596376263686,952134936555090927,687846743720384232088553471868986086297947,2451838237934111427591692062488574
2025-07-28,1753660800,33435727,0x6c561b446416e1a00e8e93e221854d6ea4171372,ETH/USDC,eth,3000,True,18,6,3867.6868,-193716,4927257193334573865467242,1368526371786063285,688173000640570929086186341024809983327240,2454067980877305154927317402967947
2025-07-29,1753747200,33478927,0x6c561b446416e1a00e8e93e221854d6ea4171372,ETH/USDC,eth,3000,True,18,6,3787.4466,-193926,4875878124190194858857682,1552280840292414741,688889715861595358819179253433023455752459,2456152154405159457302037700107333
2025-07-30,1753833600,33522127,0x6c561b446416e1a00e8e93e221854d6ea4171372,ETH/USDC,eth,3000,True,18,6,3788.9178,-193922,4876825024129549604214648,1722051039426718180,689723287421448450591248597386108097655716,2459325563124240814904430770722511
2025-07-31,1753920000,33565327,0x6c561b446416e1a00e8e93e221854d6ea4171372,ETH/USDC,eth,3000,True,18,6,3800.7389,-193891,4884426776329994702095741,1698950121353472628,690457891711284275053069077341420558699513,2462197495119704483392836591838167
2025-08-01,1754006400,33608527,0x6c561b446416e1a00e8e93e221854d6ea4171372,ETH/USDC,eth,3000,True,18,6,3695.791,-194171,4816519061811270977751190,980551103181851467,691029588905925495530494989509884252490967,2463479403376530715532645296081795
2025-08-02,1754092800,33651727,0x6c561b446416e1a00e8e93e221854d6ea4171372,ETH/USDC,eth,3000,True,18,6,3481.5218,-194768,4674811931272642034387710,1054766270639879215,692716103765002669079724251096144370924569,2467714287747980373986843911970942
2025-08-03,1754179200,33694927,0x6c561b446416e1a00e8e93e221854d6ea4171372,ETH/USDC,eth,3000,True,18,6,3400.5988,-195003,4620162803881422668774148,1399858586519606369,693640853278786642983357781189523348168481,2470196451170648822949375860338350
2025-08-04,1754265600,33738127,0x6c561b446416e1a00e8e93e221854d6ea4171372,ETH/USDC,eth,3000,True,18,6,3507.1024,-194695,4691954639433746367674525,1588112048542536277,693915148988798905257083586730189740519687,2472071480812385712730552302077552
2025-08-05,1754352000,33781327,0x6c561b446416e1a00e8e93e221854d6ea4171372,ETH/USDC,eth,3000,True,18,6,3720.2914,-194105,4832457743245168311249638,1663959124335955906,694194816535918096549296850977684264553561,2474897560470964499135178557166011
2025-08-06,1754438400,33824527,0x6c561b446416e1a00e8e93e221854d6ea4171372,ETH/USDC,eth,3000,True,18,6,3614.366,-194394,4763165218243146429892530,1690687567651321199,695032137426821830092362994840473753138918,2477038184511820747409386663142779
2025-08-07,1754524800,33867727,0x6c561b446416e1a00e8e93e221854d6ea4171372,ETH/USDC,eth,3000,True,18,6,3676.3338,-194224,4803823604062966924892599,1865449815147210055,695484053293715406689681379410276102171744,2479200465894843632425161906475676
2025-08-08,1754611200,33910927,0x6c561b446416e1a00e8e93e221854d6ea4171372,ETH/USDC,eth,3000,True,18,6,3907.4812,-193614,4952540463396048965157612,1034096162812558875,695829474069311719391240144066997669430413,2482430631709246000199860520526610
2025-08-09,1754697600,33954127,0x6c561b446416e1a00e8e93e221854d6ea4171372,ETH/USDC,eth,3000,True,18,6,4019.6736,-193331,5023136512219421886205397,1457511821067745365,696387246981364160703596621627842082742791,2485550595786591836569839717305005
2025-08-10,1754784000,33997327,0x6c561b446416e1a00e8e93e221854d6ea4171372,ETH/USDC,eth,3000,True,18,6,4262.4009,-192744,5172574195828988277751252,1474743159808044953,696915297121835038783081121056100881145451,2489706407784603177605639899196573
2025-08-11,1754870400,34040527,0x6c561b446416e1a00e8e93e221854d6ea4171372,ETH/USDC,eth,3000,True,18,6,4243.7693,-192788,5161256789541809472564424,1636832144955980648,697512228735467347143791675298795068346858,2492086227482092115894283088630550
2025-08-12,1754956800,34083727,0x6c561b446416e1a00e8e93e221854d6ea4171372,ETH/USDC,eth,3000,True,18,6,4223.6862,-192836,5149029836674577906923913,1644393042228607047,698441162982359214634530494397412796305827,2495897036595356748496085454520689
2025-08-13,1755043200,34126927,0x6c561b446416e1a00e8e93e221854d6ea4171372,ETH/USDC,eth,3000,True,18,6,4598.0196,-191987,5372358607095156414958220,1025328373620643862,699008750371437192714791094246575207877161,2501300607957492595615803598181357
2025-08-14,1755129600,34170127,0x6c561b446416e1a00e8e93e221854d6ea4171372,ETH/USDC,eth,3000,True,18,6,4763.7248,-191632,5468307321519412223499572,1434786392995623196,699798535717247447951653223124293649000187,2506241870206686003203800996252413
2025-08-15,1755216000,34213327,0x6c561b446416e1a00e8e93e221854d6ea4171372,ETH/USDC,eth,3000,True,18,6,4553.6336,-192084,5346365228270288137927841,1457335082849760762,701621206961960498198144005774498513993200,2513058742489807400359170649998216
2025-08-16,1755302400,34256527,0x6c561b446416e1a00e8e93e221854d6ea4171372,ETH/USDC,eth,3000,True,18,6,4433.3056,-192351,5275254511440089214003614,1487494853135661861,702688825602763902971103876903013346129776,2516942217905973276000538737164398
2025-08-17,1755388800,34299727,0x6c561b446416e1a00e8e93e221854d6ea4171372,ETH/USDC,eth,3000,True,18,6,4424.3948,-192371,5269950281122922807645314,1561525272666619098,703041537425721110398916756015442390289124,2518436065588763218451871499976469
2025-08-18,1755475200,34342927,0x6c561b446416e1a00e8e93e221854d6ea4171372,ETH/USDC,eth,3000,True,18,6,4483.2949,-192239,5304912656473992102686545,1712242960223776259,703430397494870977943010633535550273120179,2520637903108562276215560941551483
2025-08-19,1755561600,34386127,0x6c561b446416e1a00e8e93e221854d6ea4171372,ETH/USDC,eth,3000,True,18,6,4319.2865,-192612,5206976142386191147263529,1660919545817891308,704786892687040139006490730865520486874670,2525251112652287748996617683895146
2025-08-20,1755648000,34429327,0x6c561b446416e1a00e8e93e221854d6ea4171372,ETH/USDC,eth,3000,True,18,6,4078.8355,-193185,5059966954140186734257616,858582720952167733,705982946266400113141852726680682488866100,2528400084369094564980236040672070
2025-08-21,1755734400,34472527,0x6c561b446416e1a00e8e93e221854d6ea4171372,ETH/USDC,eth,3000,True,18,6,4339.3082,-192566,5219030493908698765160183,1690657583950550403,706832318762119125874391316611912728364128,2534042858373301061017059496758134
2025-08-22,1755820800,34515727,0x6c561b446416e1a00e8e93e221854d6ea4171372,ETH/USDC,eth,3000,True,18,6,4221.9569,-192840,5147975622337048221550012,1736960195925850236,707708116337157323074044301775135070449677,2536867525189879834690776709374645
2025-08-23,1755907200,34558927,0x6c561b446416e1a00e8e93e221854d6ea4171372,ETH/USDC,eth,3000,True,18,6,4831.6176,-191491,5507136748102854982016956,1473742648594907909,708789885332877389229664997873228210021610,2546439196349372319577048834740095
2025-08-24,1755993600,34602127,0x6c561b446416e1a00e8e93e221854d6ea4171372,ETH/USDC,eth,3000,True,18,6,4780.5012,-191597,5477927732426520208378421,1485607569886435220,709234933960537184738136266694705283832699,2548171360307873113125608185731498
2025-08-25,1756080000,34645327,0x6c561b446416e1a00e8e93e221854d6ea4171372,ETH/USDC,eth,3000,True,18,6,4788.0271,-191582,5482237947896568791912569,1543983470631056642,710207421765829443576524549326948618926117,2552902061908484473157762678606437
2025-08-26,1756166400,34688527,0x6c561b446416e1a00e8e93e221854d6ea4171372,ETH/USDC,eth,3000,True,18,6,4379.1,-192474,5242905317619063970594099,1522724707186240813,711893425793591530003201715853459079317347,2557490113609829651193137762461006
2025-08-27,1756252800,34731727,0x6c561b446416e1a00e8e93e221854d6ea4171372,ETH/USDC,eth,3000,True,18,6,4604.8796,-191972,5376364704919192050683017,1949237816126105794,712766382795137401126640817501487853475382,2563108492157389477998425115172246
2025-08-28,1756339200,34774927,0x6c561b446416e1a00e8e93e221854d6ea4171372,ETH/USDC,eth,3000,True,18,6,4504.4921,-192192,5317438755344200821105178,1949334302655790230,713756446851584839984131486394395403252242,2566883881723149012336263084432723
2025-08-29,1756425600,34818127,0x6c561b446416e1a00e8e93e221854d6ea4171372,ETH/USDC,eth,3000,True,18,6,4503.0602,-192195,5316593564180892722697925,2057464361320518961,714240898942474442871305177403939629629003,2569066508039464744543484113530566
2025-08-30,1756512000,34861327,0x6c561b446416e1a00e8e93e221854d6ea4171372,ETH/USDC,eth,3000,True,18,6,4362.2448,-192513,5232805582163290318460257,1896314691269101092,715245511133844332108801695833315917818501,2572381199458808246320322135141337
2025-08-31,1756598400,34904527,0x6c561b446416e1a00e8e93e221854d6ea4171372,ETH/USDC,eth,3000,True,18,6,4365.9982,-192504,5235056351729726766857496,2016586487741665903,715573311521872356279482064542990148151808,2573834061698566073418035234002202
2025-09-01,1756684800,34947727,0x6c561b446416e1a00e8e93e221854d6ea4171372,ETH/USDC,eth,3000,True,18,6,4392.3289,-192444,5250818518740985275675112,2061980605033616529,715863775973625564637992697385951514740998,2575330284403599873559515389893627
2025-09-02,1756771200,34990927,0x6c561b446416e1a00e8e93e221854d6ea4171372,ETH/USDC,eth,3000,True,18,6,4306.5486,-192641,5199292607778454110433406,1875728714497020700,716636056746898613192730195841234690896595,2578027626379916641732170014255705
2025-09-03,1756857600,35034127,0x6c561b446416e1a00e8e93e221854d6ea4171372,ETH/USDC,eth,3000,True,18,6,4325.1659,-192598,5210518849808677068062612,2206918039045516300,717265076492382054799529982584239773593880,2580897738040289653785023128811877
2025-09-04,1756944000,35077327,0x6c561b446416e1a00e8e93e221854d6ea4171372,ETH/USDC,eth,3000,True,18,6,4459.5174,-192292,5290826424929565470514752,2656280920292837149,717544013296945796011008486172528716825839,2583153674390540826430166599394466
2025-09-05,1757030400,35120527,0x6c561b446416e1a00e8e93e221854d6ea4171372,ETH/USDC,eth,3000,True,18,6,4309.4206,-192635,5201026029339248439225700,2755247217345712331,718144645903800598653883153642248682148461,2584618012925869923161500735923756
2025-09-06,1757116800,35163727,0x6c561b446416e1a00e8e93e221854d6ea4171372,ETH/USDC,eth,3000,True,18,6,4307.2457,-192640,5199713431215947138196127,2870070004352910325,718833818440664645998502863131589393526611,2587614102924378465025618304010221
2025-09-07,1757203200,35206927,0x6c561b446416e1a00e8e93e221854d6ea4171372,ETH/USDC,eth,3000,True,18,6,4276.3507,-192712,5181031590816677279200157,2301237595152406168,719007557042815799153883564061046269348912,2588116618405279005882405321046772
2025-09-08,1757289600,35250127,0x6c561b446416e1a00e8e93e221854d6ea4171372,ETH/USDC,eth,3000,True,18,6,4310.7965,-192632,5201856224741992376937852,2663708775699719892,719067635210128769485806385765886632638114,2588644216132258932719187206458076
2025-09-09,1757376000,35293327,0x6c561b446416e1a00e8e93e221854d6ea4171372,ETH/USDC,eth,3000,True,18,6,4309.9428,-192634,5201341094762684384077019,2666128337240837258,719372924053236161957592892036073789583651,2589958007519538807921116203040402
2025-09-10,1757462400,35336527,0x6c561b446416e1a00e8e93e221854d6ea4171372,ETH/USDC,eth,3000,True,18,6,4307.278,-192640,5199732895125870526163598,2741864459812291391,719603523338422345589237593306316698238893,2590935210968994885786747977622795
2025-09-11,1757548800,35379727,0x6c561b446416e1a00e8e93e221854d6ea4171372,ETH/USDC,eth,3000,True,18,6,4344.507,-192554,5222155905208911464153020,2649037457623610457,719914129702925342332724895734525220403530,2592583064548000624894049466259831
2025-09-12,1757635200,35422927,0x6c561b446416e1a00e8e93e221854d6ea4171372,ETH/USDC,eth,3000,True,18,6,4457.7923,-192296,5289803025661230696382440,2720128905852048520,720222598475040482473904934119797762974798,2594822390975228122474735013887816
2025-09-13,1757721600,35466127,0x6c561b446416e1a00e8e93e221854d6ea4171372,ETH/USDC,eth,3000,True,18,6,4704.5478,-191757,5434236366062974589145030,1552864064199172822,720482392425047675787803709972104642301892,2597885829485239270690170767381763
2025-09-14,1757808000,35509327,0x6c561b446416e1a00e8e93e221854d6ea4171372,ETH/USDC,eth,3000,True,18,6,4661.5399,-191849,5409340087249962610718128,1940912556183634451,720785181967868706679251252690637665909076,2598984683466109387355905973755690
2025-09-15,1757894400,35552527,0x6c561b446416e1a00e8e93e221854d6ea4171372,ETH/USDC,eth,3000,True,18,6,4617.9834,-191943,5384008857891434515970246,2324316422873172335,721018944961730809566527501446089884027824,2599741631312337690085271166268476
2025-09-16,1757980800,35595727,0x6c561b446416e1a00e8e93e221854d6ea4171372,ETH/USDC,eth,3000,True,18,6,4519.1566,-192160,5326087304586375192704659,2235112665618788045,721461986242524850378580907726376665655805,2601012402721672604523864448216371
2025-09-17,1758067200,35638927,0x6c561b446416e1a00e8e93e221854d6ea4171372,ETH/USDC,eth,3000,True,18,6,4510.8314,-192178,5321179131085227448778522,2294736227784878968,721733308070722205645553842905957545653126,2602166305692506753350153774969780
2025-09-18,1758153600,35682127,0x6c561b446416e1a00e8e93e221854d6ea4171372,ETH/USDC,eth,3000,True,18,6,4596.1697,-191991,5371277738431082827046161,2299555684435780727,722395609210443033296557001664659140901319,2605791949342437104652303111799378
2025-09-19,1758240000,35725327,0x6c561b446416e1a00e8e93e221854d6ea4171372,ETH/USDC,eth,3000,True,18,6,4586.4311,-192012,5365584289120631991796736,2319114252591432225,722646144400754866130355424434641363914243,2606870639807320613842641333630074
2025-09-20,1758326400,35768527,0x6c561b446416e1a00e8e93e221854d6ea4171372,ETH/USDC,eth,3000,True,18,6,4462.5704,-192286,5292637208648611656200124,2321191259078083389,722979957374029429889005357285839661509728,2607437585293868481581517684203013
2025-09-21,1758412800,35811727,0x6c561b446416e1a00e8e93e221854d6ea4171372,ETH/USDC,eth,3000,True,18,6,4491.1918,-192222,5309582655491073862690046,2335721641136032870,723003756821290498053549599577235320284313,2607763420656282762001404965677992
2025-09-22,1758499200,35854927,0x6c561b446416e1a00e8e93e221854d6ea4171372,ETH/USDC,eth,3000,True,18,6,4459.1477,-192293,5290607155914025238166399,2301131565266747241,723122462894909567068826703414533119170860,2608049407910285747308780773813539
2025-09-23,1758585600,35898127,0x6c561b446416e1a00e8e93e221854d6ea4171372,ETH/USDC,eth,3000,True,18,6,4199.3848,-192893,5134195733029716418289014,1687889429482332037,724348602599474773116063960400896726993707,2611220766931089878203860661346868
2025-09-24,1758672000,35941327,0x6c561b446416e1a00e8e93e221854d6ea4171372,ETH/USDC,eth,3000,True,18,6,4175.2834,-192951,5119441271306181888465728,1775668562930665464,724804214151900661741386259807987466810923,2612933858219361281409425959991696
2025-09-25,1758758400,35984527,0x6c561b446416e1a00e8e93e221854d6ea4171372,ETH/USDC,eth,3000,True,18,6,4153.8898,-193002,5106308760628664316987298,1807289919202658180,725214500315533593644211915591761200020988,2614468782197436300593866634514338
2025-09-26,1758844800,36027727,0x6c561b446416e1a00e8e93e221854d6ea4171372,ETH/USDC,eth,3000,True,18,6,3865.8035,-193721,4926057407849340283422208,909904206431272256,726972909954606515432578108994686065371360,2619144362963334190972360829696934
2025-09-27,1758931200,36070927,0x6c561b446416e1a00e8e93e221854d6ea4171372,ETH/USDC,eth,3000,True,18,6,4029.8278,-193306,5029477036112089353939912,1442910247641753772,727550345592842207648266346730621849778226,2622758713919804304986196962094049
2025-09-28,1759017600,36114127,0x6c561b446416e1a00e8e93e221854d6ea4171372,ETH/USDC,eth,3000,True,18,6,4023.9395,-193320,5025801163128740672498320,1419228868185629901,727710497623876896154217416413920905586135,2623353492090080330833718036507590
2025-09-29,1759104000,36157327,0x6c561b446416e1a00e8e93e221854d6ea4171372,ETH/USDC,eth,3000,True,18,6,4134.6007,-193049,5094439076009055482806272,1506658356351195088,727833883685661149219544128002552161544070,2624735676386451548370937009507007
2025-09-30,1759190400,36200527,0x6c561b446416e1a00e8e93e221854d6ea4171372,ETH/USDC,eth,3000,True,18,6,4226.4366,-192829,5150705996938378705472549,1650082314637824837,728081319878422554557513414636510378929624,2626486788010724026808236333432346
2025-10-01,1759276800,36243727,0x6c561b446416e1a00e8e93e221854d6ea4171372,ETH/USDC,eth,3000,True,18,6,4134.9736,-193048,5094668796063894672669582,1533728083923403587,728568471099282376510195556116253905547236,2627793790169168548440461689146544
2025-10-02,1759363200,36286927,0x6c561b446416e1a00e8e93e221854d6ea4171372,ETH/USDC,eth,3000,True,18,6,4346.4646,-192549,5223332324169122998969105,1549700591454367036,728844819524158034687053003404802782617565,2630636374093249535499431317820472
2025-10-03,1759449600,36330127,0x6c561b446416e1a00e8e93e221854d6ea4171372,ETH/USDC,eth,3000,True,18,6,4477.8889,-192251,5301713340218286442304611,1593075114440814054,729190164530313990405719836732752660720752,2633171977051309265458887625304580
2025-10-04,1759536000,36373327,0x6c561b446416e1a00e8e93e221854d6ea4171372,ETH/USDC,eth,3000,True,18,6,4524.1234,-192149,5329013282129338174755112,1593959169265986843,729804603552599488996387934100713633234577,2636293714764982017779312152799376
2025-10-05,1759622400,36416527,0x6c561b446416e1a00e8e93e221854d6ea4171372,ETH/USDC,eth,3000,True,18,6,4484.243,-192237,5305473539767424906620639,1526143186044132648,729982348683564590092055345262009489072978,2636787936480183008187556655795139
2025-10-06,1759708800,36459727,0x6c561b446416e1a00e8e93e221854d6ea4171372,ETH/USDC,eth,3000,True,18,6,4512.2471,-192175,5322014095254088744602346,1645846591121014838,730302729795314325198523510389410955812110,2638457654075765954599456385637118
2025-10-07,1759795200,36502927,0x6c561b446416e1a00e8e93e221854d6ea4171372,ETH/USDC,eth,3000,True,18,6,4696.2903,-191775,5429465175792886641763386,1587656249662179057,730562731165238302107905444268303363032371,2641043562632960281347434536860942
2025-10-08,1759881600,36546127,0x6c561b446416e1a00e8e93e221854d6ea4171372,ETH/USDC,eth,3000,True,18,6,4445.9303,-192323,5282760362266230748721877,1432011179235042397,731462362242853837046959927057459794456234,2643272473493097152960120323635456
2025-10-09,1759968000,36589327,0x6c561b446416e1a00e8e93e221854d6ea4171372,ETH/USDC,eth,3000,True,18,6,4526.3023,-192144,5330296433091645741119046,1622285952510247567,731849882200270431976393824099353470429527,2645621849055020125955179642859408
2025-10-10,1760054400,36632527,0x6c561b446416e1a00e8e93e221854d6ea4171372,ETH/USDC,eth,3000,True,18,6,4373.1828,-192488,5239361911023924509622253,1390985714460509959,732590303438848616065633240155626501831004,2647694258553181875961593418792011
2025-10-11,1760140800,36675727,0x6c561b446416e1a00e8e93e221854d6ea4171372,ETH/USDC,eth,3000,True,18,6,3836.2838,-193798,4907213464176809871692799,605083345897596952,741409454626651728284666215634534839127360,2676520767188655718881363552880418
2025-10-12,1760227200,36718927,0x6c561b446416e1a00e8e93e221854d6ea4171372,ETH/USDC,eth,3000,True,18,6,3747.6852,-194031,4850216650447708005216309,808228328906754836,743355914733562542112009166644998590074281,2683153005300438648851827534729805
2025-10-13,1760313600,36762127,0x6c561b446416e1a00e8e93e221854d6ea4171372,ETH/USDC,eth,3000,True,18,6,4154.2538,-193001,5106532435046034789282852,961117452741105767,744752114290310968737343652402441996421623,2692024600835380460138497166178406
2025-10-14,1760400000,36805327,0x6c561b446416e1a00e8e93e221854d6ea4171372,ETH/USDC,eth,3000,True,18,6,4252.5755,-192768,5166609067199222992886431,1532137473530378151,745788182816736237356569358761023658840352,2697100455521941302332597620040887
2025-10-15,1760486400,36848527,0x6c561b446416e1a00e8e93e221854d6ea4171372,ETH/USDC,eth,3000,True,18,6,4134.7444,-193049,5094527592639034936559974,1360570639001193824,747770795655926264435233238597272112633204,2704206813863130326158966012179747
2025-10-16,1760572800,36891727,0x6c561b446416e1a00e8e93e221854d6ea4171372,ETH/USDC,eth,3000,True,18,6,3983.7357,-193421,5000631371648589157472500,1169705799489060160,749128626265038149074145651987802210594349,2708497464739991836867124008342190
2025-10-17,1760659200,36934927,0x6c561b446416e1a00e8e93e221854d6ea4171372,ETH/USDC,eth,3000,True,18,6,3887.5741,-193665,4939908720685401615702075,872164988985677743,750458925004022270697081292881474923927695,2712984838291897436788854851602686
2025-10-18,1760745600,36978127,0x6c561b446416e1a00e8e93e221854d6ea4171372,ETH/USDC,eth,3000,True,18,6,3841.7489,-193784,4910707574071098791135476,851152705619834975,752041926553917060379072403418546496590887,2718607812516078829763897341523615
2025-10-19,1760832000,37021327,0x6c561b446416e1a00e8e93e221854d6ea4171372,ETH/USDC,eth,3000,True,18,6,3886.5237,-193668,4939241321998582893854536,971953066659726449,752315862154905396658340845168488920903197,2720038861630709837738699092121681
2025-10-20,1760918400,37064527,0x6c561b446416e1a00e8e93e221854d6ea4171372,ETH/USDC,eth,3000,True,18,6,3983.3564,-193422,5000393330752996472280979,1169996972239562633,752934459370360071974000377596403507173044,2723263685416065025443937400227665
2025-10-21,1761004800,37107727,0x6c561b446416e1a00e8e93e221854d6ea4171372,ETH/USDC,eth,3000,True,18,6,3983.5972,-193421,5000544459155502111006638,1189684102409215166,753515191951798289720767629608468193492676,2725582856088932114918300857154025
2025-10-22,1761091200,37150927,0x6c561b446416e1a00e8e93e221854d6ea4171372,ETH/USDC,eth,3000,True,18,6,3872.0491,-193705,4930035102705694032985809,1053610733269929833,754793935063442564120655415658118821911568,2729728572833242779444959057144709
2025-10-23,1761177600,37194127,0x6c561b446416e1a00e8e93e221854d6ea4171372,ETH/USDC,eth,3000,True,18,6,3806.6951,-193875,4888252486988223528515700,1084090768858867238,756037942174430099806749206767377389042505,2733939297805875035910048567276350
2025-10-24,1761264000,37237327,0x6c561b446416e1a00e8e93e221854d6ea4171372,ETH/USDC,eth,3000,True,18,6,3850.4219,-193761,4916247545346827355345076,1069757025577169660,756536205813669096280470767965663231496354,2736230768675119404918273204023490
2025-10-25,1761350400,37280527,0x6c561b446416e1a00e8e93e221854d6ea4171372,ETH/USDC,eth,3000,True,18,6,3934.7297,-193544,4969778534316701601917511,1234840235135151491,757002516626145753662612141929418212542768,2738761597541606167639545467033360
2025-10-26,1761436800,37323727,0x6c561b446416e1a00e8e93e221854d6ea4171372,ETH/USDC,eth,3000,True,18,6,3954.2051,-193495,4982062603042541059686622,1282129742487805827,757098999716608536485502612019193506821042,2739300669867518538202962095386295
2025-10-27,1761523200,37366927,0x6c561b446416e1a00e8e93e221854d6ea4171372,ETH/USDC,eth,3000,True,18,6,4166.9371,-192971,5114321837492977743101258,1314736974990862900,757312832555674085787537626971600084856807,2741874783486286884052522866402264
2025-10-28,1761609600,37410127,0x6c561b446416e1a00e8e93e221854d6ea4171372,ETH/USDC,eth,3000,True,18,6,4116.4506,-193093,5083244920637445819887480,1310508983457174782,757933631862815135508132465574454244638066,2744063123079641331379117021103760
2025-10-29,1761696000,37453327,0x6c561b446416e1a00e8e93e221854d6ea4171372,ETH/USDC,eth,3000,True,18,6,3989.3278,-193407,5004139929286544899298064,1282707879586173873,758754222328034292617753490490032708917047,2746380692358872872848384555008738
2025-10-30,1761782400,37496527,0x6c561b446416e1a00e8e93e221854d6ea4171372,ETH/USDC,eth,3000,True,18,6,3894.2048,-193648,4944119684385830101995440,1167904854469955546,759677996198496171248622931009826304658795,2749249375853037453826160587564203
2025-10-31,1761868800,37539727,0x6c561b446416e1a00e8e93e221854d6ea4171372,ETH/USDC,eth,3000,True,18,6,3795.984,-193903,4881370473476271704648583,961903900203808026,760770142948206204497287832325891699932165,2752611280702478093882865097145469
2025-11-01,1761955200,37582927,0x6c561b446416e1a00e8e93e221854d6ea4171372,ETH/USDC,eth,3000,True,18,6,3854.0836,-193752,4918584621235783374794520,1059215817142012731,761335525128142219641600705652527383304951,2755269401716545910370229022502243
2025-11-02,1762041600,37626127,0x6c561b446416e1a00e8e93e221854d6ea4171372,ETH/USDC,eth,3000,True,18,6,3874.7153,-193698,4931732144592695080119201,1104174152451744213,761425923826867483733956780549968114108424,2755789272893566100804497245823735
2025-11-03,1762128000,37669327,0x6c561b446416e1a00e8e93e221854d6ea4171372,ETH/USDC,eth,3000,True,18,6,3904.677,-193621,4950763080600525857522942,1154367458904283574,761616255981504764424629629760937916408148,2756772664847700574810567727530173
2025-11-04,1762214400,37712527,0x6c561b446416e1a00e8e93e221854d6ea4171372,ETH/USDC,eth,3000,True,18,6,3596.2038,-194444,4751182712536907133270321,690162173044604452,763427287193494104520284794734090055658628,2760869625380349188103287486577099
2025-11-05,1762300800,37755727,0x6c561b446416e1a00e8e93e221854d6ea4171372,ETH/USDC,eth,3000,True,18,6,3291.2031,-195330,4545241128059846716112841,292513161634220778,768925831019092830665091179462465336527908,2776342956931690897259340319751657
2025-11-06,1762387200,37798927,0x6c561b446416e1a00e8e93e221854d6ea4171372,ETH/USDC,eth,3000,True,18,6,3425.5703,-194930,4637095361569080506936096,532515430868935625,770272220520801061275383263684486826287616,2781985547163783460102496216527144
2025-11-07,1762473600,37842127,0x6c561b446416e1a00e8e93e221854d6ea4171372,ETH/USDC,eth,3000,True,18,6,3304.3826,-195290,4554332649570405554602135,464752545519777294,771769740869426043792731323152264263074384,2785929708374386274241821588455409
2025-11-08,1762560000,37885327,0x6c561b446416e1a00e8e93e221854d6ea4171372,ETH/USDC,eth,3000,True,18,6,3441.8941,-194883,4648130753071224487539917,546210870542371635,773053329687796899060765890800480912013668,2791373378602531935251918605943838
2025-11-09,1762646400,37928527,0x6c561b446416e1a00e8e93e221854d6ea4171372,ETH/USDC,eth,3000,True,18,6,3405.3075,-194990,4623360436003959119806464,548012257108527225,773688909512590450103266886568824721365128,2793227178406114762109157787399149
2025-11-10,1762732800,37971727,0x6c561b446416e1a00e8e93e221854d6ea4171372,ETH/USDC,eth,3000,True,18,6,3575.9959,-194500,4737814907971511713954037,721833634389008662,774217114542777901407340824390216450172819,2796549632297716599690197351593091
2025-11-11,1762819200,38014927,0x6c561b446416e1a00e8e93e221854d6ea4171372,ETH/USDC,eth,3000,True,18,6,3570.2422,-194517,4734001870182250597331301,760209564180897701,774966246795081714078796174955486738509587,2799183232965852347078117319289605
2025-11-12,1762905600,38058127,0x6c561b446416e1a00e8e93e221854d6ea4171372,ETH/USDC,eth,3000,True,18,6,3418.3399,-194951,4632199004278439527059506,535738145510861921,776125410977993678376288278674535965549505,2801962677944369286246603833023890
2025-11-13,1762992000,38101327,0x6c561b446416e1a00e8e93e221854d6ea4171372,ETH/USDC,eth,3000,True,18,6,3413.2723,-194966,4628764116114007486639183,563995803068142762,777196173958910695912230582006297205268629,2805621447624205561223868769027029
2025-11-14,1763078400,38144527,0x6c561b446416e1a00e8e93e221854d6ea4171372,ETH/USDC,eth,3000,True,18,6,3236.1946,-195499,4507096917783277199187985,469937751370312924,779497096780583293448897116615455043611411,2811745103925817265263923699884498
2025-11-15,1763164800,38187727,0x6c561b446416e1a00e8e93e221854d6ea4171372,ETH/USDC,eth,3000,True,18,6,3109.379,-195899,4417905395142007126325957,764055727075359060,782953134816717399064211266354768785111899,2821527679376873746732791740997922
2025-11-16,1763251200,38230927,0x6c561b446416e1a00e8e93e221854d6ea4171372,ETH/USDC,eth,3000,True,18,6,3166.5884,-195716,4458362663986238508729836,874839491759772118,783430943824088777368953980413440906749353,2823567047131581336344384662087611
2025-11-17,1763337600,38274127,0x6c561b446416e1a00e8e93e221854d6ea4171372,ETH/USDC,eth,3000,True,18,6,3096.3339,-195941,4408628221216698486751232,805683553434515777,785147930296136081810467491371208751598427,2828252892913544845632715436372395
2025-11-18,1763424000,38317327,0x6c561b446416e1a00e8e93e221854d6ea4171372,ETH/USDC,eth,3000,True,18,6,3021.1812,-196186,4354797549119096895731044,831052856418396675,787263692926138335305042248992279906045738,2834089070559099880549925465578622
2025-11-19,1763510400,38360527,0x6c561b446416e1a00e8e93e221854d6ea4171372,ETH/USDC,eth,3000,True,18,6,3115.964,-195878,4422581068513332249489920,900407907614184593,789075443132252432783778979432710405118751,2840455388473117673014480802110327
2025-11-20,1763596800,38403727,0x6c561b446416e1a00e8e93e221854d6ea4171372,ETH/USDC,eth,3000,True,18,6,3016.7818,-196201,4351625695303454792089600,918480058073294188,791058097610605498267183036908056454117816,2845508459332947148577512957015853
2025-11-21,1763683200,38446927,0x6c561b446416e1a00e8e93e221854d6ea4171372,ETH/USDC,eth,3000,True,18,6,2832.3798,-196832,4216531322714470207205701,395198255216195844,793703655529971510462461692888596178594256,2851484053027527750870760456389652
2025-11-22,1763769600,38490127,0x6c561b446416e1a00e8e93e221854d6ea4171372,ETH/USDC,eth,3000,True,18,6,2760.5041,-197089,4162687261928028087793667,400142602319572896,799600071678837985256360578794433833645191,2866730328797640683159675379595858
2025-11-23,1763856000,38533327,0x6c561b446416e1a00e8e93e221854d6ea4171372,ETH/USDC,eth,3000,True,18,6,2774.7984,-197037,4173450795587310172089803,460183508576804844,800266848952825532996695493725683832751365,2868699575605656779089516676627958
2025-11-24,1763942400,38576527,0x6c561b446416e1a00e8e93e221854d6ea4171372,ETH/USDC,eth,3000,True,18,6,2803.0606,-196936,4194650922097691979762002,540249802898531506,800972227708012708524049876457523596787380,2870961660716289045476845060645163
2025-11-25,1764028800,38619727,0x6c561b446416e1a00e8e93e221854d6ea4171372,ETH/USDC,eth,3000,True,18,6,2960.6693,-196389,4310965377117372504103393,669365193233305612,802170104887129229215919970176690622739347,2875868201610055391716770407862099
2025-11-26,1764115200,38662927,0x6c561b446416e1a00e8e93e221854d6ea4171372,ETH/USDC,eth,3000,True,18,6,2961.984,-196384,4311922448813259129894031,719164907175673639,803270979738559750510929117726847784913691,2879086479064262113569039237922123
2025-11-27,1764201600,38706127,0x6c561b446416e1a00e8e93e221854d6ea4171372,ETH/USDC,eth,3000,True,18,6,3026.5484,-196169,4358664042207240243747136,1195431478097160761,803842819964784021069153385945822097144596,2881377155125003381439050829364813
2025-11-28,1764288000,38749327,0x6c561b446416e1a00e8e93e221854d6ea4171372,ETH/USDC,eth,3000,True,18,6,3015.0259,-196207,4350359072810890000000000,1223437224484595744,804223694858607920712310662921098272850594,2882423152935016497564003062184672
2025-11-29,1764374400,38792527,0x6c561b446416e1a00e8e93e221854d6ea4171372,ETH/USDC,eth,3000,True,18,6,3038.3851,-196130,4367179016676523349577486,1225970908507407388,804800769568142707175654849279997783456448,2884399843424627386411228595772892
2025-11-30,1764460800,38835727,0x6c561b446416e1a00e8e93e221854d6ea4171372,ETH/USDC,eth,3000,True,18,6,2990.871,-196287,4332897571656476093666365,784268409832367874,805136940407330761275508035341978463070900,2884968006058093531742992403308207
2025-12-01,1764547200,38878927,0x6c561b446416e1a00e8e93e221854d6ea4171372,ETH/USDC,eth,3000,True,18,6,2998.5937,-196262,4338487981972388108590202,877480957637176486,805381384976785060774083052085545347964985,2885777420150754005249142187498568
2025-12-02,1764633600,38922127,0x6c561b446416e1a00e8e93e221854d6ea4171372,ETH/USDC,eth,3000,True,18,6,2806.7413,-196923,4197404030423432521801424,676964367875896816,807222653318793200686799257492685314703100,2889164748029539749789401639344217
2025-12-03,1764720000,38965327,0x6c561b446416e1a00e8e93e221854d6ea4171372,ETH/USDC,eth,3000,True,18,6,3002.5706,-196248,4341363984297675771101474,1324477845971425543,807809450291061519819853737083905974613718,2892733806294808981988060351442016
2025-12-04,1764806400,39008527,0x6c561b446416e1a00e8e93e221854d6ea4171372,ETH/USDC,eth,3000,True,18,6,3190.3344,-195642,4475047905256890607104922,1284728559295543436,808630774747313957159066069501665001792763,2897004020915544297059087573263307
2025-12-05,1764892800,39051727,0x6c561b446416e1a00e8e93e221854d6ea4171372,ETH/USDC,eth,3000,True,18,6,3139.4963,-195802,4439249656469622000000000,1312488435713391920,809661832732638630866893717661413894521171,2899809782673777301397061543271660
2025-12-06,1764979200,39094927,0x6c561b446416e1a00e8e93e221854d6ea4171372,ETH/USDC,eth,3000,True,18,6,3017.7187,-196198,4352301383575626307885645,1360434761316496061,810892543409818935567680718839254519793158,2902481966631004136840861073599848
2025-12-07,1765065600,39138127,0x6c561b446416e1a00e8e93e221854d6ea4171372,ETH/USDC,eth,3000,True,18,6,3036.8982,-196135,4366110261807421397530631,1425046688155706831,811112784489192423902010828144424069232762,2903330736032280114875695571362990
2025-12-08,1765152000,39181327,0x6c561b446416e1a00e8e93e221854d6ea4171372,ETH/USDC,eth,3000,True,18,6,3056.6109,-196070,4380257740697529397434932,1412529405898237770,812126807899512817903052968010641203151759,2906593577066353453552195515292079
2025-12-09,1765238400,39224527,0x6c561b446416e1a00e8e93e221854d6ea4171372,ETH/USDC,eth,3000,True,18,6,3123.0033,-195855,4427573789502999737401673,1509313931407903562,812986951890484957688770960874088966424730,2909896372876508994584442430761996
2025-12-10,1765324800,39267727,0x6c561b446416e1a00e8e93e221854d6ea4171372,ETH/USDC,eth,3000,True,18,6,3327.5833,-195220,4570293103724636862557219,1495726657785573323,813762369780323767913278419264839277774940,2914247000625519864883510784633189
2025-12-11,1765411200,39310927,0x6c561b446416e1a00e8e93e221854d6ea4171372,ETH/USDC,eth,3000,True,18,6,3331.3194,-195209,4572858082014121269372020,1589876815094692830,815024834696020847203400120055967640389015,2918534193549077945190866886347699
2025-12-12,1765497600,39354127,0x6c561b446416e1a00e8e93e221854d6ea4171372,ETH/USDC,eth,3000,True,18,6,3234.7137,-195504,4506065574076416370123469,1518433053946854976,816202212393546540295421442039116109230812,2921464610241551263829646327268736
2025-12-13,1765584000,39397327,0x6c561b446416e1a00e8e93e221854d6ea4171372,ETH/USDC,eth,3000,True,18,6,3088.3769,-195966,4402959914743159473000734,1874548707236772795,817259210029473164124754890181982896950039,2923463590001558404142930062356731
2025-12-14,1765670400,39440527,0x6c561b446416e1a00e8e93e221854d6ea4171372,ETH/USDC,eth,3000,True,18,6,3111.4076,-195892,4419346325759465729348529,2057723722178975977,817413311736287127233102777228557025785027,2924154591629196362181082098202637
2025-12-15,1765756800,39483727,0x6c561b446416e1a00e8e93e221854d6ea4171372,ETH/USDC,eth,3000,True,18,6,3060.3806,-196058,4382957951951202788379792,2045433158756443575,818004994702043496045840486520853662947235,2925507692177120040496105089224251
2025-12-16,1765843200,39526927,0x6c561b446416e1a00e8e93e221854d6ea4171372,ETH/USDC,eth,3000,True,18,6,2960.5646,-196389,4310889111784987079133153,1960893645543842994,819474024816926922391010305423577746333143,2929020833147757572755139048089706
2025-12-17,1765929600,39570127,0x6c561b446416e1a00e8e93e221854d6ea4171372,ETH/USDC,eth,3000,True,18,6,2956.8822,-196402,4308207326325495329622183,1779149977047736734,820637134564163683260770918167472384977969,2932402335777530130749761171779359
2025-12-18,1766016000,39613327,0x6c561b446416e1a00e8e93e221854d6ea4171372,ETH/USDC,eth,3000,True,18,6,2825.9587,-196855,4211749088552244653862819,1426754089743321423,822151551671620736356363300643031119782082,2935558645291259042628200510138688
2025-12-19,1766102400,39656527,0x6c561b446416e1a00e8e93e221854d6ea4171372,ETH/USDC,eth,3000,True,18,6,2824.1709,-196861,4210416590812260087866695,1676990869453517419,823727028789665509825804485068300420231262,2940093184197304933735848921349674
2025-12-20,1766188800,39699727,0x6c561b446416e1a00e8e93e221854d6ea4171372,ETH/USDC,eth,3000,True,18,6,2982.8308,-196314,4327069692101163078336784,2120416768434800770,824736427671984399975407899908214362208129,2944576484316286431791031870738173
2025-12-21,1766275200,39742927,0x6c561b446416e1a00e8e93e221854d6ea4171372,ETH/USDC,eth,3000,True,18,6,2976.2902,-196336,4322323005051153639492747,2158542591890426227,824779578033096755570259469217446344115860,2944643747957233935761644006084853
2025-12-22,1766361600,39786127,0x6c561b446416e1a00e8e93e221854d6ea4171372,ETH/USDC,eth,3000,True,18,6,3000.9883,-196254,4340219897388289107465441,2770278519042382180,825011775788113731131744476012541505200565,2945566571101074020704243975140208
2025-12-23,1766448000,39829327,0x6c561b446416e1a00e8e93e221854d6ea4171372,ETH/USDC,eth,3000,True,18,6,3005.5386,-196238,4343509123486403052871883,3435173761395689864,825735664343144697591798568939849867862577,2947799634091389813189685979929616
2025-12-24,1766534400,39872527,0x6c561b446416e1a00e8e93e221854d6ea4171372,ETH/USDC,eth,3000,True,18,6,2963.2932,-196380,4312875263602342198353275,3170369177733005602,826420291462732600842606062400725993881880,2949430578340069861424876502552270
2025-12-25,1766620800,39915727,0x6c561b446416e1a00e8e93e221854d6ea4171372,ETH/USDC,eth,3000,True,18,6,2952.9271,-196415,4305325073172452203939757,3323203232087490675,826801309627759847574521704575526056000155,2950450150109608413396667414832814
2025-12-26,1766707200,39958927,0x6c561b446416e1a00e8e93e221854d6ea4171372,ETH/USDC,eth,3000,True,18,6,2898.6173,-196601,4265549866799263522819276,3315968841565628757,827137203990734892451608537444170642140358,2950921122927819524674392507653299
2025-12-27,1766793600,40002127,0x6c561b446416e1a00e8e93e221854d6ea4171372,ETH/USDC,eth,3000,True,18,6,2928.5441,-196498,4287513211951522296402852,3805394807423217728,827558725524444152262119405825311449379204,2952448063261765213829104219164474
2025-12-28,1766880000,40045327,0x6c561b446416e1a00e8e93e221854d6ea4171372,ETH/USDC,eth,3000,True,18,6,2949.7957,-196426,4303041704912479817371840,3814414868939429823,827594854484201741076034596781867230889811,2952754738814316780177808850358572
2025-12-29,1766966400,40088527,0x6c561b446416e1a00e8e93e221854d6ea4171372,ETH/USDC,eth,3000,True,18,6,2945.025,-196442,4299560652757013654393500,3929914935252284342,827685820181699573363176487782519549510432,2952977450075567497936357664736047
2025-12-30,1767052800,40131727,0x6c561b446416e1a00e8e93e221854d6ea4171372,ETH/USDC,eth,3000,True,18,6,2933.0442,-196483,4290806109024485938695890,4234909697801064360,828315142281452229121866810392384521798038,2954731425329949738624855398752307
2025-12-31,1767139200,40174927,0x6c561b446416e1a00e8e93e221854d6ea4171372,ETH/USDC,eth,3000,True,18,6,2964.4508,-196376,4313717540303725299973626,4233631815385491101,828641535740228538982059769029084653064130,2955997255109837062568109692433611
2026-01-01,1767225600,40218127,0x6c561b446416e1a00e8e93e221854d6ea4171372,ETH/USDC,eth,3000,True,18,6,2969.666,-196358,4317510354789220859116067,4196371126233345942,828874560323875874859385823278970706770822,2956742065304012567429154649558184
2026-01-02,1767312000,40261327,0x6c561b446416e1a00e8e93e221854d6ea4171372,ETH/USDC,eth,3000,True,18,6,2997.8358,-196264,4337939621716929005273746,4278375632538490561,828890306978699618823343774449712584609854,2957053127211175599125254929856648
2026-01-03,1767398400,40304527,0x6c561b446416e1a00e8e93e221854d6ea4171372,ETH/USDC,eth,3000,True,18,6,3128.9068,-195836,4431756561222681069551544,4734128077985828709,829297535656877318510220553536861411935184,2959521992023861824803863673555093
2026-01-04,1767484800,40347727,0x6c561b446416e1a00e8e93e221854d6ea4171372,ETH/USDC,eth,3000,True,18,6,3120.5824,-195863,4425857368990486328033136,4830869707899765352,829429935302619254946199956979109084227289,2959857071020023495558394685916250
2026-01-05,1767571200,40390927,0x6c561b446416e1a00e8e93e221854d6ea4171372,ETH/USDC,eth,3000,True,18,6,3143.1471,-195791,4441830046547950934719274,4892806642866004961,829571466152060604796843775391203691192857,2960508083122904114844231244522160
2026-01-06,1767657600,40434127,0x6c561b446416e1a00e8e93e221854d6ea4171372,ETH/USDC,eth,3000,True,18,6,3235.085,-195502,4506324156366532987636614,4742962227122662423,830070559119769537656450135811966856753834,2962931228501092504598658177909309
2026-01-07,1767744000,40477327,0x6c561b446416e1a00e8e93e221854d6ea4171372,ETH/USDC,eth,3000,True,18,6,3290.432,-195333,4544708636033942271495530,4808599776363265837,830652980336437288465995000774350609116195,2965317993227056240876189917996323
2026-01-08,1767830400,40520527,0x6c561b446416e1a00e8e93e221854d6ea4171372,ETH/USDC,eth,3000,True,18,6,3169.0572,-195709,4460100302956179740056847,5570506073348878992,831374186344018205913130819953243308200792,2966535518308785393910279411467863
2026-01-09,1767916800,40563727,0x6c561b446416e1a00e8e93e221854d6ea4171372,ETH/USDC,eth,3000,True,18,6,3113.1853,-195886,4420608651240657167718083,5566565531132858144,832021438851391138908481665640664807706041,2968041709231444485128021354624842
2026-01-10,1768003200,40606927,0x6c561b446416e1a00e8e93e221854d6ea4171372,ETH/USDC,eth,3000,True,18,6,3080.6927,-195991,4397478973154490152475715,5640025368211357614,832757656188906063067483939891803529702146,2970025305050695293503886927076050
2026-01-11,1768089600,40650127,0x6c561b446416e1a00e8e93e221854d6ea4171372,ETH/USDC,eth,3000,True,18,6,3084.5555,-195979,4400235073563926865534576,5935335882491211331,832781841423913939322166658706454989915623,2970135599030135955700401687219090
2026-01-12,1768176000,40693327,0x6c561b446416e1a00e8e93e221854d6ea4171372,ETH/USDC,eth,3000,True,18,6,3112.6652,-195888,4420239377479216250296872,6136867259561164344,832918240214554199856007703303939379488105,2970819068644722199169045447747062
2026-01-13,1768262400,40736527,0x6c561b446416e1a00e8e93e221854d6ea4171372,ETH/USDC,eth,3000,True,18,6,3094.8798,-195945,4407592915285101841206320,6562065739273725833,833477629520233903617681076482302350045297,2972396544764011724153054514028588
2026-01-14,1768348800,40779727,0x6c561b446416e1a00e8e93e221854d6ea4171372,ETH/USDC,eth,3000,True,18,6,3323.9944,-195231,4567827838754551270380211,5447375323114874010,833734751953192570066917579170343954289110,2975292554374514800131876553892569
2026-01-15,1768435200,40822927,0x6c561b446416e1a00e8e93e221854d6ea4171372,ETH/USDC,eth,3000,True,18,6,3360.3294,-195123,4592725749441347229618838,6548850857563171802,834348398298976181001264320902275983124273,2977668834247331383399940503571802
2026-01-16,1768521600,40866127,0x6c561b446416e1a00e8e93e221854d6ea4171372,ETH/USDC,eth,3000,True,18,6,3312.7453,-195265,4560092031305320692533226,7041969646729796898,835010509235264391464998357986005962858276,2979449004210239974257373216512001
2026-01-17,1768608000,40909327,0x6c561b446416e1a00e8e93e221854d6ea4171372,ETH/USDC,eth,3000,True,18,6,3289.3271,-195336,4543945536396048118553226,7301018644645895595,835270198249794031983999398393238060860369,2980095190690341008567706534967334
2026-01-18,1768694400,40952527,0x6c561b446416e1a00e8e93e221854d6ea4171372,ETH/USDC,eth,3000,True,18,6,3306.632,-195284,4555882505077875300988033,7475782217708044152,835308546813771798083117024584940994388764,2980376508100509602026475908910701
2026-01-19,1768780800,40995727,0x6c561b446416e1a00e8e93e221854d6ea4171372,ETH/USDC,eth,3000,True,18,6,3284.5628,-195351,4540653566591778565918661,7582010080009377617,835533570839577342379078907766132928644734,2980927274141049145333918101087004
2026-01-20,1768867200,41038927,0x6c561b446416e1a00e8e93e221854d6ea4171372,ETH/USDC,eth,3000,True,18,6,3185.2736,-195658,4471497102089154791845373,7497950594631888557,836082167266402528047296699594804902517263,2981802110960306623490880590753318
2026-01-21,1768953600,41082127,0x6c561b446416e1a00e8e93e221854d6ea4171372,ETH/USDC,eth,3000,True,18,6,2938.4643,-196464,4294768824502373886654076,5113467399219738267,837239364145121577106341708483070435166338,2983052662099729245969498373409892
2026-01-22,1769040000,41125327,0x6c561b446416e1a00e8e93e221854d6ea4171372,ETH/USDC,eth,3000,True,18,6,2979.3982,-196326,4324579248891723886996004,5996059582669667375,838492424403833551269508052972335776051311,2987153484629582615587446122772827
2026-01-23,1769126400,41168527,0x6c561b446416e1a00e8e93e221854d6ea4171372,ETH/USDC,eth,3000,True,18,6,2947.4229,-196434,4301310664344840490336994,6558666157036624023,839232929485421062466303607389336366942153,2989048557565541041089438026911194
2026-01-24,1769212800,41211727,0x6c561b446416e1a00e8e93e221854d6ea4171372,ETH/USDC,eth,3000,True,18,6,2950.9043,-196422,4303850162853704743807488,7080737712519324913,839850313938625753365864319048257578049143,2990903616204255128150926108898390
2026-01-25,1769299200,41254927,0x6c561b446416e1a00e8e93e221854d6ea4171372,ETH/USDC,eth,3000,True,18,6,2954.3146,-196410,4306336391140914999726707,7176827489245007685,839888567060211296359233072154479891465601,2991048750791487205534656930565930
2026-01-26,1769385600,41298127,0x6c561b446416e1a00e8e93e221854d6ea4171372,ETH/USDC,eth,3000,True,18,6,2810.3601,-196910,4200109043553619490578957,6286188568069530254,840818455129701995909840613204859148452764,2992330162357949607241885291890734
2026-01-27,1769472000,41341327,0x6c561b446416e1a00e8e93e221854d6ea4171372,ETH/USDC,eth,3000,True,18,6,2934.0433,-196479,4291536810929199919282831,7425103447159868693,841496318370338212571446806757501599706663,2995477910495355384625004453760178
2026-01-28,1769558400,41384527,0x6c561b446416e1a00e8e93e221854d6ea4171372,ETH/USDC,eth,3000,True,18,6,3022.8376,-196181,4355991199438946441973185,8249125188030419967,842039686835342530400250498534084409933213,2997910000823723798106835134853731
2026-01-29,1769644800,41427727,0x6c561b446416e1a00e8e93e221854d6ea4171372,ETH/USDC,eth,3000,True,18,6,3013.6147,-196212,4349340869051532808576803,8947758289523793694,842516562247311978783184034151979506392701,2999259628205236988189428430158752
2026-01-30,1769731200,41470927,0x6c561b446416e1a00e8e93e221854d6ea4171372,ETH/USDC,eth,3000,True,18,6,2815.0798,-196893,4203634411321596386279198,7615743598827564679,843862434530374309439451311256892565034044,3001235628694587037369735095860842
2026-01-31,1769817600,41514127,0x6c561b446416e1a00e8e93e221854d6ea4171372,ETH/USDC,eth,3000,True,18,6,2699.4186,-197313,4116372825154572922266708,7098598733586435693,846317911127998392305555848678163492820709,3006788578345654801943408965867749
2026-02-01,1769904000,41557327,0x6c561b446416e1a00e8e93e221854d6ea4171372,ETH/USDC,eth,3000,True,18,6,2444.1765,-198306,3916930493692870790563109,4976005388849654530,855549435709639388975674201605913530485345,3026122569930062523762535630663360
2026-02-02,1769990400,41600527,0x6c561b446416e1a00e8e93e221854d6ea4171372,ETH/USDC,eth,3000,True,18,6,2271.5437,-199039,3776070815660931104756145,4811059460186289728,859491549411951736125271531168954592781959,3033494569663112894085702278652511
2026-02-03,1770076800,41643727,0x6c561b446416e1a00e8e93e221854d6ea4171372,ETH/USDC,eth,3000,True,18,6,2345.6947,-198717,3837207904472013345700901,6883406187391641619,863333622192224817682103442726377533654204,3042956583121253623537251255250746
2026-02-04,1770163200,41686927,0x6c561b446416e1a00e8e93e221854d6ea4171372,ETH/USDC,eth,3000,True,18,6,2225.1289,-199245,3737293172476429694973357,6960053557965311628,868606508812232634950569447629661885023548,3053349752056122072842435881787252
2026-02-05,1770249600,41730127,0x6c561b446416e1a00e8e93e221854d6ea4171372,ETH/USDC,eth,3000,True,18,6,2148.6011,-199595,3672463411692863105407670,6763146143505283018,873149938036143200852343327341094812690553,3062329186105708010539773567312238
2026-02-06,1770336000,41773327,0x6c561b446416e1a00e8e93e221854d6ea4171372,ETH/USDC,eth,3000,True,18,6,1823.2101,-201237,3382968370480076083147021,1551508720203519559,904760001292989430481278150528492302760110,3118872054719485627747690824318186
2026-02-07,1770422400,41816527,0x6c561b446416e1a00e8e93e221854d6ea4171372,ETH/USDC,eth,3000,True,18,6,2064.8831,-199992,3600205725058757818377341,8045987679775638024,919145103288387536395913379271798665142955,3147753204830782543082812160620057
2026-02-08,1770508800,41859727,0x6c561b446416e1a00e8e93e221854d6ea4171372,ETH/USDC,eth,3000,True,18,6,2088.158,-199880,3620439268743992736430069,8606968246230415104,922553969410645869772563281602284224086496,3155024144352459650492640180328278
2026-02-09,1770595200,41902927,0x6c561b446416e1a00e8e93e221854d6ea4171372,ETH/USDC,eth,3000,True,18,6,2093.1917,-199856,3624800327845210789691897,9012844492527498424,923928476849866446005970845904308960644442,3157971757378126967544324326616259
2026-02-10,1770681600,41946127,0x6c561b446416e1a00e8e93e221854d6ea4171372,ETH/USDC,eth,3000,True,18,6,2107.738,-199787,3637373518980909572974186,9051332976318265613,925677022563888828851008283153285182185225,3161763016362092601768611992462189
2026-02-11,1770768000,41989327,0x6c561b446416e1a00e8e93e221854d6ea4171372,ETH/USDC,eth,3000,True,18,6,2015.6096,-200234,3556991178155636920680448,10026503886197804664,927282126707943311236210205142180958247583,3163991288348351185236557337217715
2026-02-12,1770854400,42032527,0x6c561b446416e1a00e8e93e221854d6ea4171372,ETH/USDC,eth,3000,True,18,6,1938.0411,-200626,3487876315091540592545634,9906532950627676364,929600041402091341593743511114435835470615,3167637814111966989763847883879911
2026-02-13,1770940800,42075727,0x6c561b446416e1a00e8e93e221854d6ea4171372,ETH/USDC,eth,3000,True,18,6,1945.2167,-200589,3494327305460472944077251,10150846663232017878,930914240968237342548591352401027418047028,3170278530226164816386735731565114
2026-02-14,1771027200,42118927,0x6c561b446416e1a00e8e93e221854d6ea4171372,ETH/USDC,eth,3000,True,18,6,2050.0559,-200064,3587256548186560591322636,11214664114480081197,931657941127532217402281276811762229703872,3172960764136767318901019543745203
2026-02-15,1771113600,42162127,0x6c561b446416e1a00e8e93e221854d6ea4171372,ETH/USDC,eth,3000,True,18,6,2087.6592,-199883,3620006751913677199559526,11080711811564533403,932002779806742980937234246778680111194534,3174101650033722211404675878659101
2026-02-16,1771200000,42205327,0x6c561b446416e1a00e8e93e221854d6ea4171372,ETH/USDC,eth,3000,True,18,6,1960.9003,-200509,3508385766379705840708261,10908990088376234804,933685102021145365419946333951220972650326,3176056406186384725452928547392848
2026-02-17,1771286400,42248527,0x6c561b446416e1a00e8e93e221854d6ea4171372,ETH/USDC,eth,3000,True,18,6,1995.5626,-200334,3539258295087733670277934,12009180668172412196,934785391597095033088858700561840075962702,3178628124081915811344967881592437
2026-02-18,1771372800,42291727,0x6c561b446416e1a00e8e93e221854d6ea4171372,ETH/USDC,eth,3000,True,18,6,1994.8,-200338,3538582011095829502482752,12676490610474067935,935952218761531731582183387414155211696989,3180929430410188919184129827939907
2026-02-19,1771459200,42334927,0x6c561b446416e1a00e8e93e221854d6ea4171372,ETH/USDC,eth,3000,True,18,6,1950.0994,-200564,3498710099019141249287647,12562633446283821913,937159231711070377769581750411108229767352,3182802269452565298623927527863417
2026-02-20,1771545600,42378127,0x6c561b446416e1a00e8e93e221854d6ea4171372,ETH/USDC,eth,3000,True,18,6,1944.7456,-200592,3493904122992041318848686,13236089154785639850,938139184588686215599238221980692248128484,3184639863815577961722533513505730
2026-02-21,1771632000,42421327,0x6c561b446416e1a00e8e93e221854d6ea4171372,ETH/USDC,eth,3000,True,18,6,1968.7206,-200469,3515374764781133056374406,14212674998870744278,939050134966089362425116854383475758335699,3186697514587350117413104790206862
2026-02-22,1771718400,42464527,0x6c561b446416e1a00e8e93e221854d6ea4171372,ETH/USDC,eth,3000,True,18,6,1976.2035,-200431,3522049160845232889041515,14421947957375865221,939257601110230319861966775941751397496397,3187194210684185547535128927808067
2026-02-23,1771804800,42507727,0x6c561b446416e1a00e8e93e221854d6ea4171372,ETH/USDC,eth,3000,True,18,6,1953.9026,-200545,3502120136310902220075323,13676322241394984356,939538831905222342315740192928808308004376,3187487934231900783092961703797956
2026-02-24,1771891200,42550927,0x6c561b446416e1a00e8e93e221854d6ea4171372,ETH/USDC,eth,3000,True,18,6,1856.0729,-201059,3413320706474190052824321,13651958225441932658,941109342528823391636944267370725209783266,3189311703523536438408405700067992
2026-02-25,1771977600,42594127,0x6c561b446416e1a00e8e93e221854d6ea4171372,ETH/USDC,eth,3000,True,18,6,1857.1956,-201053,3414352877726625287386173,14305799238443108787,942284765196327339238044595482010878295278,3191483606573250936386946563114528
2026-02-26,1772064000,42637327,0x6c561b446416e1a00e8e93e221854d6ea4171372,ETH/USDC,eth,3000,True,18,6,2051.9768,-200055,3588936749357631347127688,12719820165807768734,943796358955988509747497901980705498301429,3196781397850642451152653590166811
2026-02-27,1772150400,42680527,0x6c561b446416e1a00e8e93e221854d6ea4171372,ETH/USDC,eth,3000,True,18,6,2030.3656,-200161,3569987627386288549391060,13555223555894081672,945142418916013871110529598068484913965695,3199280183091298271452398946771925
2026-02-28,1772236800,42723727,0x6c561b446416e1a00e8e93e221854d6ea4171372,ETH/USDC,eth,3000,True,18,6,1927.0242,-200683,3477948625841592313672417,14337976334456872269,946740773062987393079826967350011212284116,3201243725284363486510167745038080
2026-03-01,1772323200,42766927,0x6c561b446416e1a00e8e93e221854d6ea4171372,ETH/USDC,eth,3000,True,18,6,1962.7893,-200500,3510075236623311666769349,14870180594963950798,948548735608045948584407951653706068056507,3205089606927482821168189586890423
2026-03-02,1772409600,42810127,0x6c561b446416e1a00e8e93e221854d6ea4171372,ETH/USDC,eth,3000,True,18,6,1940.2559,-200615,3489868734070756152747179,15322541619745574039,950734920194243495881674728271610323034991,3209164914186990278967292923916656
2026-03-03,1772496000,42853327,0x6c561b446416e1a00e8e93e221854d6ea4171372,ETH/USDC,eth,3000,True,18,6,2030.9308,-200158,3570484438149513184149913,14047648519386939675,952566241426416109205508389768789663664469,3213868581235788416538612661846317
2026-03-04,1772582400,42896527,0x6c561b446416e1a00e8e93e221854d6ea4171372,ETH/USDC,eth,3000,True,18,6,1987.2422,-200376,3531872272963245553205657,14973099537311326187,954663841646062902174656908101232463045945,3217520628485998774609169615590746
2026-03-05,1772668800,42939727,0x6c561b446416e1a00e8e93e221854d6ea4171372,ETH/USDC,eth,3000,True,18,6,2127.4015,-199694,3654301002223892391368249,14972075658738209461,956333210052757313544085610575006650103106,3222576974970443544676149083289137
2026-03-06,1772755200,42982927,0x6c561b446416e1a00e8e93e221854d6ea4171372,ETH/USDC,eth,3000,True,18,6,2076.5792,-199936,3610387647989565729031499,18886282131635815809,957822353659401265125131797825148857435087,3225148215954235989744884841103269
2026-03-07,1772841600,43026127,0x6c561b446416e1a00e8e93e221854d6ea4171372,ETH/USDC,eth,3000,True,18,6,1982.8693,-200398,3527984173339738470032908,18634641878948309154,958976904569598630081336686777232824190101,3226549620402728355646657516842234
2026-03-08,1772928000,43069327,0x6c561b446416e1a00e8e93e221854d6ea4171372,ETH/USDC,eth,3000,True,18,6,1968.0755,-200473,3514798725102843730729853,18620264077063759527,959312159149222425026581613244983407282119,3227069898969952169964947881594551
2026-03-09,1773014400,43112527,0x6c561b446416e1a00e8e93e221854d6ea4171372,ETH/USDC,eth,3000,True,18,6,1941.1453,-200610,3490668535948314125938436,17740877295764874647,960190710181152445347274479246717419111818,3228520322629176748751713671310897
2026-03-10,1773100800,43155727,0x6c561b446416e1a00e8e93e221854d6ea4171372,ETH/USDC,eth,3000,True,18,6,1996.7871,-200328,3540344026366891033452877,20750838263966403671,961306135599776687952096139707720138564392,3231284735259116324419971021914324
2026-03-11,1773187200,43198927,0x6c561b446416e1a00e8e93e221854d6ea4171372,ETH/USDC,eth,3000,True,18,6,2031.4466,-200156,3570937810897916574808037,20806005501460354624,962166701826321316483982689659093361539492,3233376646482133855293700549297062
2026-03-12,1773273600,43242127,0x6c561b446416e1a00e8e93e221854d6ea4171372,ETH/USDC,eth,3000,True,18,6,2052.5753,-200052,3589460133256556856075890,20656850901352475320,962963774619553736610503122308293944231567,3235210750497594658647103707501839
2026-03-13,1773360000,43285327,0x6c561b446416e1a00e8e93e221854d6ea4171372,ETH/USDC,eth,3000,True,18,6,2078.6558,-199926,3612192381062902238375159,22490748557631332159,963678489789589845892896671831795773458578,3236928822675077731804808794714677
2026-03-14,1773446400,43328527,0x6c561b446416e1a00e8e93e221854d6ea4171372,ETH/USDC,eth,3000,True,18,6,2087.9847,-199881,3620288982556588397881124,21452002460032578907,964823774444205615423881131854947274465197,3239459850596868812937957461113159
2026-03-15,1773532800,43371727,0x6c561b446416e1a00e8e93e221854d6ea4171372,ETH/USDC,eth,3000,True,18,6,2093.1519,-199856,3624765827333868941317899,21809148334321888415,964972100502264018202354891484146964361346,3239817199213063498838228890905200
2026-03-16,1773619200,43414927,0x6c561b446416e1a00e8e93e221854d6ea4171372,ETH/USDC,eth,3000,True,18,6,2176.4123,-199466,3696154942574315634569751,20273266868253090871,965309943733494214268597593324873219041486,3241307271293498256409789636492591
2026-03-17,1773705600,43458127,0x6c561b446416e1a00e8e93e221854d6ea4171372,ETH/USDC,eth,3000,True,18,6,2353.9596,-198682,3843961989869210766252007,17432953154661006610,966280040356316465445921789178137608671384,3245118888325086545110314849568446
2026-03-18,1773792000,43501327,0x6c561b446416e1a00e8e93e221854d6ea4171372,ETH/USDC,eth,3000,True,18,6,2324.4783,-198808,3819814981716753544656199,20160075382996931019,967168494272162452020695411713315926201333,3246932708967533722455633952260338
2026-03-19,1773878400,43544527,0x6c561b446416e1a00e8e93e221854d6ea4171372,ETH/USDC,eth,3000,True,18,6,2200.079,-199358,3716196915164224334829326,20789543474151068397,968317344193816784015623278255382564464295,3248388292565726306414047176239426
2026-03-20,1773964800,43587727,0x6c561b446416e1a00e8e93e221854d6ea4171372,ETH/USDC,eth,3000,True,18,6,2137.6858,-199646,3663123145966135423266914,21270401825892444229,969446377988130227642838147414620728898452,3250247258118239906823151579955961
2026-03-21,1774051200,43630927,0x6c561b446416e1a00e8e93e221854d6ea4171372,ETH/USDC,eth,3000,True,18,6,2149.3629,-199591,3673114438896846818534551,22749557548654817218,970191912994718224998327071596363966002785,3251951577513790976977613220126105
2026-03-22,1774137600,43674127,0x6c561b446416e1a00e8e93e221854d6ea4171372,ETH/USDC,eth,3000,True,18,6,2080.3031,-199918,3613623421616156446134811,16800916910473752950,970566896497835910800883205020828963264521,3252105929136308890930339064849901
2026-03-23,1774224000,43717327,0x6c561b446416e1a00e8e93e221854d6ea4171372,ETH/USDC,eth,3000,True,18,6,2057.0913,-200030,3593406651874256074536181,20232339562796028883,971295243997917844061841709815000268162336,3253398286015800879170110559671350
2026-03-24,1774310400,43760527,0x6c561b446416e1a00e8e93e221854d6ea4171372,ETH/USDC,eth,3000,True,18,6,2147.9204,-199598,3671881649826012799495872,22334203402193230713,972569910177505503195321874700600706918086,3256943488561609251769682449901218
2026-03-25,1774396800,43803727,0x6c561b446416e1a00e8e93e221854d6ea4171372,ETH/USDC,eth,3000,True,18,6,2156.4658,-199558,3679178571430667517204089,22278786801529737486,973173878547246585367211251851516185751422,3258314747790490579789591112167887
2026-03-26,1774483200,43846927,0x6c561b446416e1a00e8e93e221854d6ea4171372,ETH/USDC,eth,3000,True,18,6,2170.7716,-199492,3691362073970842278506528,23912315546896403901,973614786554477473894859869199024159215969,3259403752590622831260001224252944
2026-03-27,1774569600,43890127,0x6c561b446416e1a00e8e93e221854d6ea4171372,ETH/USDC,eth,3000,True,18,6,2061.183,-200010,3596978638390043924702911,22059922690520747119,974383121117241760549468630076604836324480,3259997801903655836117057135010900
2026-03-28,1774656000,43933327,0x6c561b446416e1a00e8e93e221854d6ea4171372,ETH/USDC,eth,3000,True,18,6,1986.8498,-200378,3531523521107011754826479,20704034359868147338,975141624589294203916793023264599656899673,3260823636272618014060641676754184
2026-03-29,1774742400,43976527,0x6c561b446416e1a00e8e93e221854d6ea4171372,ETH/USDC,eth,3000,True,18,6,1994.9697,-200337,3538732531642262255068098,21813345144679635196,975359783600887713170286290721545209677937,3261340423542278862853388281226792
2026-03-30,1774828800,44019727,0x6c561b446416e1a00e8e93e221854d6ea4171372,ETH/USDC,eth,3000,True,18,6,1980.2825,-200411,3525682157029608887824296,20461083863798197005,975777868736813871865651133890653600883163,3262031067455081578275388542823258
2026-03-31,1774915200,44062927,0x6c561b446416e1a00e8e93e221854d6ea4171372,ETH/USDC,eth,3000,True,18,6,2020.5008,-200210,3561304395898555454534556,23048082271194790580,976513106130550629369774017526684518197404,3263917441630572472954454902029910
2026-04-01,1775001600,44106127,0x6c561b446416e1a00e8e93e221854d6ea4171372,ETH/USDC,eth,3000,True,18,6,2100.8637,-199820,3631437101717772586861811,24185801097044698676,977348403083370826547220246296448427975391,3266401325265844608709592435518510
2026-04-02,1775088000,44149327,0x6c561b446416e1a00e8e93e221854d6ea4171372,ETH/USDC,eth,3000,True,18,6,2142.044,-199626,3666855310700987116677176,25028065756217747207,977939741577189955007458810267438372093388,3268043370297892462742293543179820
2026-04-03,1775174400,44192527,0x6c561b446416e1a00e8e93e221854d6ea4171372,ETH/USDC,eth,3000,True,18,6,2059.9615,-200016,3595912647990277336481357,24717247353372216399,978853374935753153653271619327896411730032,3269183723913966317677711623099595
2026-04-04,1775260800,44235727,0x6c561b446416e1a00e8e93e221854d6ea4171372,ETH/USDC,eth,3000,True,18,6,2054.0008,-200045,3590706306046429802108512,25393099156809209793,979087312966460155645133548307970078013524,3269609285223128558686328121984737
2026-04-05,1775347200,44278927,0x6c561b446416e1a00e8e93e221854d6ea4171372,ETH/USDC,eth,3000,True,18,6,2065.9567,-199987,3601141573537996954486536,25742500104948296446,979152660340481278797080594498792505395893,3269856754790577484238257506292604
2026-04-06,1775433600,44322127,0x6c561b446416e1a00e8e93e221854d6ea4171372,ETH/USDC,eth,3000,True,18,6,2114.0067,-199757,3642778498887206323619263,25529315538559752975,979480705156631891402803875382272553166841,3270978169658489107237000265622456
2026-04-07,1775520000,44365327,0x6c561b446416e1a00e8e93e221854d6ea4171372,ETH/USDC,eth,3000,True,18,6,2104.2697,-199803,3634379619517101879437455,25323782896556682487,980122742965992508939734188146266822634446,3272258945831635456864364046648172
2026-04-08,1775606400,44408527,0x6c561b446416e1a00e8e93e221854d6ea4171372,ETH/USDC,eth,3000,True,18,6,2245.1976,-199155,3754108944648288639025868,13126898263714565626,980894801193494618931535292847574132527060,3275196528927694066082154586490981
2026-04-09,1775692800,44451727,0x6c561b446416e1a00e8e93e221854d6ea4171372,ETH/USDC,eth,3000,True,18,6,2186.9911,-199418,3705126954471157885528573,25523769569568713987,981529334739285834143195692724249189976820,3276080535137885957504847751979051
2026-04-10,1775779200,44494927,0x6c561b446416e1a00e8e93e221854d6ea4171372,ETH/USDC,eth,3000,True,18,6,2190.4906,-199402,3708090157108241399011090,26606910064303168795,982106440025153699973753482802278945254866,3277383245685132684094123783141347
2026-04-11,1775865600,44538127,0x6c561b446416e1a00e8e93e221854d6ea4171372,ETH/USDC,eth,3000,True,18,6,2243.9142,-199161,3753035797854031521929584,26254245913807966717,982411832807663897427737595537693094560095,3278544742303570412168056908100307
2026-04-12,1775952000,44581327,0x6c561b446416e1a00e8e93e221854d6ea4171372,ETH/USDC,eth,3000,True,18,6,2284.4379,-198982,3786772882693804342897114,25077668292875179510,982661225338040899889506833501377092049314,3279478637038511452776638238049588
2026-04-13,1776038400,44624527,0x6c561b446416e1a00e8e93e221854d6ea4171372,ETH/USDC,eth,3000,True,18,6,2193.5095,-199388,3710644497126016419820437,25877679558562410638,983228116648780946472115790162924175571175,3279920906268286523491861860429794
2026-04-14,1776124800,44667727,0x6c561b446416e1a00e8e93e221854d6ea4171372,ETH/USDC,eth,3000,True,18,6,2376.788,-198586,3862556138117199789410184,12742056944291225311,983654211187887496122977475888442463294251,3282513116643948994423039777758081
2026-04-15,1776211200,44710927,0x6c561b446416e1a00e8e93e221854d6ea4171372,ETH/USDC,eth,3000,True,18,6,2321.1311,-198823,3817063822160406373629361,24392408018981103263,984317368799161435848814871194017832262067,3283588979318082092345882630716227
2026-04-16,1776297600,44754127,0x6c561b446416e1a00e8e93e221854d6ea4171372,ETH/USDC,eth,3000,True,18,6,2357.7201,-198666,3847031151102599056222183,25572876456355720859,984710664942740017576667096345484914617020,3284833923949334421455316655643474
2026-04-17,1776384000,44797327,0x6c561b446416e1a00e8e93e221854d6ea4171372,ETH/USDC,eth,3000,True,18,6,2348.526,-198705,3839522959226424580352115,26012251270635861584,985217252171619391409453523698669509572319,3285934245411884415736359143340775
2026-04-18,1776470400,44840527,0x6c561b446416e1a00e8e93e221854d6ea4171372,ETH/USDC,eth,3000,True,18,6,2424.2944,-198388,3900966873500205183879575,25225226449690872508,985751581991615398421043877227813944535172,3287879753308783669403176075416307
2026-04-19,1776556800,44883727,0x6c561b446416e1a00e8e93e221854d6ea4171372,ETH/USDC,eth,3000,True,18,6,2354.2921,-198681,3844233489788089387051853,26470865705976275800,986118243928070523495245969344505319898039,3288141842259481310318137722117705
2026-04-20,1776643200,44926927,0x6c561b446416e1a00e8e93e221854d6ea4171372,ETH/USDC,eth,3000,True,18,6,2264.8711,-199068,3770520669016520963265103,25373369029465144212,986735748500721868165934118687896052368344,3288773762987620789843083990153418
2026-04-21,1776729600,44970127,0x6c561b446416e1a00e8e93e221854d6ea4171372,ETH/USDC,eth,3000,True,18,6,2316.0336,-198845,3812870128846543015066196,27186267292822819052,987304450110453438762929869744827075787956,3290542481108084495960034126650456
2026-04-22,1776816000,45013327,0x6c561b446416e1a00e8e93e221854d6ea4171372,ETH/USDC,eth,3000,True,18,6,2323.4094,-198813,3818936635501930871184762,28711916356243644728,987847651321456774765225335153123434917655,3291863834189383565792889033043823
2026-04-23,1776902400,45056527,0x6c561b446416e1a00e8e93e221854d6ea4171372,ETH/USDC,eth,3000,True,18,6,2382.3285,-198562,3867055484616013727911675,29025011514368632042,988152924617340271299730993085328414887386,3293112690734840030497091524112753
2026-04-24,1776988800,45099727,0x6c561b446416e1a00e8e93e221854d6ea4171372,ETH/USDC,eth,3000,True,18,6,2332.2242,-198775,3826174169431627124264368,29719125131928143067,988742867397054622615788405522422198718550,3294052411897716475637636039310684
2026-04-25,1777075200,45142927,0x6c561b446416e1a00e8e93e221854d6ea4171372,ETH/USDC,eth,3000,True,18,6,2315.2323,-198848,3812210481550522599176348,30336267805583768789,988984060234931878418194374409834959828491,3294461391501863430751187021905397
2026-04-26,1777161600,45186127,0x6c561b446416e1a00e8e93e221854d6ea4171372,ETH/USDC,eth,3000,True,18,6,2314.3675,-198852,3811498417367191148169518,30800001209388834357,989017575452752039232787634945684210455933,3294531235224435666494445661381490
2026-04-27,1777248000,45229327,0x6c561b446416e1a00e8e93e221854d6ea4171372,ETH/USDC,eth,3000,True,18,6,2372.2021,-198605,3858828019483096569994784,30561193662576841547,989111944830751735835302644257972221952043,3295264180236220858956113682520842
2026-04-28,1777334400,45272527,0x6c561b446416e1a00e8e93e221854d6ea4171372,ETH/USDC,eth,3000,True,18,6,2301.6025,-198907,3800972648021784429329370,30988464635313282228,989695018171781038993514916110561238931232,3296003087422301948029657042845607
2026-04-29,1777420800,45315727,0x6c561b446416e1a00e8e93e221854d6ea4171372,ETH/USDC,eth,3000,True,18,6,2291.0854,-198953,3792278464340413847989406,31386030155021310884,989958633037376944301722564325116019001242,3296511471352083768251247163744582
2026-04-30,1777507200,45358927,0x6c561b446416e1a00e8e93e221854d6ea4171372,ETH/USDC,eth,3000,True,18,6,2256.2973,-199106,3763377192053060320015975,30846187921639705591,990541685262520995574252597147790745269717,3297530989669327809805192245712964
2026-05-01,1777593600,45402127,0x6c561b446416e1a00e8e93e221854d6ea4171372,ETH/USDC,eth,3000,True,18,6,2258.9309,-199094,3765572870847940215236257,31594884524464724240,990837081604187362034577032502786198540750,3298221308298612162247971279752391
2026-05-02,1777680000,45445327,0x6c561b446416e1a00e8e93e221854d6ea4171372,ETH/USDC,eth,3000,True,18,6,2292.4986,-198947,3793447891632141490585573,32595691265363913473,991012909424301755265674976721616527222202,3298925736299200900091392042732884
2026-05-03,1777766400,45488527,0x6c561b446416e1a00e8e93e221854d6ea4171372,ETH/USDC,eth,3000,True,18,6,2321.4823,-198821,3817352591049955459375411,32736777398372548877,991063982833543485706799570641617789325049,3299302069944904978283338055704801
2026-05-04,1777852800,45531727,0x6c561b446416e1a00e8e93e221854d6ea4171372,ETH/USDC,eth,3000,True,18,6,2327.5055,-198795,3822301544378992239981819,33029964608559224357,991277244106826119741829073939441615300499,3299851961522178977051100156126676
2026-05-05,1777939200,45574927,0x6c561b446416e1a00e8e93e221854d6ea4171372,ETH/USDC,eth,3000,True,18,6,2351.9586,-198691,3842327851944158848317670,32815211936216546268,991865381883404891482215109802952324101650,3301452334796405735330524640315452
2026-05-06,1778025600,45618127,0x6c561b446416e1a00e8e93e221854d6ea4171372,ETH/USDC,eth,3000,True,18,6,2362.1795,-198647,3850667586513228703530790,32765428045883526934,992136577743004687917652914265592608602810,3302186528188534694013664012530520
2026-05-07,1778112000,45661327,0x6c561b446416e1a00e8e93e221854d6ea4171372,ETH/USDC,eth,3000,True,18,6,2345.3903,-198719,3836958855193730002526892,32759724055466902322,992518193159902360666225189920300279345453,3302944958738320884486293609897755
2026-05-08,1778198400,45704527,0x6c561b446416e1a00e8e93e221854d6ea4171372,ETH/USDC,eth,3000,True,18,6,2287.8635,-198967,3789611038385864945015100,32708286060661854578,992899177406234141761226152818469978043967,3303317865426268108897671050914837
2026-05-09,1778284800,45747727,0x6c561b446416e1a00e8e93e221854d6ea4171372,ETH/USDC,eth,3000,True,18,6,2310.3128,-198869,3808158140068144965278496,34259534917081555626,993094884193437284095580405863965939711449,3303964973665423951516235668914971
2026-05-10,1778371200,45790927,0x6c561b446416e1a00e8e93e221854d6ea4171372,ETH/USDC,eth,3000,True,18,6,2330.9088,-198781,3825095017433798275248141,34106625850812157441,993139598389273939648956585523959684713770,3304250833489771783872245087031579
2026-05-11,1778457600,45834127,0x6c561b446416e1a00e8e93e221854d6ea4171372,ETH/USDC,eth,3000,True,18,6,2375.0682,-198593,3861158453800141080775859,32801100643761695931,993329571682875946543183681362758554408078,3305083997828378089572655771218354
2026-05-12,1778544000,45877327,0x6c561b446416e1a00e8e93e221854d6ea4171372,ETH/USDC,eth,3000,True,18,6,2338.5957,-198748,3831397030167138997084907,34091627917135993547,993636662319127855683973685805870885447721,3305482734519529647956303972469568
2026-05-13,1778630400,45920527,0x6c561b446416e1a00e8e93e221854d6ea4171372,ETH/USDC,eth,3000,True,18,6,2280.577,-198999,3783571587532340787131476,34617190700172235734,994003929849009606145504313909287981147557,3305811738456175412610843194451844
2026-05-14,1778716800,45963727,0x6c561b446416e1a00e8e93e221854d6ea4171372,ETH/USDC,eth,3000,True,18,6,2257.1316,-199102,3764072872646427953525276,33483257163836159699,994357397172207478521417459050277587578890,3306406304064331408849139840282074
2026-05-15,1778803200,46006927,0x6c561b446416e1a00e8e93e221854d6ea4171372,ETH/USDC,eth,3000,True,18,6,2287.6454,-198968,3789430453769906135527505,35056960403464875888,994654170936409387321882616851549046024441,3307355852122749142642699728961023
2026-05-16,1778889600,46050127,0x6c561b446416e1a00e8e93e221854d6ea4171372,ETH/USDC,eth,3000,True,18,6,2220.8979,-199264,3733738362591268534801787,32806078489461389828,995132572430095983061508960574915056308051,3307832577538106723816398089610621
2026-05-17,1778976000,46093327,0x6c561b446416e1a00e8e93e221854d6ea4171372,ETH/USDC,eth,3000,True,18,6,2177.9749,-199459,3697481551677874990789592,31133736552132837991,995406394666714768280523660689643613144485,3308042995834455538736162594904349
2026-05-18,1779062400,46136527,0x6c561b446416e1a00e8e93e221854d6ea4171372,ETH/USDC,eth,3000,True,18,6,2124.7734,-199706,3652043098674042990817065,22992844924910068485,995784016610458301227790754025232004987729,3308367899398497803073268817979034
2026-05-19,1779148800,46179727,0x6c561b446416e1a00e8e93e221854d6ea4171372,ETH/USDC,eth,3000,True,18,6,2133.0498,-199668,3659148850876265515189594,33313253441222748866,996295229304453818043992083988667373732784,3309525665628645640204861344231840
2026-05-20,1779235200,46222927,0x6c561b446416e1a00e8e93e221854d6ea4171372,ETH/USDC,eth,3000,True,18,6,2111.1929,-199771,3640353391021414175895038,33023978273378448258,996624263804832650391913271857566144646427,3310020846599772334884102296705378
2026-05-21,1779321600,46266127,0x6c561b446416e1a00e8e93e221854d6ea4171372,ETH/USDC,eth,3000,True,18,6,2123.4554,-199713,3650910219479300201740538,34153194208277872110,996835902756436219083194192937849482007197,3310585084660554109089435069970418
2026-05-22,1779408000,46309327,0x6c561b446416e1a00e8e93e221854d6ea4171372,ETH/USDC,eth,3000,True,18,6,2132.1758,-199672,3658399119897792591362265,35129200737367436201,997185565827298483257203633129269001401412,3311411195694858658526882413173574
2026-05-23,1779494400,46352527,0x6c561b446416e1a00e8e93e221854d6ea4171372,ETH/USDC,eth,3000,True,18,6,2062.2286,-200005,3597890901631975030894051,28963746862020913551,997608643040188652847623136813182726460586,3311647399423134193606911393023502
2026-05-24,1779580800,46395727,0x6c561b446416e1a00e8e93e221854d6ea4171372,ETH/USDC,eth,3000,True,18,6,2113.5005,-199760,3642342351557158623013324,33729010472198793541,998043599377118144550281384358620958678220,3313027523768949765725111204684515
2026-05-25,1779667200,46438927,0x6c561b446416e1a00e8e93e221854d6ea4171372,ETH/USDC,eth,3000,True,18,6,2098.1644,-199833,3629103367282745032817341,33921507114997970946,998362696747597489539691130017357210661913,3313553438878804508515221752980885
2026-05-26,1779753600,46482127,0x6c561b446416e1a00e8e93e221854d6ea4171372,ETH/USDC,eth,3000,True,18,6,2107.4728,-199788,3637144642735013023586492,34712712444230586562,998543307210168639874108855725537771653606,3314022130148395213311943848172824
2026-05-27,1779840000,46525327,0x6c561b446416e1a00e8e93e221854d6ea4171372,ETH/USDC,eth,3000,True,18,6,2069.6824,-199969,3604387198335632344608468,34077959609005065054,999057612257714776087935785580522247649881,3314749001294355420944946949859309
2026-05-28,1779926400,46568527,0x6c561b446416e1a00e8e93e221854d6ea4171372,ETH/USDC,eth,3000,True,18,6,2021.9757,-200202,3562603988727622927383239,31813139205818169476,999643751888455639831375928994425184564038,3315504963365062598162311652794042
2026-05-29,1780012800,46611727,0x6c561b446416e1a00e8e93e221854d6ea4171372,ETH/USDC,eth,3000,True,18,6,2009.4628,-200264,3551563340816285066128807,33112284582332573008,1000166011295774598314542543678955004295689,3316427555995439797515458820825977
2026-05-30,1780099200,46654927,0x6c561b446416e1a00e8e93e221854d6ea4171372,ETH/USDC,eth,3000,True,18,6,2010.8938,-200257,3552827699899292036618273,33256339103432817400,1000612924205361053853394827435251802931940,3317339895252641805045323060614718
2026-05-31,1780185600,46698127,0x6c561b446416e1a00e8e93e221854d6ea4171372,ETH/USDC,eth,3000,True,18,6,2023.431,-200195,3563885878069665906322196,34227306471814433046,1000659494115574325347455160196951239151016,3317552661358524994016305304341745
2026-06-01,1780272000,46741327,0x6c561b446416e1a00e8e93e221854d6ea4171372,ETH/USDC,eth,3000,True,18,6,2004.0533,-200291,3546779735745742225217278,32584543847175205981,1000860707888970980149155128788155602879298,3317773383362190229060813601413278
2026-06-02,1780358400,46784527,0x6c561b446416e1a00e8e93e221854d6ea4171372,ETH/USDC,eth,3000,True,18,6,2000.2805,-200310,3543439576780324900487773,33664416841994557610,1001447026119518991331126047824498774411009,3318901558883845961723064940150182
2026-06-03,1780444800,46827727,0x6c561b446416e1a00e8e93e221854d6ea4171372,ETH/USDC,eth,3000,True,18,6,1855.1122,-201064,3412437211227819993836890,18647665398308438065,1003135024870324736739531721568344816235477,3320734258652373239812790869053786
2026-06-04,1780531200,46870927,0x6c561b446416e1a00e8e93e221854d6ea4171372,ETH/USDC,eth,3000,True,18,6,1815.467,-201280,3375777094554649461397712,28633548522248776498,1004581940564700750060462329859511493519560,3322991448581764172251013161254745
2026-06-05,1780617600,46914127,0x6c561b446416e1a00e8e93e221854d6ea4171372,ETH/USDC,eth,3000,True,18,6,1765.8424,-201557,3329320128809302365346949,27637788277880426692,1007216368996005080347329233628215383317138,3327146171873900978675696270462342
2026-06-06,1780704000,46957327,0x6c561b446416e1a00e8e93e221854d6ea4171372,ETH/USDC,eth,3000,True,18,6,1579.349,-202673,3148608355478339677314233,22623255089478494199,1012747267025888245823253978653040992251659,3334180686002828579003450486003932
2026-06-07,1780790400,47000527,0x6c561b446416e1a00e8e93e221854d6ea4171372,ETH/USDC,eth,3000,True,18,6,1565.0293,-202764,3134301848389939997680827,25396105925185845838,1014670665344817230037816962203354402393578,3337019184695715849752007675748475
2026-06-08,1780876800,47043727,0x6c561b446416e1a00e8e93e221854d6ea4171372,ETH/USDC,eth,3000,True,18,6,1686.4367,-202017,3253603339853340166062080,20148303309319498890,1015510480879282732115192190000627331669670,3339683037424454203880079440744740
2026-06-09,1780963200,47086927,0x6c561b446416e1a00e8e93e221854d6ea4171372,ETH/USDC,eth,3000,True,18,6,1691.8515,-201985,3258822528222224803840526,24232437047711572594,1016650672435061204461543665747222851242635,3341659706324858403722807919880176
2026-06-10,1781049600,47130127,0x6c561b446416e1a00e8e93e221854d6ea4171372,ETH/USDC,eth,3000,True,18,6,1635.803,-202322,3204387875401475346273098,27106900486601548777,1017708073221737766525283898008894666084445,3342827876778385013307835357034195
2026-06-11,1781136000,47173327,0x6c561b446416e1a00e8e93e221854d6ea4171372,ETH/USDC,eth,3000,True,18,6,1619.2878,-202423,3188170945293889976196976,27706110106595669742,1018854140000049485676623379818869240312878,3344525095058365903909597076028843
2026-06-12,1781222400,47216527,0x6c561b446416e1a00e8e93e221854d6ea4171372,ETH/USDC,eth,3000,True,18,6,1673.9967,-202091,3241580999853828313859634,28301510617926838675,1019431479929258322118943166607343755315188,3346057812880286501054734338976407
2026-06-13,1781308800,47259727,0x6c561b446416e1a00e8e93e221854d6ea4171372,ETH/USDC,eth,3000,True,18,6,1662.4247,-202160,3230357424319307438864343,28948075710902462583,1019977356653263251276906163058707888915560,3346847953446241587891492127786631
2026-06-14,1781395200,47302927,0x6c561b446416e1a00e8e93e221854d6ea4171372,ETH/USDC,eth,3000,True,18,6,1682.9416,-202038,3250230117363899507224059,29406301617810623612,1020072814549462955609852510897685716964293,3347222324325101290699280641614164
2026-06-15,1781481600,47346127,0x6c561b446416e1a00e8e93e221854d6ea4171372,ETH/USDC,eth,3000,True,18,6,1722.6612,-201805,3288361193310614151845277,26337807452382378469,1020362670079270813711521386749929623710429,3348122925590289932556395787412612
2026-06-16,1781568000,47389327,0x6c561b446416e1a00e8e93e221854d6ea4171372,ETH/USDC,eth,3000,True,18,6,1791.1913,-201414,3353131401568168258953769,27067297993184138294,1020903229573708372466104448138774234666835,3349790590099835663133991748446515
2026-06-17,1781654400,47432527,0x6c561b446416e1a00e8e93e221854d6ea4171372,ETH/USDC,eth,3000,True,18,6,1793.8405,-201400,3355610143232352179048276,29151720420218935664,1021673136740667456828200823884405953929032,3351197050007495185658221405990679
2026-06-18,1781740800,47475727,0x6c561b446416e1a00e8e93e221854d6ea4171372,ETH/USDC,eth,3000,True,18,6,1745.0591,-201675,3309669733337819384351565,28054829123264727907,1022908501248564389512784457441206666511419,3352884038692927682050575818152796
2026-06-19,1781827200,47518927,0x6c561b446416e1a00e8e93e221854d6ea4171372,ETH/USDC,eth,3000,True,18,6,1705.7313,-201903,3272162762009875308813469,27518897552420210990,1023677036089475398230708588529026673028622,3353802496494261106992999480449147
2026-06-20,1781913600,47562127,0x6c561b446416e1a00e8e93e221854d6ea4171372,ETH/USDC,eth,3000,True,18,6,1708.3537,-201888,3274677124049820658980734,29336478824077368175,1024073189153739059736797972643958235775154,3354501838932487537208112767050393
2026-06-21,1782000000,47605327,0x6c561b446416e1a00e8e93e221854d6ea4171372,ETH/USDC,eth,3000,True,18,6,1739.2534,-201709,3304159603344223292157619,27780656062489804892,1024325928475383070277427601684870376683376,3355255772040408165739186250459134
2026-06-22,1782086400,47648527,0x6c561b446416e1a00e8e93e221854d6ea4171372,ETH/USDC,eth,3000,True,18,6,1707.7147,-201892,3274064619648349323386449,30041964411605790562,1024674851394420163493501866870390348445033,3355532467416360512675708453481458
2026-06-23,1782172800,47691727,0x6c561b446416e1a00e8e93e221854d6ea4171372,ETH/USDC,eth,3000,True,18,6,1723.849,-201798,3289494693888772931722611,29849545894945602012,1025187107331201737234728656806770624959509,3356592148532649181107140118748102
2026-06-24,1782259200,47734927,0x6c561b446416e1a00e8e93e221854d6ea4171372,ETH/USDC,eth,3000,True,18,6,1663.6047,-202153,3231503668714989956920016,28763689403551659482,1026023612753169835942406851620390961971897,3357371606663704237544669045241452
2026-06-25,1782345600,47778127,0x6c561b446416e1a00e8e93e221854d6ea4171372,ETH/USDC,eth,3000,True,18,6,1616.4947,-202441,3185420207850665078532094,26629389862054919299,1027702493568970170244570159408407477934435,3359591632020307954990312340075570
2026-06-26,1782432000,47821327,0x6c561b446416e1a00e8e93e221854d6ea4171372,ETH/USDC,eth,3000,True,18,6,1567.3823,-202749,3136657150769786320766394,23193061436183655302,1029517116153116895622352097842092141206471,3361930972245888057666321237671348
2026-06-27,1782518400,47864527,0x6c561b446416e1a00e8e93e221854d6ea4171372,ETH/USDC,eth,3000,True,18,6,1574.2581,-202705,3143529581193340870785632,27413477055547764908,1031036118674705715775818444187265420120916,3364361200603141044978512638205597
2026-06-28,1782604800,47907727,0x6c561b446416e1a00e8e93e221854d6ea4171372,ETH/USDC,eth,3000,True,18,6,1573.5863,-202710,3142858737084588711062123,27851163884782411958,1031346008251271504932155564192873068246138,3364844670678354970812774738581958
2026-06-29,1782691200,47950927,0x6c561b446416e1a00e8e93e221854d6ea4171372,ETH/USDC,eth,3000,True,18,6,1573.3729,-202711,3142645618539712910796385,27885573346870113049,1031869061023476962611396621736132603029658,3365662508822934257257407085305165
2026-06-30,1782777600,47994127,0x6c561b446416e1a00e8e93e221854d6ea4171372,ETH/USDC,eth,3000,True,18,6,1610.842,-202476,3179845740313063565343672,27378504052822476932,1032965122228245884593940283462246958955664,3367793759499026915955015128395648
2026-07-01,1782864000,48037327,0x6c561b446416e1a00e8e93e221854d6ea4171372,ETH/USDC,eth,3000,True,18,6,1568.9247,-202739,3138200093373222132631897,29087822935208090918,1033620191294794506018499024017936707539920,3368378098385490754119865368137803
2026-07-02,1782950400,48080527,0x6c561b446416e1a00e8e93e221854d6ea4171372,ETH/USDC,eth,3000,True,18,6,1611.9597,-202469,3180948766742222850807092,29342641650299017910,1034427446901434451397590859871856148190722,3370129538818047008346104609383889
2026-07-03,1783036800,48123727,0x6c561b446416e1a00e8e93e221854d6ea4171372,ETH/USDC,eth,3000,True,18,6,1695.6281,-201963,3262457663032038950178666,28165431654814756521,1034978337136617393382205755470064788432184,3371924883208901771887024331709022
2026-07-04,1783123200,48166927,0x6c561b446416e1a00e8e93e221854d6ea4171372,ETH/USDC,eth,3000,True,18,6,1759.1618,-201595,3323016307361267879868569,25459254481043434742,1035354356514158700343392194547483982124831,3373229103661456910126345992193983
2026-07-05,1783209600,48210127,0x6c561b446416e1a00e8e93e221854d6ea4171372,ETH/USDC,eth,3000,True,18,6,1776.921,-201494,3339747617054930990955181,28376923258135467498,1035673132266714129745783165386433749051539,3373976070144650311141234571887557
2026-07-06,1783296000,48253327,0x6c561b446416e1a00e8e93e221854d6ea4171372,ETH/USDC,eth,3000,True,18,6,1786.797,-201439,3349015795076285245422742,28537628038764202902,1036002887028546500419950799674691988174727,3374661625185242366091335669330409
2026-07-07,1783382400,48296527,0x6c561b446416e1a00e8e93e221854d6ea4171372,ETH/USDC,eth,3000,True,18,6,1802.1873,-201353,3363407928194323182509211,27573579147176495860,1036769550643568937584329232287498096158146,3376177656987621722412546468151067
2026-07-08,1783468800,48339727,0x6c561b446416e1a00e8e93e221854d6ea4171372,ETH/USDC,eth,3000,True,18,6,1772.7808,-201518,3335854530628380987610563,30791199261022204187,1037512159970921168892059678713578785834520,3377204352748798318092049837990005
2026-07-09,1783555200,48382927,0x6c561b446416e1a00e8e93e221854d6ea4171372,ETH/USDC,eth,3000,True,18,6,1738.6227,-201712,3303560416328325173547493,29564658228714880511,1038142727481418421779922819893593514723672,3377957021452521790445611360831745
2026-07-10,1783641600,48426127,0x6c561b446416e1a00e8e93e221854d6ea4171372,ETH/USDC,eth,3000,True,18,6,1746.0993,-201669,3310656004784032393640927,31313094721910394226,1038532802301219090632753446095612834714472,3378713055048146041836664641142621
2026-07-11,1783728000,48469327,0x6c561b446416e1a00e8e93e221854d6ea4171372,ETH/USDC,eth,3000,True,18,6,1791.6255,-201412,3353537763495175678955305,29241196306341721796,1038791898319171813874827913372447349366294,3379637750817931430876519456468923
2026-07-12,1783814400,48512527,0x6c561b446416e1a00e8e93e221854d6ea4171372,ETH/USDC,eth,3000,True,18,6,1791.4561,-201413,3353379188506102618792666,30600071493144606328,1039023995222838788214240436575709574322458,3380055877476708271991277596143375
2026-07-13,1783900800,48555727,0x6c561b446416e1a00e8e93e221854d6ea4171372,ETH/USDC,eth,3000,True,18,6,1802.8144,-201350,3363993034280663472019334,31354484368813032429,1039247772389057201509443686283370664582514,3380573697220721197066708376956941
2026-07-14,1783987200,48598927,0x6c561b446416e1a00e8e93e221854d6ea4171372,ETH/USDC,eth,3000,True,18,6,1770.909,-201528,3334092989153215936025818,32628550600517068535,1040055746832275761802583692293883271374689,3381699269870167695794599038370594
2026-07-15,1784073600,48642127,0x6c561b446416e1a00e8e93e221854d6ea4171372,ETH/USDC,eth,3000,True,18,6,1886.5382,-200896,3441219577021243313766335,24505127364964083686,1040312911906115004776959789721589509364221,3383327937323258125924089082284346
2026-07-16,1784160000,48685327,0x6c561b446416e1a00e8e93e221854d6ea4171372,ETH/USDC,eth,3000,True,18,6,1919.7598,-200721,3471386970693648189418035,31624294536482366774,1040784891051540352516479889048571555981944,3384552464532588976414777906649021
2026-07-17,1784246400,48728527,0x6c561b446416e1a00e8e93e221854d6ea4171372,ETH/USDC,eth,3000,True,18,6,1861.9899,-201027,3418757131875608616185170,31064939044317778545,1041388050818506212884600220536334862712102,3385125268537099149495466871307046
2026-07-18,1784332800,48771727,0x6c561b446416e1a00e8e93e221854d6ea4171372,ETH/USDC,eth,3000,True,18,6,1839.7559,-201147,3398284103938022472856777,33278216646896269050,1042012853912341471135972317544250711089348,3386052373435679900898531953122231
2026-07-19,1784419200,48814927,0x6c561b446416e1a00e8e93e221854d6ea4171372,ETH/USDC,eth,3000,True,18,6,1859.2845,-201041,3416272552607085228985452,30562661787003459205,1042042135567264700378166740002614023982986,3386300154928076506193201515745347
2026-07-20,1784505600,48858127,0x6c561b446416e1a00e8e93e221854d6ea4171372,ETH/USDC,eth,3000,True,18,6,1869.4992,-200987,3425643936242242247183479,30027138799235499890,1042192922228675046577401670280780981994607,3386682429051350508012888842068085
2026-07-21,1784592000,48901327,0x6c561b446416e1a00e8e93e221854d6ea4171372,ETH/USDC,eth,3000,True,18,6,1898.9193,-200830,3452493223226601271983779,29892912411292078143,1042832560089517153865483028298686932389422,3388171056147572818462172406492049
2026-07-22,1784678400,48944527,0x6c561b446416e1a00e8e93e221854d6ea4171372,ETH/USDC,eth,3000,True,18,6,1924.9221,-200694,3476051200221877502699417,32460852571546410181,1043036751879497396353362029977243456169723,3388819306305831264900506857654637
2026-07-23,1784764800,48987727,0x6c561b446416e1a00e8e93e221854d6ea4171372,ETH/USDC,eth,3000,True,18,6,1928.6573,-200675,3479422121727067785444809,35215449880404592076,1043459791290252746108235532713476148982899,3389673414414688640662843788203811
2026-07-24,1784851200,49030927,0x6c561b446416e1a00e8e93e221854d6ea4171372,ETH/USDC,eth,3000,True,18,6,1879.1205,-200935,3434447598202622774557788,32355086777260586216,1043860089152326906399844991535783713289858,3389951200793429484075526688642252
2026-07-25,1784937600,49074127,0x6c561b446416e1a00e8e93e221854d6ea4171372,ETH/USDC,eth,3000,True,18,6,1859.472,-201040,3416444759616555290571841,34769256535307683955,1044274413644634650765364507659102406727135,3390533438285115541355109136617244
2026-07-26,1785024000,49117327,0x6c561b446416e1a00e8e93e221854d6ea4171372,ETH/USDC,eth,3000,True,18,6,1869.7788,-200985,3425900145966833390213204,33980746053865857613,1044299919304475575296239230249234685276605,3390682647059310090561300101999855
2026-07-27,1785110400,49160527,0x6c561b446416e1a00e8e93e221854d6ea4171372,ETH/USDC,eth,3000,True,18,6,1951.0923,-200559,3499600647805724415395982,26188269850359501761,1044369733095843272582857186927270039878023,3391611675050759183858870898891949
2026-07-28,1785196800,49203727,0x6c561b446416e1a00e8e93e221854d6ea4171372,ETH/USDC,eth,3000,True,18,6,1888.9832,-200883,3443448831268021951580969,31079587151127300350,1045151007373962068347382270259526435754403,3392519947546950260169984634914515
2026-07-29,1785283200,49246927,0x6c561b446416e1a00e8e93e221854d6ea4171372,ETH/USDC,eth,3000,True,18,6,1915.3061,-200744,3467357964314071643020490,30882909304478353195,1045658271012813734557899717233471148551768,3393736574020131465431785140569478
2026-07-30,1785369600,49290127,0x6c561b446416e1a00e8e93e221854d6ea4171372,ETH/USDC,eth,3000,True,18,6,1905.4425,-200796,3458418161085723119871186,31977361545070367077,1046409524663502475288323156748107569820046,3395070725032801150947648521497783
2026-07-31,1785456000,49333327,0x6c561b446416e1a00e8e93e221854d6ea4171372,ETH/USDC,eth,3000,True,18,6,1922.5301,-200707,3473890766806584205241290,31380703911365247488,1046620116428933884333811720669576142499078,3395640586459969474664375989178447
2026-08-01,1785542400,49376527,0x6c561b446416e1a00e8e93e221854d6ea4171372,ETH/USDC,eth,3000,True,18,6,1862.9312,-201022,3419621144096808563475928,32388689528440188108,1047135621290849536406147741214926369557545,3396029052460419825837886891829940
2026-08-02,1785628800,49419727,0x6c561b446416e1a00e8e93e221854d6ea4171372,ETH/USDC,eth,3000,True,18,6,1842.341,-201133,3400670792674971142307880,31756058444777873182,1047371015800648186411390644484470152462671,3396260008202751267516401837316275
2026-08-03,1785715200,49462927,0x6c561b446416e1a00e8e93e221854d6ea4171372,ETH/USDC,eth,3000,True,18,6,1880.4001,-200928,3435616811675050074515116,33401571597181881175,1047557829432172739823746861684042555781693,3396986087985626213526617812163489
2026-08-04,1785801600,49506127,0x6c561b446416e1a00e8e93e221854d6ea4171372,ETH/USDC,eth,3000,True,18,6,1859.3407,-201041,3416324153390356154019519,33905804239949924242,1047949192667445969876193737806885540364855,3397504683607357277066832221673219
2026-08-05,1785888000,49549327,0x6c561b446416e1a00e8e93e221854d6ea4171372,ETH/USDC,eth,3000,True,18,6,1873.5173,-200965,3429323347170533962373866,34505668414037857024,1048166320121433776157937885007197099130326,3398049618311647247104429907235197
2026-08-06,1785974400,49592527,0x6c561b446416e1a00e8e93e221854d6ea4171372,ETH/USDC,eth,3000,True,18,6,1908.7499,-200779,3461418422769816054167801,33678096709373014724,1048403308811923918332262801210507709641649,3398841042090645072056496294451922
2026-08-07,1786060800,49635727,0x6c561b446416e1a00e8e93e221854d6ea4171372,ETH/USDC,eth,3000,True,18,6,1903.1688,-200808,3456354158112390824640851,33368453966730721822,1048589307136651835929348559113984777590765,3399140855338987500518016245791270
2026-08-08,1786147200,49678927,0x6c561b446416e1a00e8e93e221854d6ea4171372,ETH/USDC,eth,3000,True,18,6,1915.8165,-200742,3467819933921824856785460,33249328555071608178,1048778161726016425763555229876373140492549,3399626739303105197238888401930799
2026-08-09,1786233600,49722127,0x6c561b446416e1a00e8e93e221854d6ea4171372,ETH/USDC,eth,3000,True,18,6,1919.2473,-200724,3470923612563881725846375,33157296691849467711,1048781072780889535313192403229116551480384,3399665750547496997909816116582290
2026-08-10,1786320000,49765327,0x6c561b446416e1a00e8e93e221854d6ea4171372,ETH/USDC,eth,3000,True,18,6,1912.1474,-200761,3464497636556643144690803,33662697101225686073,1048889548282893540654108144813153555914478,3399804933645321047598002120592506
2026-08-11,1786406400,49808527,0x6c561b446416e1a00e8e93e221854d6ea4171372,ETH/USDC,eth,3000,True,18,6,1874.0544,-200962,3429814838389395414296405,32989525372717547889,1049259950218819550755714800478779109873216,3400136402105323915501838671603061
2026-08-12,1786492800,49851727,0x6c561b446416e1a00e8e93e221854d6ea4171372,ETH/USDC,eth,3000,True,18,6,1880.4577,-200928,3435669404455869327428676,32519974702812317192,1049436547334938823224366214495508877782376,3400530443574930120767304450281440
2026-08-13,1786579200,49894927,0x6c561b446416e1a00e8e93e221854d6ea4171372,ETH/USDC,eth,3000,True,18,6,1877.1759,-200946,3432670120211627184040588,32231261470260494983,1049669883688821961538254899127980335912843,3400940758401704582160029871322099
2026-08-14,1786665600,49938127,0x6c561b446416e1a00e8e93e221854d6ea4171372,ETH/USDC,eth,3000,True,18,6,1885.8965,-200899,3440634284110518616280561,32553292589564669074,1049867421913703587456213751424088841492634,3401398184557516834651092203217900
2026-08-15,1786752000,49981327,0x6c561b446416e1a00e8e93e221854d6ea4171372,ETH/USDC,eth,3000,True,18,6,1877.5491,-200944,3433011303348468038921296,32700480291565008969,1050005488339816869178268674642770582913169,3401575179491340235186764446053289
2026-08-16,1786838400,50024527,0x6c561b446416e1a00e8e93e221854d6ea4171372,ETH/USDC,eth,3000,True,18,6,1879.5062,-200933,3434800128664990195670883,32634047065472171930,1050011755625466860031732244565780036584070,3401606216104232530875323923870248
2026-08-17,1786924800,50067727,0x6c561b446416e1a00e8e93e221854d6ea4171372,ETH/USDC,eth,3000,True,18,6,1872.7761,-200969,3428644909970024391507492,32798605073770904650,1050085383937240552197705246290095402260751,3401678240600804624991967128648642
2026-08-18,1787011200,50110927,0x6c561b446416e1a00e8e93e221854d6ea4171372,ETH/USDC,eth,3000,True,18,6,1911.3845,-200765,3463806399382665785670926,32263992769489759924,1050167769870950424907348418861471746964597,3402213508487072851122643535707092
2026-08-19,1787097600,50154127,0x6c561b446416e1a00e8e93e221854d6ea4171372,ETH/USDC,eth,3000,True,18,6,1915.2341,-200745,3467292759575850526239858,31394843147860900910,1050314231202492765084073697807427988899085,3402529658100052231059131418637401
2026-08-20,1787184000,50197327,0x6c561b446416e1a00e8e93e221854d6ea4171372,ETH/USDC,eth,3000,True,18,6,2253.2114,-199120,3760802705943083717315782,15537014877644972183,1051629173452923183776801359936952572707012,3408596361753831086779800061981589
2026-08-21,1787270400,50240527,0x6c561b446416e1a00e8e93e221854d6ea4171372,ETH/USDC,eth,3000,True,18,6,2329.9347,-198785,3824295631720689135635469,27199890426863054077,1052560199327137685238460103676502610906839,3411410358237518326184953622058446
2026-08-22,1787356800,50283727,0x6c561b446416e1a00e8e93e221854d6ea4171372,ETH/USDC,eth,3000,True,18,6,2517.1683,-198012,3974986998374204198154297,22529861420694721831,1053925909530373552234671823414639742278309,3416322089901427546899204894939645
2026-08-23,1787443200,50326927,0x6c561b446416e1a00e8e93e221854d6ea4171372,ETH/USDC,eth,3000,True,18,6,2419.5901,-198407,3897180144818098578177259,26692933452064393971,1054886273119867105364013845896066710207721,3417842855610502599495743751409942
2026-08-24,1787529600,50370127,0x6c561b446416e1a00e8e93e221854d6ea4171372,ETH/USDC,eth,3000,True,18,6,2458.7979,-198246,3928628803206956702904848,27011502847453633697,1055650744587633187425980101549695032184376,3420039456657426198824858183978198
2026-08-25,1787616000,50413327,0x6c561b446416e1a00e8e93e221854d6ea4171372,ETH/USDC,eth,3000,True,18,6,2479.6041,-198162,3945215759904263556758105,27462605355045765889,1056566673466784241219109412018894971151498,3422487612613121334016893463082768
2026-08-26,1787702400,50456527,0x6c561b446416e1a00e8e93e221854d6ea4171372,ETH/USDC,eth,3000,True,18,6,2444.1745,-198306,3916928904344075098772342,27987514801501195685,1057293979084727505340896373894479153099074,3423982334343390852649793723961013
2026-08-27,1787788800,50499727,0x6c561b446416e1a00e8e93e221854d6ea4171372,ETH/USDC,eth,3000,True,18,6,2504.7243,-198061,3965149363493022270642897,28039215723612462362,1057600132272035390896998485282514228414791,3425255485390694014989177933200538
2026-08-28,1787875200,50542927,0x6c561b446416e1a00e8e93e221854d6ea4171372,ETH/USDC,eth,3000,True,18,6,2509.9965,-198040,3969320257812750723760918,29474016446286860201,1058104302295816350898294675523833778780792,3426568984550627389596923120015345
2026-08-29,1787961600,50586127,0x6c561b446416e1a00e8e93e221854d6ea4171372,ETH/USDC,eth,3000,True,18,6,2438.0808,-198331,3912043071010934000195544,30009592463738969712,1058883959125773417314874715998460898645513,3427884790995257847521989030007809
2026-08-30,1788048000,50629327,0x6c561b446416e1a00e8e93e221854d6ea4171372,ETH/USDC,eth,3000,True,18,6,2452.4612,-198272,3923563208577750612694731,30205356339597386154,1058899379212507110620976761238147364273149,3428046486711362186347572618887784
2026-08-31,1788134400,50672527,0x6c561b446416e1a00e8e93e221854d6ea4171372,ETH/USDC,eth,3000,True,18,6,2412.9055,-198435,3891793042465865821885763,27526919315126135414,1059443718566018737288716908564914716452940,3429045408391863935386878731182260
2026-09-01,1788220800,50715727,0x6c561b446416e1a00e8e93e221854d6ea4171372,ETH/USDC,eth,3000,True,18,6,2468.7982,-198206,3936609908914790037876443,29843354602551873385,1059650309713539447968181201303880199031372,3430032859274429988710770113924907
2026-09-02,1788307200,50758927,0x6c561b446416e1a00e8e93e221854d6ea4171372,ETH/USDC,eth,3000,True,18,6,2418.6381,-198411,3896413375759187877333271,30029473207369949533,1060144543120151678070931786955649231692101,3430803952074768663958729843111717
2026-09-03,1788393600,50802127,0x6c561b446416e1a00e8e93e221854d6ea4171372,ETH/USDC,eth,3000,True,18,6,2385.7196,-198548,3869806833269445448693939,29160851946937987984,1060671690814861831952426267662611210738436,3431780054568762260468785686642647
2026-09-04,1788480000,50845327,0x6c561b446416e1a00e8e93e221854d6ea4171372,ETH/USDC,eth,3000,True,18,6,2501.9547,-198072,3962956499146204598745256,30559180528448158070,1061044995688096803934557596526921208790123,3433700154764559549143655866558998
2026-09-05,1788566400,50888527,0x6c561b446416e1a00e8e93e221854d6ea4171372,ETH/USDC,eth,3000,True,18,6,2451.7448,-198275,3922990148354042738402703,30647327734259816386,1061525679084304591381324351090357007244010,3434464653401362608559356903742687
2026-09-06,1788652800,50959231,0x6c561b446416e1a00e8e93e221854d6ea4171372,ETH/USDC,eth,3000,True,18,6,2477.973246,-198169,3943918123275352335237468,30518662892269281378,1061733306475986211074033171626983341763588,3435207471727213721519812987374373
2026-09-11,1789084800,51152422,0x6c561b446416e1a00e8e93e221854d6ea4171372,ETH/USDC,eth,3000,True,18,6,2452.289493,-198273,3923425879262293758531890,31208103776189160722,1063278327320407766178428646763235827295256,3438817945740312998509566840790707
2026-09-12,1789171200,51198887,0x6c561b446416e1a00e8e93e221854d6ea4171372,ETH/USDC,eth,3000,True,18,6,2514.924901,-198021,3973215254952354908830944,29350804574807853647,1064134369945696514587866079107999501201981,3441531459772652088338791587555832
2026-09-13,1789257600,51242449,0x6c561b446416e1a00e8e93e221854d6ea4171372,ETH/USDC,eth,3000,True,18,6,2522.296813,-197991,3979034267607007107491801,31586989340472376159,1064194250517911556574160201853097137572011,3441745626190919661602146048918522
2026-09-14,1789344000,51285895,0x6c561b446416e1a00e8e93e221854d6ea4171372,ETH/USDC,eth,3000,True,18,6,2511.645995,-198034,3970624312656878386989959,31354833651813706977,1064538801842992230427536137281298160862018,3442513706843471183329513969005823
