date,timestamp,block,pool,pair,asset_class,feeTier,base_is_token0,dec0,dec1,price,tick,sqrtPriceX96,liquidity,feeGrowthGlobal0X128,feeGrowthGlobal1X128
2025-08-02,1754092800,56126362,0x6fe9E9de56356F7eDBfcBB29FAB7cd69471a4869,BNB/USDT,other,500,False,18,18,757.421037,-66303,2878796076763896638766841856,97702587079696784009029,1192307594950932191881482833228809731176,1775815202713141222901478306127198729
2025-08-03,1754179200,56241558,0x6fe9E9de56356F7eDBfcBB29FAB7cd69471a4869,BNB/USDT,other,500,False,18,18,736.640039,-66025,2919119832045961673315029291,94326827361252386913689,1193067438406195818541637606523966732261,1776918304054009395606884646879734271
2025-08-04,1754265600,56356753,0x6fe9E9de56356F7eDBfcBB29FAB7cd69471a4869,BNB/USDT,other,500,False,18,18,751.390034,-66223,2890326259034324769608985948,100603068452545695983052,1193448685076364746188376382951017255421,1777368576206285626324978428151437613
2025-08-05,1754352000,56471944,0x6fe9E9de56356F7eDBfcBB29FAB7cd69471a4869,BNB/USDT,other,500,False,18,18,769.047923,-66455,2856951592936714525804485181,97996082652725341386643,1193804110114542858292824311405463715438,1777764656653977550420647572563099729
2025-08-06,1754438400,56587132,0x6fe9E9de56356F7eDBfcBB29FAB7cd69471a4869,BNB/USDT,other,500,False,18,18,754.877312,-66269,2883642365674398236490998736,101037191863317221865798,1194332627821267011143694029828429300110,1778521956685385332224521716240096409
2025-08-07,1754524800,56702321,0x6fe9E9de56356F7eDBfcBB29FAB7cd69471a4869,BNB/USDT,other,500,False,18,18,769.853631,-66466,2855456198114570416415579995,98876523596153830149804,1194757799864854843325065893132308339491,1779020145243959597236018761642663422
2025-08-08,1754611200,56817515,0x6fe9E9de56356F7eDBfcBB29FAB7cd69471a4869,BNB/USDT,other,500,False,18,18,788.299405,-66703,2821850388709784876120025180,34129817271074180195190,1195190565855940660234590279728976415292,1779507242885117723585059980311556404
2025-08-09,1754697600,56932709,0x6fe9E9de56356F7eDBfcBB29FAB7cd69471a4869,BNB/USDT,other,500,False,18,18,793.226858,-66765,2813072197885299112614326400,34349765054163240444297,1195801241881559582192167270984041839394,1780262797390891185345063709214364948
2025-08-10,1754784000,57047902,0x6fe9E9de56356F7eDBfcBB29FAB7cd69471a4869,BNB/USDT,other,500,False,18,18,798.919209,-66836,2803032621566883803109058419,34692535537374712805593,1196231530814523582424621651331999235132,1780774987233577896442889510991060175
2025-08-11,1754870400,57163096,0x6fe9E9de56356F7eDBfcBB29FAB7cd69471a4869,BNB/USDT,other,500,False,18,18,806.826205,-66935,2789263772918452404394917888,65755731783376714368556,1196756289201653904811942079371000999307,1781397903665537644233098209829939859
2025-08-12,1754956800,57278283,0x6fe9E9de56356F7eDBfcBB29FAB7cd69471a4869,BNB/USDT,other,500,False,18,18,804.812561,-66910,2792750967116977148556913069,65975791205110805949786,1197742056681353517672320715947070500769,1782626004284051709391086158008283958
2025-08-13,1755043200,57393478,0x6fe9E9de56356F7eDBfcBB29FAB7cd69471a4869,BNB/USDT,other,500,False,18,18,832.903268,-67253,2745252530804066600022171699,20232932150152124368495,1198474870444156858647902441450189986270,1783421303408902471641790648895824013
2025-08-14,1755129600,57508656,0x6fe9E9de56356F7eDBfcBB29FAB7cd69471a4869,BNB/USDT,other,500,False,18,18,848.306326,-67436,2720214999073168104468630368,390588055510093429396023,1199520752679522374652762917725232152686,1784601628639701527177042551339555852
2025-08-15,1755216000,57623846,0x6fe9E9de56356F7eDBfcBB29FAB7cd69471a4869,BNB/USDT,other,500,False,18,18,840.211242,-67340,2733287653774795997527538951,392017125450441608838057,1201149945673868903132373110033843997020,1786554158631478599847217586700101429
2025-08-16,1755302400,57739037,0x6fe9E9de56356F7eDBfcBB29FAB7cd69471a4869,BNB/USDT,other,500,False,18,18,827.575711,-67189,2754074700693544661462024192,401758395902189271853108,1202058246783966963733944345091594584992,1787686388914763913870288025231926714
2025-08-17,1755388800,57854229,0x6fe9E9de56356F7eDBfcBB29FAB7cd69471a4869,BNB/USDT,other,500,False,18,18,838.86659,-67324,2735477423860700187131898007,393378782577749015680295,1202373781467979533110470611565631210303,1788025631304510207984833516506780271
2025-08-18,1755475200,57969417,0x6fe9E9de56356F7eDBfcBB29FAB7cd69471a4869,BNB/USDT,other,500,False,18,18,855.293334,-67518,2709081309657612092091501154,136171084636749094816885,1202815532678786579373597301216144422879,1788486903170249479626529651776250405
2025-08-19,1755561600,58084593,0x6fe9E9de56356F7eDBfcBB29FAB7cd69471a4869,BNB/USDT,other,500,False,18,18,846.835927,-67419,2722575589149284976921454245,388779070419331714851644,1203515501356078954616406490571583256106,1789350061299129309332688075569713438
2025-08-20,1755648000,58199781,0x6fe9E9de56356F7eDBfcBB29FAB7cd69471a4869,BNB/USDT,other,500,False,18,18,823.871734,-67144,2760258666412713444615749527,388902244926361437316976,1204260527487744428827986875228408262571,1790318593867543621314295133213695823
2025-08-21,1755734400,58314972,0x6fe9E9de56356F7eDBfcBB29FAB7cd69471a4869,BNB/USDT,other,500,False,18,18,869.105262,-67679,2687468570530968905049388842,132490719618822756298911,1205167527560157039332553287859697416225,1791235866785270896108690200960367638
2025-08-22,1755820800,58430163,0x6fe9E9de56356F7eDBfcBB29FAB7cd69471a4869,BNB/USDT,other,500,False,18,18,839.404941,-67331,2734600086556542339981686280,391484018746208028870439,1205894124196649861759743393835184897533,1792187385259807532614056115359315588
2025-08-23,1755907200,58545293,0x6fe9E9de56356F7eDBfcBB29FAB7cd69471a4869,BNB/USDT,other,500,False,18,18,899.716007,-68025,2641355520631580246560700634,131450046061865317967112,1206986993625532394336028897462436328286,1793246361504276494951556652284926356
2025-08-24,1755993600,58660484,0x6fe9E9de56356F7eDBfcBB29FAB7cd69471a4869,BNB/USDT,other,500,False,18,18,880.41267,-67808,2670154812031856647749864116,133096134265259349213975,1207538570554538041242674787250966333461,1793929972060736817511237339238654187
2025-08-25,1756080000,58775669,0x6fe9E9de56356F7eDBfcBB29FAB7cd69471a4869,BNB/USDT,other,500,False,18,18,876.181573,-67760,2676594160481241541533237248,133559625494103616846656,1208482770727697294556798306441764747840,1795028432406324076777728362435921367
2025-08-26,1756166400,58890860,0x6fe9E9de56356F7eDBfcBB29FAB7cd69471a4869,BNB/USDT,other,500,False,18,18,839.209275,-67328,2734918859719733015745742708,135283191341252579553689,1209695052300904183323973482809562146863,1796565135603643312048071705176483809
2025-08-27,1756252800,59006054,0x6fe9E9de56356F7eDBfcBB29FAB7cd69471a4869,BNB/USDT,other,500,False,18,18,863.547367,-67614,2696103135581177546450105570,12435121727361529015646,1210449474738853426142458751519586129397,1797373926122184158332049660746560573
2025-08-28,1756339200,59121250,0x6fe9E9de56356F7eDBfcBB29FAB7cd69471a4869,BNB/USDT,other,500,False,18,18,855.220474,-67517,2709196706472920761889509208,13712734397064698144681,1211468395702637256131875831919365580530,1798584966487847991916460008413747855
2025-08-29,1756425600,59236439,0x6fe9E9de56356F7eDBfcBB29FAB7cd69471a4869,BNB/USDT,other,500,False,18,18,873.886684,-67733,2680106319409270142755930112,31562055510090094248525,1212315635770110818642729839643807001936,1799495324176709226873722159276512312
2025-08-30,1756512000,59351557,0x6fe9E9de56356F7eDBfcBB29FAB7cd69471a4869,BNB/USDT,other,500,False,18,18,862.628197,-67604,2697539164070675136237924710,42819571086203616424353,1212908806217163197822573597873997344186,1800222164995176654244199153867457692
2025-08-31,1756598400,59466730,0x6fe9E9de56356F7eDBfcBB29FAB7cd69471a4869,BNB/USDT,other,500,False,18,18,862.057188,-67597,2698432414723874635527320856,13177344379016222272326,1213111316302565204575448157544638103063,1800460135374596589702075325337747554
2025-09-01,1756684800,59581792,0x6fe9E9de56356F7eDBfcBB29FAB7cd69471a4869,BNB/USDT,other,500,False,18,18,857.765849,-67547,2705174020635014429234569870,13430311160801692133709,1213700489733109446145308501661637150912,1801159625766599992903452845154465040
2025-09-02,1756771200,59696971,0x6fe9E9de56356F7eDBfcBB29FAB7cd69471a4869,BNB/USDT,other,500,False,18,18,845.832656,-67407,2724189781220432711326968783,17146744090355981456407,1214470007993844481829760855435844216398,1802101759638388117502942817577171360
2025-09-03,1756857600,59812162,0x6fe9E9de56356F7eDBfcBB29FAB7cd69471a4869,BNB/USDT,other,500,False,18,18,851.557943,-67475,2715016551444068276366861519,17260041207477502764634,1214888176371944506903569938527736505367,1802574169557100943753723028660949321
2025-09-04,1756944000,59927352,0x6fe9E9de56356F7eDBfcBB29FAB7cd69471a4869,BNB/USDT,other,500,False,18,18,854.652479,-67511,2710096812257270472727782220,17480218193283085317476,1215079049566856265016645085791127403098,1802786662450139935810596973295552765
2025-09-05,1757030400,60042535,0x6fe9E9de56356F7eDBfcBB29FAB7cd69471a4869,BNB/USDT,other,500,False,18,18,843.661586,-67381,2727692730546429829287247872,17066225351559224901826,1215309028882066195122858203464235303375,1803095878474942229474626584686884334
2025-09-06,1757116800,60157722,0x6fe9E9de56356F7eDBfcBB29FAB7cd69471a4869,BNB/USDT,other,500,False,18,18,849.893135,-67455,2717674397749363738326885068,17068786869302545267611,1215608750755481721486073309071986660445,1803427207080841912466544926204846799
2025-09-07,1757203200,60272910,0x6fe9E9de56356F7eDBfcBB29FAB7cd69471a4869,BNB/USDT,other,500,False,18,18,861.280391,-67588,2699649010922349009924259840,16914655910194266705499,1215847279149528761743020179764711222671,1803666140431366467254514638204344924
2025-09-08,1757289600,60388086,0x6fe9E9de56356F7eDBfcBB29FAB7cd69471a4869,BNB/USDT,other,500,False,18,18,880.378967,-67807,2670205920914351519899687229,16324023053276948901091,1216141679860796060215954292869360480074,1803940515640478231281393826314901669
2025-09-09,1757376000,60503275,0x6fe9E9de56356F7eDBfcBB29FAB7cd69471a4869,BNB/USDT,other,500,False,18,18,878.508859,-67786,2673046483246280499043237888,16698544838835679525136,1216661179416901281509515650836879914779,1804537883067364721773227622486392244
2025-09-10,1757462400,60618448,0x6fe9E9de56356F7eDBfcBB29FAB7cd69471a4869,BNB/USDT,other,500,False,18,18,879.889766,-67802,2670948107709027526864011264,16443680964234872612469,1217001028413493344474658854700046854556,1804920524025843803799770685631257542
2025-09-11,1757548800,60733624,0x6fe9E9de56356F7eDBfcBB29FAB7cd69471a4869,BNB/USDT,other,500,False,18,18,893.628124,-67957,2650337426788615867523841698,15457258449066553908988,1217625312919376250266822911077587974264,1805575521891634225749310471745385337
2025-09-12,1757635200,60848704,0x6fe9E9de56356F7eDBfcBB29FAB7cd69471a4869,BNB/USDT,other,500,False,18,18,902.743832,-68058,2636922214356400793175489380,14044277053380053721595,1218219142500142825862945854654153253098,1806208193916495966254835317349142859
2025-09-13,1757721600,60963894,0x6fe9E9de56356F7eDBfcBB29FAB7cd69471a4869,BNB/USDT,other,500,False,18,18,924.506124,-68297,2605701648316825154313626650,7936055233310280686882,1218943208229445337658090872318685299429,1806934018444874037292344711570079447
2025-09-14,1757808000,61079088,0x6fe9E9de56356F7eDBfcBB29FAB7cd69471a4869,BNB/USDT,other,500,False,18,18,933.602304,-68394,2592976771566137493716182300,8730315605854934468692,1219596582812325037239608162807302706359,1807607842051134044226382366250745942
2025-09-15,1757894400,61194259,0x6fe9E9de56356F7eDBfcBB29FAB7cd69471a4869,BNB/USDT,other,500,False,18,18,926.906275,-68322,2602325831426742837762326528,8692290202961258753798,1220198921408475150955914865789629823494,1808273505328104897722599017020675889
2025-09-16,1757980800,61309381,0x6fe9E9de56356F7eDBfcBB29FAB7cd69471a4869,BNB/USDT,other,500,False,18,18,920.00634,-68248,2612066165612327534942965433,8707743945515470593504,1220790434592966608965063458143497609360,1808937230266556169724987564133927873
2025-09-17,1758067200,61424523,0x6fe9E9de56356F7eDBfcBB29FAB7cd69471a4869,BNB/USDT,other,500,False,18,18,956.153574,-68633,2562216109618347738633817532,7057355656039999406098,1221794612273324240935283611870252122258,1809899210335955464045952914365325417
2025-09-18,1758153600,61539701,0x6fe9E9de56356F7eDBfcBB29FAB7cd69471a4869,BNB/USDT,other,500,False,18,18,990.354838,-68985,2517585160823821377980071936,10375244050286209312387,1223165491554489351648476150582137315338,1811230022533453178033500533189943617
2025-09-19,1758240000,61654875,0x6fe9E9de56356F7eDBfcBB29FAB7cd69471a4869,BNB/USDT,other,500,False,18,18,981.020126,-68890,2529534605179949648225895214,11891794430012936579406,1224016796862504781638278226226116817701,1812113114200380819451307978106052540
2025-09-20,1758326400,61770063,0x6fe9E9de56356F7eDBfcBB29FAB7cd69471a4869,BNB/USDT,other,500,False,18,18,984.017653,-68920,2525678916020176950873030656,10841847790365502665342,1224828171029396567782228107270220635792,1812930652763176607412412358089645391
2025-09-21,1758412800,61885251,0x6fe9E9de56356F7eDBfcBB29FAB7cd69471a4869,BNB/USDT,other,500,False,18,18,1043.825462,-69510,2452255067073901078415039651,14260435571406124664016,1226409902363891017390606747425828894731,1814335817962068606946012838251891969
2025-09-22,1758499200,62000436,0x6fe9E9de56356F7eDBfcBB29FAB7cd69471a4869,BNB/USDT,other,500,False,18,18,1048.195538,-69552,2447137828146651288861364377,22090251486610260437220,1228581744654819022989561462258779930948,1816376168735456659430674976982893849
2025-09-23,1758585600,62115614,0x6fe9E9de56356F7eDBfcBB29FAB7cd69471a4869,BNB/USDT,other,500,False,18,18,992.559734,-69007,2514787293558463138288203243,24210545609143225486393,1231536364847809073280196971093274331624,1819430455707257213518213656398954601
2025-09-24,1758672000,62230795,0x6fe9E9de56356F7eDBfcBB29FAB7cd69471a4869,BNB/USDT,other,500,False,18,18,1016.288548,-69243,2485255638719779061964006835,25812502423081856124874,1233365541025748562007490704768172118904,1821183692856319180438739701285177269
2025-09-25,1758758400,62345981,0x6fe9E9de56356F7eDBfcBB29FAB7cd69471a4869,BNB/USDT,other,500,False,18,18,1018.535974,-69265,2482512233859260744467471753,27119346451671098462662,1234819740336627125472232723515122050429,1822607080575339965433098429066423840
2025-09-26,1758844800,62461171,0x6fe9E9de56356F7eDBfcBB29FAB7cd69471a4869,BNB/USDT,other,500,False,18,18,945.406936,-68520,2576737581729119124779433984,48438074851568296091709,1236705348187192741841901504388317104457,1824736950720500956823144600006579805
2025-09-27,1758931200,62576352,0x6fe9E9de56356F7eDBfcBB29FAB7cd69471a4869,BNB/USDT,other,500,False,18,18,960.483282,-68678,2556434551706517274020648600,30864584541657472000570,1238015926470673556253220527047175385315,1826075911509229455257270983593609687
2025-09-28,1759017600,62691514,0x6fe9E9de56356F7eDBfcBB29FAB7cd69471a4869,BNB/USDT,other,500,False,18,18,968.439328,-68761,2545911922320802895098203480,31300416762502677298948,1238614943847522148305502622468577839567,1826670772563766539114426454224328222
2025-09-29,1759104000,62806646,0x6fe9E9de56356F7eDBfcBB29FAB7cd69471a4869,BNB/USDT,other,500,False,18,18,992.955284,-69011,2514286352691709640920551901,21676177134008687546786,1239127094756505741624140677764002160784,1827128664962927996025146540886078853
2025-09-30,1759190400,62921810,0x6fe9E9de56356F7eDBfcBB29FAB7cd69471a4869,BNB/USDT,other,500,False,18,18,1030.287995,-69380,2468313190046875576734070402,21711043061033246334838,1240047286664854333316549268243068003744,1827939717214691527020801765544417462
2025-10-01,1759276800,63036986,0x6fe9E9de56356F7eDBfcBB29FAB7cd69471a4869,BNB/USDT,other,500,False,18,18,1008.479065,-69166,2494859770377439177066943390,21688532615208439666525,1240980983254464470335256041419500807866,1828921270556415200026658959177550902
2025-10-02,1759363200,63152162,0x6fe9E9de56356F7eDBfcBB29FAB7cd69471a4869,BNB/USDT,other,500,False,18,18,1025.98671,-69338,2473481782287342963311771648,32663077326145104678203,1242241370747489424482167213949847228253,1830108983160005307065073550129275305
2025-10-03,1759449600,63267106,0x6fe9E9de56356F7eDBfcBB29FAB7cd69471a4869,BNB/USDT,other,500,False,18,18,1090.493489,-69948,2399208797652894010789871455,30605690697912135132389,1243503258957149782965791099195212904810,1831141718113731991348188034612142081
2025-10-04,1759536000,63382294,0x6fe9E9de56356F7eDBfcBB29FAB7cd69471a4869,BNB/USDT,other,500,False,18,18,1189.294229,-70815,2297391066939569580657344512,22493121231486051173767,1246690418503772474972459173273166583897,1833722563395426330247299282692706681
2025-10-05,1759622400,63497476,0x6fe9E9de56356F7eDBfcBB29FAB7cd69471a4869,BNB/USDT,other,500,False,18,18,1150.174586,-70481,2336133730941823840059129856,25267809476423194194611,1247983507949677219870848377499046661323,1834921062998987214646483780028284822
2025-10-06,1759708800,63612663,0x6fe9E9de56356F7eDBfcBB29FAB7cd69471a4869,BNB/USDT,other,500,False,18,18,1166.796216,-70624,2319434313629697522565906432,25380951446508757573999,1249644309789291522994907940813689593268,1836295948997056793845094466841543603
2025-10-07,1759795200,63727843,0x6fe9E9de56356F7eDBfcBB29FAB7cd69471a4869,BNB/USDT,other,500,False,18,18,1223.600492,-71100,2264955961565277527582992079,21653482368166529731483,1251717821309986551393048752041388688090,1837894307389163586391894574016049666
2025-10-08,1759881600,63843020,0x6fe9E9de56356F7eDBfcBB29FAB7cd69471a4869,BNB/USDT,other,500,False,18,18,1304.751578,-71742,2193389036933631629086334492,21797482267207295026711,1258460744901226295924788359495758927697,1842947664271948258675922142600486085
2025-10-09,1759968000,63958100,0x6fe9E9de56356F7eDBfcBB29FAB7cd69471a4869,BNB/USDT,other,500,False,18,18,1306.956022,-71759,2191538460248580425315778560,23014362978159024294529,1262146412968149107132296092051204720395,1845767638430382862413266091879472291
2025-10-10,1760054400,64073284,0x6fe9E9de56356F7eDBfcBB29FAB7cd69471a4869,BNB/USDT,other,500,False,18,18,1255.528196,-71357,2235971936911688079712249780,15742027495066447457194,1266459322760215886213505830599986608482,1849227144804883145517269596009367552
2025-10-11,1760140800,64188464,0x6fe9E9de56356F7eDBfcBB29FAB7cd69471a4869,BNB/USDT,other,500,False,18,18,1102.179609,-70054,2386455814003165598862168167,14587569934699456890351,1288899297779210391722499834810551667365,1867922445469532291462597352364272179
2025-10-12,1760227200,64303647,0x6fe9E9de56356F7eDBfcBB29FAB7cd69471a4869,BNB/USDT,other,500,False,18,18,1135.151959,-70349,2351541145895350688761959587,23131732999580811518903,1294477255280924199895729108730819530949,1872805436615878788999993166172037185
2025-10-13,1760313600,64418833,0x6fe9E9de56356F7eDBfcBB29FAB7cd69471a4869,BNB/USDT,other,500,False,18,18,1302.128515,-71722,2195597153149313633268793344,40577304945446745060120,1299469965028913264366965202818011801285,1876537569850157247687739040019393257
2025-10-14,1760400000,64534006,0x6fe9E9de56356F7eDBfcBB29FAB7cd69471a4869,BNB/USDT,other,500,False,18,18,1294.002718,-71659,2202480081618604106577162317,16733120601373555660051,1304510665149478695254212667890835625736,1880414742261783837735148938789805186
2025-10-15,1760486400,64649190,0x6fe9E9de56356F7eDBfcBB29FAB7cd69471a4869,BNB/USDT,other,500,False,18,18,1207.982403,-70971,2279550825624174570311167447,16314149776114908162300,1310094138123015312924685066406609552793,1885210384708646388900353260005595785
2025-10-16,1760572800,64764376,0x6fe9E9de56356F7eDBfcBB29FAB7cd69471a4869,BNB/USDT,other,500,False,18,18,1162.05857,-70584,2324157603988846339097100288,21273596875572712691717,1312691904623763814882400089237995952805,1887501855021616411122417873076433654
2025-10-17,1760659200,64879556,0x6fe9E9de56356F7eDBfcBB29FAB7cd69471a4869,BNB/USDT,other,500,False,18,18,1145.232297,-70438,2341169136371991643701641216,21280110532884369986588,1315481850646258048697024995467037559920,1889935076082758308795441883085295539
2025-10-18,1760745600,64993152,0x6fe9E9de56356F7eDBfcBB29FAB7cd69471a4869,BNB/USDT,other,500,False,18,18,1071.174083,-69769,2420747854322194810151108608,21292068842446542670716,1319807169797695144771417660172965786463,1894147470860946443568532747771712727
2025-10-19,1760832000,65108334,0x6fe9E9de56356F7eDBfcBB29FAB7cd69471a4869,BNB/USDT,other,500,False,18,18,1092.581592,-69967,2396915060643126045479860368,21647678568414334117832,1321396290579370482569773949740103332619,1895542398247775306082217407424576887
2025-10-20,1760918400,65223513,0x6fe9E9de56356F7eDBfcBB29FAB7cd69471a4869,BNB/USDT,other,500,False,18,18,1109.523955,-70121,2378544286936321399507167041,24134497222763075922083,1323052451749650985680219284328325417789,1897011144143499831162602730654610919
2025-10-21,1761004800,65338695,0x6fe9E9de56356F7eDBfcBB29FAB7cd69471a4869,BNB/USDT,other,500,False,18,18,1100.649507,-70041,2388114040612009787433117273,24455796666376038478012,1325251714280219240946836260239745505173,1899006603122769097536875628498681599
2025-10-22,1761091200,65453889,0x6fe9E9de56356F7eDBfcBB29FAB7cd69471a4869,BNB/USDT,other,500,False,18,18,1056.808536,-69634,2437145329934172449922700505,23317194251308881433792,1327045963434244927752945773355160097643,1900769702761400071900334655187396822
2025-10-23,1761177600,65569067,0x6fe9E9de56356F7eDBfcBB29FAB7cd69471a4869,BNB/USDT,other,500,False,18,18,1071.95014,-69776,2419871424344772683559440228,22092506002863270122556,1328635595370202889808141123671080316540,1902219955702605655548818642169484639
2025-10-24,1761264000,65684257,0x6fe9E9de56356F7eDBfcBB29FAB7cd69471a4869,BNB/USDT,other,500,False,18,18,1126.680752,-70274,2360364891064375050306825997,23239206294612522245098,1332467600696953635706433621596639480522,1905541577642807201059681874763677469
2025-10-25,1761350400,65799438,0x6fe9E9de56356F7eDBfcBB29FAB7cd69471a4869,BNB/USDT,other,500,False,18,18,1108.852216,-70115,2379264635106714652028442329,22587012910554177612217,1333891099894934509864703716770236997448,1906843253570662943332413378847355804
2025-10-26,1761436800,65914627,0x6fe9E9de56356F7eDBfcBB29FAB7cd69471a4869,BNB/USDT,other,500,False,18,18,1116.493828,-70183,2371108461510613077723890492,22998343872158447910445,1334542485226204393142334766038815877561,1907407108931590048771733490679620240
2025-10-27,1761523200,66029811,0x6fe9E9de56356F7eDBfcBB29FAB7cd69471a4869,BNB/USDT,other,500,False,18,18,1137.92773,-70374,2348671313560334502424657591,26865146158714289143766,1335269683885222324017511274225936537906,1908003063396348487719749836610360382
2025-10-28,1761609600,66145000,0x6fe9E9de56356F7eDBfcBB29FAB7cd69471a4869,BNB/USDT,other,500,False,18,18,1139.294652,-70386,2347261926566764274500994766,26957626073691071566873,1336835067234002447908794879893516809100,1909358619019949888206607213449312776
2025-10-29,1761696000,66260177,0x6fe9E9de56356F7eDBfcBB29FAB7cd69471a4869,BNB/USDT,other,500,False,18,18,1103.208047,-70064,2385343198354427394155085824,27021119383335421149701,1338503305047993500297508754646886747967,1910922915069423208466851828840248757
2025-10-30,1761782400,66375345,0x6fe9E9de56356F7eDBfcBB29FAB7cd69471a4869,BNB/USDT,other,500,False,18,18,1107.258224,-70100,2380976596107460080858327416,26738630334428904738697,1340354935997415327141830402762674467435,1912589768824394083730352128312580548
2025-10-31,1761868800,66490529,0x6fe9E9de56356F7eDBfcBB29FAB7cd69471a4869,BNB/USDT,other,500,False,18,18,1078.906647,-69841,2412057459590382325613678058,94403572298085233953411,1342047692497496806549225580214153581486,1914213713457113590674355712501451281
2025-11-01,1761955200,66605721,0x6fe9E9de56356F7eDBfcBB29FAB7cd69471a4869,BNB/USDT,other,500,False,18,18,1089.101597,-69935,2400741424827371826919407216,94970516100140374144329,1343217068088403344876829362057239329282,1915266631497558133767441751360200062
2025-11-02,1762041600,66720903,0x6fe9E9de56356F7eDBfcBB29FAB7cd69471a4869,BNB/USDT,other,500,False,18,18,1095.06104,-69990,2394199963144332506459751298,94547308053107536765827,1343514714289367905873585197347424481645,1915525723484865133863769614527605853
2025-11-03,1762128000,66836095,0x6fe9E9de56356F7eDBfcBB29FAB7cd69471a4869,BNB/USDT,other,500,False,18,18,1083.625957,-69885,2406799341112623779942244064,98741572851016611467108,1343973985414342272013196451290459640773,1915976853326974428559904436248998060
2025-11-04,1762214400,66951283,0x6fe9E9de56356F7eDBfcBB29FAB7cd69471a4869,BNB/USDT,other,500,False,18,18,992.858275,-69010,2514409181642008170675610231,10386885455056401713746,1346397231432004010692091531405161464496,1918621231879717772380264718512070635
2025-11-05,1762300800,67066466,0x6fe9E9de56356F7eDBfcBB29FAB7cd69471a4869,BNB/USDT,other,500,False,18,18,936.568279,-68426,2588867726265830067060843820,34501182899609649343728,1350488282803705247571500821005931130942,1923148940250785234660685227214422392
2025-11-06,1762387200,67181648,0x6fe9E9de56356F7eDBfcBB29FAB7cd69471a4869,BNB/USDT,other,500,False,18,18,959.538916,-68668,2557692247311252884850186162,14775985551562851969678,1464990280718723550877819297545363304380,1930470161765289895302170037288997273
2025-11-07,1762473600,67296840,0x6fe9E9de56356F7eDBfcBB29FAB7cd69471a4869,BNB/USDT,other,500,False,18,18,949.934863,-68568,2570589151958584146603055358,14661694501494810640719,1466278216948877649021818121390417281721,1931858706679776325942339880259594278
2025-11-08,1762560000,67412026,0x6fe9E9de56356F7eDBfcBB29FAB7cd69471a4869,BNB/USDT,other,500,False,18,18,991.095269,-68992,2516644560677405589696937984,22011585968568277144094,1468080237248123912150063455992968694567,1933624785406600532761532924073986276
2025-11-09,1762646400,67527216,0x6fe9E9de56356F7eDBfcBB29FAB7cd69471a4869,BNB/USDT,other,500,False,18,18,990.66887,-68988,2517186104325602458378798648,20427525124154367182849,1469167185021055069700964824076494410697,1934719206052208157798621654944444835
2025-11-10,1762732800,67642407,0x6fe9E9de56356F7eDBfcBB29FAB7cd69471a4869,BNB/USDT,other,500,False,18,18,996.81661,-69050,2509411886585237330163591983,20727389806490307182857,1469997671282463155045119820931107439956,1935540515794566784422545147452033224
2025-11-11,1762819200,67757593,0x6fe9E9de56356F7eDBfcBB29FAB7cd69471a4869,BNB/USDT,other,500,False,18,18,992.034403,-69002,2515453057800512009249641638,20681247140917577080297,1470897370008483674185626004398769487187,1936455141959736339539069025326317635
2025-11-12,1762905600,67872782,0x6fe9E9de56356F7eDBfcBB29FAB7cd69471a4869,BNB/USDT,other,500,False,18,18,957.81853,-68651,2559988217119522901382774224,21313293463934810715059,1471817606851819924087273953632041591622,1937489155750901180403457400629944035
2025-11-13,1762992000,67987967,0x6fe9E9de56356F7eDBfcBB29FAB7cd69471a4869,BNB/USDT,other,500,False,18,18,952.717144,-68597,2566832878196143170604970851,22110979690060867377475,1472681880647870627749671995304346022720,1938406398735221770073006845432542893
2025-11-14,1763078400,68103136,0x6fe9E9de56356F7eDBfcBB29FAB7cd69471a4869,BNB/USDT,other,500,False,18,18,927.057851,-68324,2602113078750071225161682351,21908850425275487642747,1474008291337252193779256464325833162986,1939891296493922392601836980001510971
2025-11-15,1763164800,68218281,0x6fe9E9de56356F7eDBfcBB29FAB7cd69471a4869,BNB/USDT,other,500,False,18,18,914.837146,-68191,2619435376311604545484059942,21852746368516918348240,1476126119974987851145852548216389655509,1942240646165540087580120377051378547
2025-11-16,1763251200,68333473,0x6fe9E9de56356F7eDBfcBB29FAB7cd69471a4869,BNB/USDT,other,500,False,18,18,932.30009,-68380,2594787042749945044373329918,23177485379026632209636,1476766164847130720305307223736883811402,1942874482040237156786651540938903008
2025-11-17,1763337600,68448664,0x6fe9E9de56356F7eDBfcBB29FAB7cd69471a4869,BNB/USDT,other,500,False,18,18,926.908644,-68322,2602322505918340752293470853,23418346339895266156101,1477879778138974079542246087466707068720,1944093378715313442340320777216736203
2025-11-18,1763424000,68563853,0x6fe9E9de56356F7eDBfcBB29FAB7cd69471a4869,BNB/USDT,other,500,False,18,18,907.3581,-68109,2630208782260889423985213763,22682126700374586052759,1479524064032670207796015536733075992677,1945950305344129672494452385540632352
2025-11-19,1763510400,68679042,0x6fe9E9de56356F7eDBfcBB29FAB7cd69471a4869,BNB/USDT,other,500,False,18,18,932.887124,-68387,2593970509828757547568982737,21988615305458375309936,1481254057176290120090738980441480754012,1947766871424154231705081435207955548
2025-11-20,1763596800,68793993,0x6fe9E9de56356F7eDBfcBB29FAB7cd69471a4869,BNB/USDT,other,500,False,18,18,897.539135,-68000,2644556724002765197933725430,30586094067156581065411,1482590407390433253015974586081201032027,1949355395254440909368356169964700715
2025-11-21,1763683200,68909180,0x6fe9E9de56356F7eDBfcBB29FAB7cd69471a4869,BNB/USDT,other,500,False,18,18,866.266571,-67646,2691868287177025611690660674,15614952060877860653994,1484049827855481100449036293749437634232,1951099355235586094396918125517131468
2025-11-22,1763769600,69024372,0x6fe9E9de56356F7eDBfcBB29FAB7cd69471a4869,BNB/USDT,other,500,False,18,18,830.382418,-67223,2749416351552516703928651929,11652797597225631923558,1487960816316193794216066361152116649805,1955961320068879064010186396258777558
2025-11-23,1763856000,69139565,0x6fe9E9de56356F7eDBfcBB29FAB7cd69471a4869,BNB/USDT,other,500,False,18,18,833.783515,-67264,2743803031911178268943760339,12590631615853984666258,1489163162459313668299551078856958933766,1957401938864219888059408429043038695
2025-11-24,1763942400,69254723,0x6fe9E9de56356F7eDBfcBB29FAB7cd69471a4869,BNB/USDT,other,500,False,18,18,843.377047,-67378,2728152825743390082971535403,12595438499914995192286,1489865531319206438542314107180096380990,1958198851062681871761045976550692906
2025-11-25,1764028800,69369909,0x6fe9E9de56356F7eDBfcBB29FAB7cd69471a4869,BNB/USDT,other,500,False,18,18,864.918643,-67630,2693965034378944535624366731,12666527476134646092208,1491107542394807859640759035307137490791,1959587402471766953563884519483599619
2025-11-26,1764115200,69485103,0x6fe9E9de56356F7eDBfcBB29FAB7cd69471a4869,BNB/USDT,other,500,False,18,18,862.568346,-67603,2697632750703758563065230270,12966211685982012980005,1491916277820771086907100648948957747197,1960541169008793664646245352685612370
2025-11-27,1764201600,69600173,0x6fe9E9de56356F7eDBfcBB29FAB7cd69471a4869,BNB/USDT,other,500,False,18,18,891.682264,-67935,2653227681241691503684536858,17174899226418251102787,1492597450628301366288948065676858488006,1961227118003597085953099556477668696
2025-11-28,1764288000,69715361,0x6fe9E9de56356F7eDBfcBB29FAB7cd69471a4869,BNB/USDT,other,500,False,18,18,895.559634,-67978,2647477810222198761547964838,20032939194736354009771,1493038252661169530238719039162987403264,1961708041420341347983529044980000276
2025-11-29,1764374400,69830552,0x6fe9E9de56356F7eDBfcBB29FAB7cd69471a4869,BNB/USDT,other,500,False,18,18,887.490716,-67888,2659485791412987025516898733,20053674027177957943038,1493715246970153302539919730171064677809,1962493735746360748550666704846196431
2025-11-30,1764460800,69945748,0x6fe9E9de56356F7eDBfcBB29FAB7cd69471a4869,BNB/USDT,other,500,False,18,18,872.956783,-67723,2681533407285624359062432778,20009518165109830190982,1493962204061295485251930138794777485177,1962822346857946229247164058335261022
2025-12-01,1764547200,70060935,0x6fe9E9de56356F7eDBfcBB29FAB7cd69471a4869,BNB/USDT,other,500,False,18,18,875.312391,-67750,2677922755006614327478465334,20119399339372395454703,1494320389643166372002093754748923442308,1963219055010659871364288207450971443
2025-12-02,1764633600,70176124,0x6fe9E9de56356F7eDBfcBB29FAB7cd69471a4869,BNB/USDT,other,500,False,18,18,826.988946,-67182,2755051563319541024137134012,37064274194477166250810,1495670876513935377954742641004840511652,1965014892362884151986733113061823393
2025-12-03,1764720000,70291302,0x6fe9E9de56356F7eDBfcBB29FAB7cd69471a4869,BNB/USDT,other,500,False,18,18,876.681348,-67765,2675831121050352954885799936,120220548273057330623708,1496614528754298279742022253788288344588,1965950248591628507689088280710280766
2025-12-04,1764806400,70406479,0x6fe9E9de56356F7eDBfcBB29FAB7cd69471a4869,BNB/USDT,other,500,False,18,18,920.437527,-68252,2611454271160974913886775584,242723291083487077102520,1497505105111998611722868787654624264120,1966802325433048641395737209732053265
2025-12-05,1764892800,70521627,0x6fe9E9de56356F7eDBfcBB29FAB7cd69471a4869,BNB/USDT,other,500,False,18,18,900.022731,-68028,2640905400649173560835312863,245469250540295040579968,1498196590168361156329858468867154972533,1967626945270291445633727870114163098
2025-12-06,1764979200,70636823,0x6fe9E9de56356F7eDBfcBB29FAB7cd69471a4869,BNB/USDT,other,500,False,18,18,883.679616,-67845,2665214486462597318300453774,246059053610896560713644,1498941533611400425856015437118245986513,1968517652700341761786382057086975231
2025-12-07,1765065600,70751882,0x6fe9E9de56356F7eDBfcBB29FAB7cd69471a4869,BNB/USDT,other,500,False,18,18,890.200824,-67918,2655434465315883796341591555,246076694461050391936067,1499298663049276238840246055016065220719,1968898593165927251342503358870190223
2025-12-08,1765152000,70867069,0x6fe9E9de56356F7eDBfcBB29FAB7cd69471a4869,BNB/USDT,other,500,False,18,18,894.66008,-67968,2648808455111718175110286989,246012313298051731340844,1499957743414453799019696921857307711211,1969625892800375999194335551038871944
2025-12-09,1765238400,70982259,0x6fe9E9de56356F7eDBfcBB29FAB7cd69471a4869,BNB/USDT,other,500,False,18,18,897.19719,-67997,2645060629515694209590611525,246933655079844741536925,1500556609105733423759455276488638719053,1970282353559512679656231096398720861
2025-12-10,1765324800,71097450,0x6fe9E9de56356F7eDBfcBB29FAB7cd69471a4869,BNB/USDT,other,500,False,18,18,897.66147,-68002,2644376514970766379397602265,245476040722713084480258,1501307210872813837691615483069588100372,1971113536095262474306941031558765491
2025-12-11,1765411200,71212646,0x6fe9E9de56356F7eDBfcBB29FAB7cd69471a4869,BNB/USDT,other,500,False,18,18,893.472444,-67955,2650568316365563326990621633,245488410685039476609065,1502049692125047003868036355240442933649,1971955130818371879788925131132914753
2025-12-12,1765497600,71327837,0x6fe9E9de56356F7eDBfcBB29FAB7cd69471a4869,BNB/USDT,other,500,False,18,18,885.481754,-67865,2662500974919778300601645315,245206230842639952533369,1502804411198047905434824162405427710810,1972845531908734113524596232688365021
2025-12-13,1765584000,71442945,0x6fe9E9de56356F7eDBfcBB29FAB7cd69471a4869,BNB/USDT,other,500,False,18,18,881.706114,-67822,2668195562676154811043955821,245231013012586473351039,1503259304145110072523882000598437532195,1973373408719893190359236746750546969
2025-12-14,1765670400,71558137,0x6fe9E9de56356F7eDBfcBB29FAB7cd69471a4869,BNB/USDT,other,500,False,18,18,896.915946,-67994,2645475301251203143531233233,246441121363129606081594,1503516166870800419231626294575341284338,1973612407077374707101407305749606923
2025-12-15,1765756800,71673231,0x6fe9E9de56356F7eDBfcBB29FAB7cd69471a4869,BNB/USDT,other,500,False,18,18,877.437401,-67774,2674678042823584920212248964,245696561551785521504428,1503875213020536816343852848772163798435,1974080403204125293723736768410192867
2025-12-16,1765843200,71788420,0x6fe9E9de56356F7eDBfcBB29FAB7cd69471a4869,BNB/USDT,other,500,False,18,18,858.977677,-67561,2703265145330453882413006425,245037082598897487097998,1504668571029243570426208090968765007162,1975060004042283813080696283252379875
2025-12-17,1765929600,71903613,0x6fe9E9de56356F7eDBfcBB29FAB7cd69471a4869,BNB/USDT,other,500,False,18,18,875.265504,-67749,2677994479703794824693736061,247321466765452088743942,1505622917292809003066397839559860766083,1976126293226940803524788399107757869
2025-12-18,1766016000,72018714,0x6fe9E9de56356F7eDBfcBB29FAB7cd69471a4869,BNB/USDT,other,500,False,18,18,843.097667,-67375,2728604807499103146990322232,244326931531178399328154,1506448234352208499691781066073650568574,1977199824199153046400772912983509245
2025-12-19,1766102400,72133900,0x6fe9E9de56356F7eDBfcBB29FAB7cd69471a4869,BNB/USDT,other,500,False,18,18,829.861732,-67216,2750278759708394070688695496,250260494439533921964644,1507354907126235867102336335902564261017,1978331006177767754125567813349686007
2025-12-20,1766188800,72249094,0x6fe9E9de56356F7eDBfcBB29FAB7cd69471a4869,BNB/USDT,other,500,False,18,18,856.471913,-67532,2707216703681616555802228349,250201150999484526664443,1508004458911251570058584689334910560395,1979008910043179654843672274530207636
2025-12-21,1766275200,72364290,0x6fe9E9de56356F7eDBfcBB29FAB7cd69471a4869,BNB/USDT,other,500,False,18,18,854.471268,-67509,2710384167864050847778134836,250174252521973647069831,1508106118453353508298186433079122290511,1979134760267206807821085415922272987
2025-12-22,1766361600,72479472,0x6fe9E9de56356F7eDBfcBB29FAB7cd69471a4869,BNB/USDT,other,500,False,18,18,858.531234,-67556,2703967913844862934306234608,250438897403073266287786,1508393862402389187301712938749134480973,1979458449367502499985781854215608928
2025-12-23,1766448000,72594661,0x6fe9E9de56356F7eDBfcBB29FAB7cd69471a4869,BNB/USDT,other,500,False,18,18,858.280678,-67553,2704362567239224501717687489,250493297388977623548735,1508889202007666909947651943282956972148,1980033886940590027004378718378360279
2025-12-24,1766534400,72709854,0x6fe9E9de56356F7eDBfcBB29FAB7cd69471a4869,BNB/USDT,other,500,False,18,18,844.207761,-67388,2726810222420547496945232562,250300140977629024947531,1509357603669967960168825300904546997995,1980631916259665420084009733215626058
2025-12-25,1766620800,72825014,0x6fe9E9de56356F7eDBfcBB29FAB7cd69471a4869,BNB/USDT,other,500,False,18,18,847.037566,-67421,2722251513299690874217519028,250410083862340873037696,1509628768133090737369793088717464469396,1980944338278380760040805135230352997
2025-12-26,1766707200,72940190,0x6fe9E9de56356F7eDBfcBB29FAB7cd69471a4869,BNB/USDT,other,500,False,18,18,829.952304,-67218,2750128687647243700822943203,250558486327462997759238,1509791334768949396179972369563572363229,1981197818321525123528520547634744029
2025-12-27,1766793600,73055361,0x6fe9E9de56356F7eDBfcBB29FAB7cd69471a4869,BNB/USDT,other,500,False,18,18,834.678772,-67274,2742331166320321326079616967,257909228100002452896532,1510221352684403768497647676229765790449,1981694832230056186475746990382729227
2025-12-28,1766880000,73170502,0x6fe9E9de56356F7eDBfcBB29FAB7cd69471a4869,BNB/USDT,other,500,False,18,18,845.214254,-67400,2725186177339737094139432189,261011615778114264441539,1510403905772118874070168652418570249368,1981875376265922157660712425517457625
2025-12-29,1766966400,73285685,0x6fe9E9de56356F7eDBfcBB29FAB7cd69471a4869,BNB/USDT,other,500,False,18,18,859.468697,-67567,2702492839582403634037735564,260889859016525431829751,1510625756188798625479853054715234122802,1982085812581896694713177184182952978
2025-12-30,1767052800,73400836,0x6fe9E9de56356F7eDBfcBB29FAB7cd69471a4869,BNB/USDT,other,500,False,18,18,852.307948,-67483,2713821723974878334835463543,260829761622729023744516,1511002747214558965738831087285047427226,1982550210253910021815765851916201441
2025-12-31,1767139200,73515980,0x6fe9E9de56356F7eDBfcBB29FAB7cd69471a4869,BNB/USDT,other,500,False,18,18,861.34596,-67589,2699546254681372192745041562,260840072456013814949987,1511239926205536850245854219649241728238,1982796090749455134976691724802687534
2026-01-01,1767225600,73631160,0x6fe9E9de56356F7eDBfcBB29FAB7cd69471a4869,BNB/USDT,other,500,False,18,18,864.567032,-67626,2694512783771119573604372352,260780295711620688613162,1511524441311768548284706415540148081889,1983114452084122506574981490584825311
2026-01-02,1767312000,73746334,0x6fe9E9de56356F7eDBfcBB29FAB7cd69471a4869,BNB/USDT,other,500,False,18,18,864.127057,-67621,2695198658402930736784033185,260753249880910903976335,1511720673621777326267251825245800876050,1983343020160723582270625724749438579
2026-01-03,1767398400,73861514,0x6fe9E9de56356F7eDBfcBB29FAB7cd69471a4869,BNB/USDT,other,500,False,18,18,880.928554,-67814,2669372856344757338275092726,263108486796878699180137,1512120425355990079092440915886561662020,1983744094511995306268239733532781549
2026-01-04,1767484800,73976706,0x6fe9E9de56356F7eDBfcBB29FAB7cd69471a4869,BNB/USDT,other,500,False,18,18,878.994264,-67792,2672308317083163023368975210,263194690113025160704743,1512278327845923846132405158035531763772,1983930698908405838541346255101154668
2026-01-05,1767571200,74091896,0x6fe9E9de56356F7eDBfcBB29FAB7cd69471a4869,BNB/USDT,other,500,False,18,18,895.443376,-67977,2647649668938838296171048064,278283355603892726080892,1512596040933834378938335417044969465938,1984234815757465446828839569749430579
2026-01-06,1767657600,74207091,0x6fe9E9de56356F7eDBfcBB29FAB7cd69471a4869,BNB/USDT,other,500,False,18,18,910.698546,-68146,2625380542294397254325077368,269503355263209395752936,1513064405532542839725150530698731014885,1984705350178960892614680004384656990
2026-01-07,1767744000,74322286,0x6fe9E9de56356F7eDBfcBB29FAB7cd69471a4869,BNB/USDT,other,500,False,18,18,918.017749,-68226,2614893736988778487206077401,267358614157882149253877,1513567509143082250308600371791400614284,1985235365217301268435462642486795386
2026-01-08,1767830400,74437473,0x6fe9E9de56356F7eDBfcBB29FAB7cd69471a4869,BNB/USDT,other,500,False,18,18,900.152788,-68030,2640714610247733107978452573,271377900516695827522981,1514101631957373369503880994595278720523,1985880309632683387300923656320858245
2026-01-09,1767916800,74552658,0x6fe9E9de56356F7eDBfcBB29FAB7cd69471a4869,BNB/USDT,other,500,False,18,18,892.305494,-67942,2652300946076730317796373350,280796829963665661841453,1514545210888830441671535131918764527680,1986405219165092241808343564368507885
2026-01-10,1768003200,74667833,0x6fe9E9de56356F7eDBfcBB29FAB7cd69471a4869,BNB/USDT,other,500,False,18,18,896.81767,-67992,2645620246165628750315475813,273006846145093685483223,1514890864298973532810570663446766568220,1986777881539320732563254221820399356
2026-01-11,1768089600,74783026,0x6fe9E9de56356F7eDBfcBB29FAB7cd69471a4869,BNB/USDT,other,500,False,18,18,907.49594,-68111,2630009022088039036206859119,272450180108802158282555,1515145663321774392690603274068734567196,1987025632329874695759392430473087478
2026-01-12,1768176000,74898214,0x6fe9E9de56356F7eDBfcBB29FAB7cd69471a4869,BNB/USDT,other,500,False,18,18,903.924929,-68071,2635198907796855609930814324,276326595187789291332400,1515358337772870218801079819294320800813,1987270726869635335585152940677766398
2026-01-13,1768262400,75013403,0x6fe9E9de56356F7eDBfcBB29FAB7cd69471a4869,BNB/USDT,other,500,False,18,18,905.66766,-68091,2632662296745438317175357037,275929893553438015953766,1515725072685218097433676980810425651476,1987671181268379427678122915721050894
2026-01-14,1768348800,75128594,0x6fe9E9de56356F7eDBfcBB29FAB7cd69471a4869,BNB/USDT,other,500,False,18,18,943.332688,-68498,2579568956922939386527429896,271790865994097743763716,1516398769154201061398822569597582650538,1988287312443778700580686244130886738
2026-01-15,1768435200,75312548,0x6fe9E9de56356F7eDBfcBB29FAB7cd69471a4869,BNB/USDT,other,500,False,18,18,948.777437,-68556,2572156621774925230577977463,275360310985283475905627,1516852278902655444249357133136748522670,1988752535057382747334753588839197915
2026-01-16,1768521600,75504467,0x6fe9E9de56356F7eDBfcBB29FAB7cd69471a4869,BNB/USDT,other,500,False,18,18,931.228729,-68369,2596279241323905150703735983,274875938371846817730486,1517260247556206301481935627013189936752,1989240391409156042365992023869148269
2026-01-17,1768608000,75696199,0x6fe9E9de56356F7eDBfcBB29FAB7cd69471a4869,BNB/USDT,other,500,False,18,18,937.721068,-68438,2587275922329924435377877325,276827022404431204965551,1517539235433258439835735757989269910187,1989520449079541381989578139041999078
2026-01-18,1768694400,75888169,0x6fe9E9de56356F7eDBfcBB29FAB7cd69471a4869,BNB/USDT,other,500,False,18,18,947.57906,-68543,2573782575405418494322766215,271590943362746867443429,1517739308718345192760546920134500814736,1989702981754516528937183010515754207
2026-01-19,1768780800,76080125,0x6fe9E9de56356F7eDBfcBB29FAB7cd69471a4869,BNB/USDT,other,500,False,18,18,932.270413,-68380,2594828342251741006045636239,270878335806076755043779,1517940480752047329224434773084759311156,1989960665344074128558843374151743529
2026-01-20,1768867200,76272076,0x6fe9E9de56356F7eDBfcBB29FAB7cd69471a4869,BNB/USDT,other,500,False,18,18,923.143148,-68282,2607624534524349896467455117,270192199614586839796034,1518517574691646990191601888203727913950,1990614474861760623899142325596192189
2026-01-21,1768953600,76464038,0x6fe9E9de56356F7eDBfcBB29FAB7cd69471a4869,BNB/USDT,other,500,False,18,18,884.482128,-67854,2664005105522953057640876731,264475633234960046575409,1519189076913042485726964248071717411669,1991474497244919035181148126937009058
2026-01-22,1769040000,76655939,0x6fe9E9de56356F7eDBfcBB29FAB7cd69471a4869,BNB/USDT,other,500,False,18,18,883.213222,-67840,2665918097565247088852961201,265659668553880715419122,1520115663483050898729077381316813365918,1992533369703380760964045121092419944
2026-01-23,1769126400,76847806,0x6fe9E9de56356F7eDBfcBB29FAB7cd69471a4869,BNB/USDT,other,500,False,18,18,887.722339,-67890,2659138815324691662068880992,266394807879829202017665,1520512728895778424895656597175175889575,1992966039158991527578636959439725803
2026-01-24,1769212800,77039715,0x6fe9E9de56356F7eDBfcBB29FAB7cd69471a4869,BNB/USDT,other,500,False,18,18,891.736509,-67936,2653146980109506784824386956,266410903484064359725011,1520858742016926700661095386004719201481,1993341078022258203237228994494943751
2026-01-25,1769299200,77231691,0x6fe9E9de56356F7eDBfcBB29FAB7cd69471a4869,BNB/USDT,other,500,False,18,18,887.415174,-67887,2659598985221026311046703539,267153998856356274918636,1520921400065957520228918807354640732591,1993425276503574464604734082678308996
2026-01-26,1769385600,77423679,0x6fe9E9de56356F7eDBfcBB29FAB7cd69471a4869,BNB/USDT,other,500,False,18,18,865.639671,-67639,2692842841263788575042795486,258685186540382934158149,1521266924480129945902719306579759274512,1993894477421376118675394779899387912
2026-01-27,1769472000,77614831,0x6fe9E9de56356F7eDBfcBB29FAB7cd69471a4869,BNB/USDT,other,500,False,18,18,879.631339,-67799,2671340427734357738957706112,260074287318600913480577,1521655762353785677030123383776411106378,1994293612068053459501741654074158793
2026-01-28,1769558400,77806804,0x6fe9E9de56356F7eDBfcBB29FAB7cd69471a4869,BNB/USDT,other,500,False,18,18,898.491252,-68011,2643155155044912498687605698,265609455166159292032843,1521977542920306152655022325347451473038,1994595349004058347833806907219380637
2026-01-29,1769644800,77998762,0x6fe9E9de56356F7eDBfcBB29FAB7cd69471a4869,BNB/USDT,other,500,False,18,18,902.823219,-68059,2636806277090976374507685197,258421044072835180505224,1522336131104468898284693056803076336489,1994979080995634390329149298689574902
2026-01-30,1769731200,78190723,0x6fe9E9de56356F7eDBfcBB29FAB7cd69471a4869,BNB/USDT,other,500,False,18,18,868.701462,-67674,2688093109687981154018846159,258464939821617086493135,1523001194295610892531113895270516722368,1995850030969198340028471803470634335
2026-01-31,1769817600,78382687,0x6fe9E9de56356F7eDBfcBB29FAB7cd69471a4869,BNB/USDT,other,500,False,18,18,858.732146,-67558,2703651581474575301913797185,256398824659429954781719,1524192850322751099840282743372136534108,1997289369582021006876504807355464456
2026-02-01,1769904000,78574636,0x6fe9E9de56356F7eDBfcBB29FAB7cd69471a4869,BNB/USDT,other,500,False,18,18,781.369799,-66614,2834335610494097717523580160,13704389828700901352187,1526192332014767847283259015757071980160,2000108940843016330672135525284224372
2026-02-02,1769990400,78766610,0x6fe9E9de56356F7eDBfcBB29FAB7cd69471a4869,BNB/USDT,other,500,False,18,18,758.224158,-66314,2877271042837563172065789658,1899207872643655846197588,1527901953539544803703969191088655957118,2002444584075194748996519303690573962
2026-02-03,1770076800,78958578,0x6fe9E9de56356F7eDBfcBB29FAB7cd69471a4869,BNB/USDT,other,500,False,18,18,774.007963,-66520,2847782843688381060187498870,2464312759832155082754886,1530134771554478504148139690924877510196,2005338452210214793932423625313751506
2026-02-04,1770163200,79150546,0x6fe9E9de56356F7eDBfcBB29FAB7cd69471a4869,BNB/USDT,other,500,False,18,18,754.738738,-66268,2883907078418665070055687511,2870195510303558428000304,1531500937750934423994002180010807228215,2007206443220010981658102423864554179
2026-02-05,1770249600,79342343,0x6fe9E9de56356F7eDBfcBB29FAB7cd69471a4869,BNB/USDT,other,500,False,18,18,697.429845,-65478,3000055710879136251732482840,86211331232631334044009,1533212154509307445448238657002466412191,2009812212518210653156718774325300993
2026-02-06,1770336000,79534305,0x6fe9E9de56356F7eDBfcBB29FAB7cd69471a4869,BNB/USDT,other,500,False,18,18,607.980569,-64105,3213177624629785001343850660,384292173296836190893028,1539947768434738199688312236470677690873,2020691293288479208507619579828884441
2026-02-07,1770422400,79726285,0x6fe9E9de56356F7eDBfcBB29FAB7cd69471a4869,BNB/USDT,other,500,False,18,18,657.436549,-64887,3089958607862461163744991099,433604343554955415212872,1545665465358384386142877123256575078388,2029619824147833417438891108013642249
2026-02-08,1770508800,79918243,0x6fe9E9de56356F7eDBfcBB29FAB7cd69471a4869,BNB/USDT,other,500,False,18,18,647.269061,-64731,3114133020889182935108127679,443229064267138467687303,1547444451930996069010412028629723494517,2032424905894615779971502695282552563
2026-02-09,1770595200,80110210,0x6fe9E9de56356F7eDBfcBB29FAB7cd69471a4869,BNB/USDT,other,500,False,18,18,639.894065,-64617,3132027326589964276544878808,1020352777986579023013129,1548349896882674384996461866586332030000,2033869563720429573104004331625691699
2026-02-10,1770681600,80302179,0x6fe9E9de56356F7eDBfcBB29FAB7cd69471a4869,BNB/USDT,other,500,False,18,18,636.330783,-64561,3140784343317381784452329874,1033858058117639713779878,1549519261139130168382472601285497590719,2035734363239749602054211735972443355
2026-02-11,1770768000,80494157,0x6fe9E9de56356F7eDBfcBB29FAB7cd69471a4869,BNB/USDT,other,500,False,18,18,619.859319,-64299,3182240629358053360752729148,1419894180125339989808090,1550371041841209736321514901878108935049,2037186255033119571813742223850684896
2026-02-12,1770854400,80686123,0x6fe9E9de56356F7eDBfcBB29FAB7cd69471a4869,BNB/USDT,other,500,False,18,18,608.025266,-64106,3213059520017655844899954852,728223281005168986172146,1551758026983460658094443766507458534437,2039557843234658939113263593677425920
2026-02-13,1770940800,80878054,0x6fe9E9de56356F7eDBfcBB29FAB7cd69471a4869,BNB/USDT,other,500,False,18,18,614.23236,-64207,3196783589400333719712766266,804807715619855235010828,1552567859732029447142759285085031570386,2040848908002447978678462941953139458
2026-02-14,1771027200,81070012,0x6fe9E9de56356F7eDBfcBB29FAB7cd69471a4869,BNB/USDT,other,500,False,18,18,619.086121,-64286,3184227214609734192941597583,814550161296931330950919,1553471603068597889245776512354659729143,2042308592858641199267194668434438444
2026-02-15,1771113600,81261987,0x6fe9E9de56356F7eDBfcBB29FAB7cd69471a4869,BNB/USDT,other,500,False,18,18,632.768731,-64505,3149612162202235489235883469,890382669129001883528740,1553893019253723663957772802138566882701,2042904865320802711695655853769255610
2026-02-16,1771200000,81453969,0x6fe9E9de56356F7eDBfcBB29FAB7cd69471a4869,BNB/USDT,other,500,False,18,18,615.175186,-64223,3194332932823459555144028878,782346702862102406781401,1554587673669350916312199644145550415249,2044113531786462323202013864211624591
2026-02-17,1771286400,81645932,0x6fe9E9de56356F7eDBfcBB29FAB7cd69471a4869,BNB/USDT,other,500,False,18,18,627.110432,-64415,3163789432461048539451311506,926228984813703600867183,1555287953753606879480582806835147945298,2045183722263961553431945581124111138
2026-02-18,1771372800,81837913,0x6fe9E9de56356F7eDBfcBB29FAB7cd69471a4869,BNB/USDT,other,500,False,18,18,617.764365,-64265,3187631847678722802472143178,791586392807164708218719,1555922974252188068024352659720013046567,2046260179574533013246821632668815412
2026-02-19,1771459200,82029901,0x6fe9E9de56356F7eDBfcBB29FAB7cd69471a4869,BNB/USDT,other,500,False,18,18,604.591113,-64049,3222171887011612710164705000,790965823852443710241402,1556541887932323551862045900816814110528,2047344037355115977766518196517139304
2026-02-20,1771545600,82221857,0x6fe9E9de56356F7eDBfcBB29FAB7cd69471a4869,BNB/USDT,other,500,False,18,18,607.733936,-64101,3213829549454314785231408809,1096728637134170480897400,1557162307067041897648829220683477866781,2048353724395986654648570947399104486
2026-02-21,1771632000,82413822,0x6fe9E9de56356F7eDBfcBB29FAB7cd69471a4869,BNB/USDT,other,500,False,18,18,625.916677,-64396,3166805001290561915331081579,1242840855356776737262221,1557820231721050451915122917984242492310,2049321671355462276101142440800944172
2026-02-22,1771718400,82605794,0x6fe9E9de56356F7eDBfcBB29FAB7cd69471a4869,BNB/USDT,other,500,False,18,18,625.86381,-64395,3166938749252491193734286218,1274016158558722116093480,1558035777762075309694077389756695074213,2049664990565039169737068733406388689
2026-02-23,1771804800,82797768,0x6fe9E9de56356F7eDBfcBB29FAB7cd69471a4869,BNB/USDT,other,500,False,18,18,614.881321,-64218,3195096162261722781920582503,1100954152720456820708212,1558229776641318708582162059029483598547,2050039165176206054995447649565273992
2026-02-24,1771891200,82989747,0x6fe9E9de56356F7eDBfcBB29FAB7cd69471a4869,BNB/USDT,other,500,False,18,18,596.265139,-63911,3244590366687287772983773350,802790553132003657817386,1559248109866293932627932876308571660549,2051850973064128956806606506002218771
2026-02-25,1771977600,83181714,0x6fe9E9de56356F7eDBfcBB29FAB7cd69471a4869,BNB/USDT,other,500,False,18,18,583.699981,-63698,3279327146763012420085704415,1454846937221964793345671,1560022149080383877211482167578072854182,2053239602876148227928117761779121555
2026-02-26,1772064000,83373648,0x6fe9E9de56356F7eDBfcBB29FAB7cd69471a4869,BNB/USDT,other,500,False,18,18,629.116054,-64447,3158742325638689407885653380,1592180691488330956116383,1561003772027650367052339145398231316920,2054582737260323885436429357234545941
2026-02-27,1772150400,83565542,0x6fe9E9de56356F7eDBfcBB29FAB7cd69471a4869,BNB/USDT,other,500,False,18,18,625.860743,-64395,3166946509685030803891736817,1624048741021573655225183,1561635767994050551543942075983616899429,2055612210387987675675808000643462723
2026-02-28,1772236800,83757351,0x6fe9E9de56356F7eDBfcBB29FAB7cd69471a4869,BNB/USDT,other,500,False,18,18,613.925942,-64202,3197581266922406732991548025,1475966671380593780729911,1562169543411083550960274242350418111913,2056542058461014021977612590062192886
2026-03-01,1772323200,83949248,0x6fe9E9de56356F7eDBfcBB29FAB7cd69471a4869,BNB/USDT,other,500,False,18,18,617.045762,-64253,3189487444998219777516116365,891694898079029869806387,1563012015830826304799739822613827699084,2057920549458536104222138841007069620
2026-03-02,1772409600,84141225,0x6fe9E9de56356F7eDBfcBB29FAB7cd69471a4869,BNB/USDT,other,500,False,18,18,617.950715,-64268,3187151179690271632272609053,1056911003405323174786021,1563763587795888537352913216605015201796,2059122829121205879885983980121838632
2026-03-03,1772496000,84333188,0x6fe9E9de56356F7eDBfcBB29FAB7cd69471a4869,BNB/USDT,other,500,False,18,18,637.483856,-64579,3137942550305105603046070058,2582381974000075953876079,1564768776199310868580724654390030818782,2060608158184345368819835027936318950
2026-03-04,1772582400,84525157,0x6fe9E9de56356F7eDBfcBB29FAB7cd69471a4869,BNB/USDT,other,500,False,18,18,633.421935,-64515,3147987754366401132933988623,1499734682407183980128360,1565618484553015999236548405086624907646,2061976531981339609084979151041476716
2026-03-05,1772668800,84717132,0x6fe9E9de56356F7eDBfcBB29FAB7cd69471a4869,BNB/USDT,other,500,False,18,18,658.095422,-64897,3088411414337957607025923544,2752196572142439170977447,1566550181900903399363625538918430144956,2063283677787337149653672676897902668
2026-03-06,1772755200,84909090,0x6fe9E9de56356F7eDBfcBB29FAB7cd69471a4869,BNB/USDT,other,500,False,18,18,647.585616,-64736,3113371796385377129272520868,627841615253204229133030,1567230750215182528614745635652361704745,2064378181174257603185221940944734743
2026-03-07,1772841600,85101065,0x6fe9E9de56356F7eDBfcBB29FAB7cd69471a4869,BNB/USDT,other,500,False,18,18,627.333992,-64419,3163225650049329105408776272,390526085246970911368872,1567711475818329324469334720150948764789,2065240363314282407228871631499795578
2026-03-08,1772928000,85293033,0x6fe9E9de56356F7eDBfcBB29FAB7cd69471a4869,BNB/USDT,other,500,False,18,18,620.23542,-64305,3181275651795360906186488989,264039350032098772531778,1567881720588540264181775765359505135768,2065551411183661947771764586322195035
2026-03-09,1773014400,85485002,0x6fe9E9de56356F7eDBfcBB29FAB7cd69471a4869,BNB/USDT,other,500,False,18,18,611.770562,-64167,3203209149421809791343372086,265753272890481982581354,1568276893397529388193304254574846652504,2066239675050246290463506571922155364
2026-03-10,1773100800,85676974,0x6fe9E9de56356F7eDBfcBB29FAB7cd69471a4869,BNB/USDT,other,500,False,18,18,634.39749,-64530,3145566390404577445708739539,389654716636901665223721,1568980700070346240347862840638539463437,2067235183030855121467571044248058928
2026-03-11,1773187200,85868925,0x6fe9E9de56356F7eDBfcBB29FAB7cd69471a4869,BNB/USDT,other,500,False,18,18,641.781596,-64646,3127418165408466304725558802,461925749631086924709133,1569548252230131947374028357367388155009,2068077248940775971622886599582152690
2026-03-12,1773273600,86060844,0x6fe9E9de56356F7eDBfcBB29FAB7cd69471a4869,BNB/USDT,other,500,False,18,18,651.326258,-64794,3104418696602818018081354425,355816459575232588718112,1570140090647479304393718850461466194080,2068944889073822675998182065742815434
2026-03-13,1773360000,86252794,0x6fe9E9de56356F7eDBfcBB29FAB7cd69471a4869,BNB/USDT,other,500,False,18,18,651.761952,-64801,3103380890849985173595629437,1527377317753217169757797,1570561804212228945316790731091977069938,2069591640710481234911977228983267892
2026-03-14,1773446400,86444737,0x6fe9E9de56356F7eDBfcBB29FAB7cd69471a4869,BNB/USDT,other,500,False,18,18,655.912819,-64864,3093545615679255330516516161,852971475688701959232130,1571326329391979128118168988597079526668,2070721885788654018177778374591449766
2026-03-15,1773532800,86636622,0x6fe9E9de56356F7eDBfcBB29FAB7cd69471a4869,BNB/USDT,other,500,False,18,18,657.775341,-64892,3089162751761191777051751033,1684092444178302237701738,1571475199081162741166219497560329453750,2070940034248961596334183063897101386
2026-03-16,1773619200,86828513,0x6fe9E9de56356F7eDBfcBB29FAB7cd69471a4869,BNB/USDT,other,500,False,18,18,673.692571,-65131,3052451024240540896416304347,1579648677614054922029582,1571855868359144493614526233524610481913,2071433718493274599507438113177307354
2026-03-17,1773705600,87018277,0x6fe9E9de56356F7eDBfcBB29FAB7cd69471a4869,BNB/USDT,other,500,False,18,18,679.386147,-65216,3039633625599608999956152915,2124156522218328944840503,1572598826604182202970512089095856745468,2072501385878280144763499865255415743
2026-03-18,1773792000,87207920,0x6fe9E9de56356F7eDBfcBB29FAB7cd69471a4869,BNB/USDT,other,500,False,18,18,668.531007,-65055,3064211980173066233112619755,1333172035375067506712877,1573174566735050800886870185795637035231,2073406111345755614488059019570929863
2026-03-19,1773878400,87399716,0x6fe9E9de56356F7eDBfcBB29FAB7cd69471a4869,BNB/USDT,other,500,False,18,18,651.986025,-64804,3102847564714714740840818874,1201087743740352277024016,1573641054831481090462409872160573838047,2074198381255927980568605252184409799
2026-03-20,1773964800,87591655,0x6fe9E9de56356F7eDBfcBB29FAB7cd69471a4869,BNB/USDT,other,500,False,18,18,639.330188,-64608,3133408216184106242177840545,1313384816146459964394707,1574067735420990355199378247454619251261,2074928086538424860082498704561473284
2026-03-21,1774051200,87783563,0x6fe9E9de56356F7eDBfcBB29FAB7cd69471a4869,BNB/USDT,other,500,False,18,18,642.203838,-64653,3126389873146464970024786128,1362186947939615363929179,1574457038694465456545803763305228380386,2075520251689748299136055845815393202
2026-03-22,1774137600,87975509,0x6fe9E9de56356F7eDBfcBB29FAB7cd69471a4869,BNB/USDT,other,500,False,18,18,630.524598,-64469,3155212157294366696327181605,449650437754738205399045,1574589077216167759233002111679856902489,2075788861306173650903431806044463305
2026-03-23,1774224000,88167423,0x6fe9E9de56356F7eDBfcBB29FAB7cd69471a4869,BNB/USDT,other,500,False,18,18,626.487651,-64405,3165361576098374056919683394,435342859602429932110513,1575000538412484944326479933544284021001,2076464326171039125032195202440704510
2026-03-24,1774310400,88359328,0x6fe9E9de56356F7eDBfcBB29FAB7cd69471a4869,BNB/USDT,other,500,False,18,18,638.905896,-64601,3134448479472097052512831780,1502470045629682750254193,1575825716631098453871486596275843951739,2077692228097352045086860169722712079
2026-03-25,1774396800,88551231,0x6fe9E9de56356F7eDBfcBB29FAB7cd69471a4869,BNB/USDT,other,500,False,18,18,638.596635,-64596,3135207366829235381506931542,1504641694957266679567161,1576252148258283873910841914865930245562,2078367191014503498789219468659145575
2026-03-26,1774483200,88743167,0x6fe9E9de56356F7eDBfcBB29FAB7cd69471a4869,BNB/USDT,other,500,False,18,18,647.45603,-64734,3113683345830780916978902617,1501563681634785466313088,1576614546251335399013267355051524137048,2078881783792852070813684388420636823
2026-03-27,1774569600,88934986,0x6fe9E9de56356F7eDBfcBB29FAB7cd69471a4869,BNB/USDT,other,500,False,18,18,629.093615,-64447,3158798660632639372885273181,477335622916187996803400,1576900407151536346845736996666120685226,2079430998826547507347539728096582276
2026-03-28,1774656000,89126918,0x6fe9E9de56356F7eDBfcBB29FAB7cd69471a4869,BNB/USDT,other,500,False,18,18,613.744246,-64199,3198054547058986608556961108,330748064457827893271944,1577279394427385520370956443116339207258,2080131198612914548031079736899961543
2026-03-29,1774742400,89318488,0x6fe9E9de56356F7eDBfcBB29FAB7cd69471a4869,BNB/USDT,other,500,False,18,18,610.965616,-64154,3205318564647717359826380182,327713438462055370606844,1577465427330920962477659241702390766525,2080449797980466742210637882962205084
2026-03-30,1774828800,89510318,0x6fe9E9de56356F7eDBfcBB29FAB7cd69471a4869,BNB/USDT,other,500,False,18,18,606.174596,-64075,3217960567966374433192674844,330794610201719649728229,1577716448569051952825543816567827151470,2080889843371795355165775695650780811
2026-03-31,1774915200,89702202,0x6fe9E9de56356F7eDBfcBB29FAB7cd69471a4869,BNB/USDT,other,500,False,18,18,609.033948,-64122,3210397682443721909845590521,891241714855736062831934,1578174947103576284457597761258008693151,2081619040122609376155662408440287962
2026-04-01,1775001600,89894106,0x6fe9E9de56356F7eDBfcBB29FAB7cd69471a4869,BNB/USDT,other,500,False,18,18,617.633242,-64263,3187970196445503711799052252,945550015353770427106895,1578763514042933145473842067617369561536,2082532920550651801949102266844110031
2026-04-02,1775088000,90085792,0x6fe9E9de56356F7eDBfcBB29FAB7cd69471a4869,BNB/USDT,other,500,False,18,18,610.876218,-64153,3205553096373064697790055621,982659342931190967515891,1579122851374011174153232948245204216168,2083154930110565944196172695449171460
2026-04-03,1775174400,90277603,0x6fe9E9de56356F7eDBfcBB29FAB7cd69471a4869,BNB/USDT,other,500,False,18,18,583.289715,-63691,3280480226505018187898620693,183764190945007850173589,1579976218370276752101974932176517466521,2084776805945632426492718658107594009
2026-04-04,1775260800,90469457,0x6fe9E9de56356F7eDBfcBB29FAB7cd69471a4869,BNB/USDT,other,500,False,18,18,588.300833,-63776,3266478862757402884420762345,257845852667540283050034,1580251240821909218621776420486531262434,2085215955398743625688194527626858380
2026-04-05,1775347200,90661217,0x6fe9E9de56356F7eDBfcBB29FAB7cd69471a4869,BNB/USDT,other,500,False,18,18,593.338374,-63861,3252582829645397979464511712,250027655413752262801759,1580396873945439045725955042477975553286,2085432358133367508768862178013740206
2026-04-06,1775433600,90853002,0x6fe9E9de56356F7eDBfcBB29FAB7cd69471a4869,BNB/USDT,other,500,False,18,18,601.614953,-64000,3230132017415548565089984393,273472324128724770970818,1580680444980354634637949205291738840056,2085861484604254779051290139767825764
2026-04-07,1775520000,91044791,0x6fe9E9de56356F7eDBfcBB29FAB7cd69471a4869,BNB/USDT,other,500,False,18,18,600.340328,-63979,3233559262465372672390888806,252028952435304241214867,1581108330685660546788741760928140691761,2086576796847257890136528449788811868
2026-04-08,1775606400,91236553,0x6fe9E9de56356F7eDBfcBB29FAB7cd69471a4869,BNB/USDT,other,500,False,18,18,620.268529,-64305,3181190745181699625759001405,320951981622426776039209,1581697492153633808246014198594781574608,2087435440443551262576538365200764035
2026-04-09,1775692800,91428161,0x6fe9E9de56356F7eDBfcBB29FAB7cd69471a4869,BNB/USDT,other,500,False,18,18,601.130605,-63992,3231433060256761445520321956,258207882202969841619215,1582029887479185517315558426316541131300,2088087836212528471349833075248977618
2026-04-10,1775779200,91619920,0x6fe9E9de56356F7eDBfcBB29FAB7cd69471a4869,BNB/USDT,other,500,False,18,18,602.769832,-64019,3227036144052411194648876591,256312653301096687664255,1582385810544865237520328761821304264039,2088667765097138545501571438103197134
2026-04-11,1775865600,91811718,0x6fe9E9de56356F7eDBfcBB29FAB7cd69471a4869,BNB/USDT,other,500,False,18,18,605.662026,-64067,3219321954663374920817192560,321432722385031931499769,1582655691355494400579079478151983601726,2089098331248781762058528791271627417
2026-04-12,1775952000,92003495,0x6fe9E9de56356F7eDBfcBB29FAB7cd69471a4869,BNB/USDT,other,500,False,18,18,607.155986,-64092,3215358803287604894792036046,317734297801367204472898,1582875237466577257439651925316794055274,2089451206147498705205546966184299831
2026-04-13,1776038400,92195239,0x6fe9E9de56356F7eDBfcBB29FAB7cd69471a4869,BNB/USDT,other,500,False,18,18,592.294261,-63844,3255448441780324075296425981,249062162774823907205365,1583151437109176447993379804541260486974,2090002179174927847215210067787741474
2026-04-14,1776124800,92386868,0x6fe9E9de56356F7eDBfcBB29FAB7cd69471a4869,BNB/USDT,other,500,False,18,18,614.6901,-64215,3195593097184839675092098174,323297355437215680497029,1583673343580526538677636124737144130549,2090738054208537220857616682283895725
2026-04-15,1776211200,92578635,0x6fe9E9de56356F7eDBfcBB29FAB7cd69471a4869,BNB/USDT,other,500,False,18,18,613.820329,-64201,3197856340956377419486402254,322393788698565936444260,1584030803740268314494629129238533840588,2091322457984516789661153034388844015
2026-04-16,1776297600,92770235,0x6fe9E9de56356F7eDBfcBB29FAB7cd69471a4869,BNB/USDT,other,500,False,18,18,622.734377,-64345,3174886202116212949070876313,520095858432391115796491,1584369648437526841021857051147358230005,2091820724993831369464329666383759762
2026-04-17,1776384000,92961975,0x6fe9E9de56356F7eDBfcBB29FAB7cd69471a4869,BNB/USDT,other,500,False,18,18,635.931549,-64555,3141770069918987703904933030,418797631537041619236751,1584791944018488492366938805352661089051,2092424090544206615612094944970318145
2026-04-18,1776470400,93153736,0x6fe9E9de56356F7eDBfcBB29FAB7cd69471a4869,BNB/USDT,other,500,False,18,18,643.207442,-64668,3123949851466106938998280321,476028641855345227730131,1585390116262573096540884768735277677978,2093323466582909718838755372055781792
2026-04-19,1776556800,93345484,0x6fe9E9de56356F7eDBfcBB29FAB7cd69471a4869,BNB/USDT,other,500,False,18,18,630.014806,-64461,3156488460049088578545847746,446690185734350076795254,1585733418370951919374002253673467238482,2093932458092739264656956485607907813
2026-04-20,1776643200,93537311,0x6fe9E9de56356F7eDBfcBB29FAB7cd69471a4869,BNB/USDT,other,500,False,18,18,616.193147,-64239,3191693298960593087879933761,329323915714405547163495,1586095286113576284365811379165828538065,2094590038125747174762405703659077970
2026-04-21,1776729600,93729050,0x6fe9E9de56356F7eDBfcBB29FAB7cd69471a4869,BNB/USDT,other,500,False,18,18,629.119111,-64447,3158734651387148744736653533,514932533828478680713518,1586461630156666476197551076677506509947,2095104862284689223990635006555352168
2026-04-22,1776816000,93920811,0x6fe9E9de56356F7eDBfcBB29FAB7cd69471a4869,BNB/USDT,other,500,False,18,18,631.794132,-64489,3152040504385172621066381599,541839459571023886534641,1586793758590383065210387618091866028127,2095616160621695360918005306421968235
2026-04-23,1776902400,94112527,0x6fe9E9de56356F7eDBfcBB29FAB7cd69471a4869,BNB/USDT,other,500,False,18,18,637.601609,-64581,3137652777472116347471772008,538414417261435360565934,1587201676132302650991752443914137719415,2096218637412397026085990830405396224
2026-04-24,1776988800,94304279,0x6fe9E9de56356F7eDBfcBB29FAB7cd69471a4869,BNB/USDT,other,500,False,18,18,638.445842,-64594,3135577593030469851995239094,539034632225428650292439,1587523195390630368928916358659698319468,2096719804409735391566723422743475678
2026-04-25,1777075200,94495991,0x6fe9E9de56356F7eDBfcBB29FAB7cd69471a4869,BNB/USDT,other,500,False,18,18,636.294401,-64560,3140874133121040241941212043,540125547485446121279103,1587717025702655946062129646318000845817,2097035557338245085430313913376646630
2026-04-26,1777161600,94687478,0x6fe9E9de56356F7eDBfcBB29FAB7cd69471a4869,BNB/USDT,other,500,False,18,18,628.701755,-64440,3159782920515984133857118899,449856201800758497265164,1587853144708491876713953149894755115482,2097291530784359542252664894127516808
2026-04-27,1777248000,94879204,0x6fe9E9de56356F7eDBfcBB29FAB7cd69471a4869,BNB/USDT,other,500,False,18,18,635.982846,-64555,3141643363981165309193725252,555474517248429884293335,1588041561655739478701325619255194065093,2097550617436576963063823950111957355
2026-04-28,1777334400,95070974,0x6fe9E9de56356F7eDBfcBB29FAB7cd69471a4869,BNB/USDT,other,500,False,18,18,627.085216,-64415,3163853042734170047809182188,443882101438282941528606,1588321859525172817364782127710414411775,2098045128419685357684664573203699652
2026-04-29,1777420800,95262744,0x6fe9E9de56356F7eDBfcBB29FAB7cd69471a4869,BNB/USDT,other,500,False,18,18,624.33987,-64371,3170801456406899655394844810,457631717274119588580693,1588486181330698462594330305727303280397,2098323715174560156215927645786362543
2026-04-30,1777507200,95454503,0x6fe9E9de56356F7eDBfcBB29FAB7cd69471a4869,BNB/USDT,other,500,False,18,18,617.43211,-64259,3188489403183375961958976644,347285736526070629722617,1588728393054972518864294294126254848257,2098752439901342279608768748031038912
2026-05-01,1777593600,95646253,0x6fe9E9de56356F7eDBfcBB29FAB7cd69471a4869,BNB/USDT,other,500,False,18,18,615.387911,-64226,3193780783595127519968194307,355586977246359791218623,1588894712518451592905358519315529936807,2099033562969644318549886414464913093
2026-05-02,1777680000,95838039,0x6fe9E9de56356F7eDBfcBB29FAB7cd69471a4869,BNB/USDT,other,500,False,18,18,615.394261,-64226,3193764305119428689077133385,330516246007521233071642,1589152244165212530367110884351081297134,2099450131127014476362086838980825457
2026-05-03,1777766400,96029831,0x6fe9E9de56356F7eDBfcBB29FAB7cd69471a4869,BNB/USDT,other,500,False,18,18,618.012248,-64269,3186992509507918518327676092,473270236052137320250156,1589263647657815772588957026928077055844,2099616047351274924525099451532320554
2026-05-04,1777852800,96221596,0x6fe9E9de56356F7eDBfcBB29FAB7cd69471a4869,BNB/USDT,other,500,False,18,18,617.499529,-64260,3188315338344542266818652447,1122487371605198384981423,1589409710498784090035933845157371737372,2099854854562128400815633059709641201
2026-05-05,1777939200,96413206,0x6fe9E9de56356F7eDBfcBB29FAB7cd69471a4869,BNB/USDT,other,500,False,18,18,622.909082,-64348,3174440945582954699788682907,1377748546614391711097374,1589799090783908471360587347179554099514,2100447669321657505483500409167092905
2026-05-06,1778025600,96604919,0x6fe9E9de56356F7eDBfcBB29FAB7cd69471a4869,BNB/USDT,other,500,False,18,18,630.525913,-64469,3155208868493081037985261304,1376530820098225008803266,1590026114854628278783680042101742062309,2100767050605916485056828947932945946
2026-05-07,1778112000,96796686,0x6fe9E9de56356F7eDBfcBB29FAB7cd69471a4869,BNB/USDT,other,500,False,18,18,647.594906,-64736,3113349464108524292473217080,1249858591390896499091573,1590532211298035810213371272528854096048,2101459872246287321178805330661738616
2026-05-08,1778198400,96988431,0x6fe9E9de56356F7eDBfcBB29FAB7cd69471a4869,BNB/USDT,other,500,False,18,18,637.13097,-64573,3138811433366052574799679932,1252201725701752148905791,1590923165865157516180592800967631954163,2102121908992778686234837438909655554
2026-05-09,1778284800,97180207,0x6fe9E9de56356F7eDBfcBB29FAB7cd69471a4869,BNB/USDT,other,500,False,18,18,649.110152,-64760,3109713528086060125618910463,1254178397655827448202124,1591199583083977558620876112334011630288,2102490279918863802825230334551986020
2026-05-10,1778371200,97371981,0x6fe9E9de56356F7eDBfcBB29FAB7cd69471a4869,BNB/USDT,other,500,False,18,18,649.798782,-64770,3108065317289279108186773367,1254597618530067168305857,1591338495215670968743861990584683044259,2102700087670379365268385585053543745
2026-05-11,1778457600,97563772,0x6fe9E9de56356F7eDBfcBB29FAB7cd69471a4869,BNB/USDT,other,500,False,18,18,663.53316,-64980,3075730419556765834037765931,1062320021074352507454099,1591646757124513160996273696436146819431,2103100914299785713132541758956196407
2026-05-12,1778544000,97755562,0x6fe9E9de56356F7eDBfcBB29FAB7cd69471a4869,BNB/USDT,other,500,False,18,18,670.28365,-65081,3060203241315127841868991384,1113254480956099759823095,1591999227657130410636140538122608054169,2103602617615115130627739266523187929
2026-05-13,1778630400,97947334,0x6fe9E9de56356F7eDBfcBB29FAB7cd69471a4869,BNB/USDT,other,500,False,18,18,665.084334,-65003,3072141566937661559129477477,2029524073382799166814266,1592336464669858826213384823348129119920,2104138801404338239904209698085925871
2026-05-14,1778716800,98139070,0x6fe9E9de56356F7eDBfcBB29FAB7cd69471a4869,BNB/USDT,other,500,False,18,18,671.56139,-65100,3057290621876680742518158120,1147782273703489642462698,1592837242190752458851253180028985320112,2104850028088210695914450802839018768
2026-05-15,1778803200,98330767,0x6fe9E9de56356F7eDBfcBB29FAB7cd69471a4869,BNB/USDT,other,500,False,18,18,678.022185,-65196,3042689469832560621961683355,1149421542925083888924902,1593274873743819251337442761698422250041,2105466100767141546011575097369533950
2026-05-16,1778889600,98522520,0x6fe9E9de56356F7eDBfcBB29FAB7cd69471a4869,BNB/USDT,other,500,False,18,18,672.433297,-65113,3055307869440557696872109831,1266848998485098971395360,1593780689741231545326856156632269923594,2106237708908433511867524831721478469
2026-05-17,1778976000,98714268,0x6fe9E9de56356F7eDBfcBB29FAB7cd69471a4869,BNB/USDT,other,500,False,18,18,656.367567,-64871,3092473786865964282731832349,1222792828289512053850981,1594047758597577466385613039928509389548,2106723301265632979260525201800243098
2026-05-18,1779062400,98906063,0x6fe9E9de56356F7eDBfcBB29FAB7cd69471a4869,BNB/USDT,other,500,False,18,18,649.137273,-64760,3109648566653851046037349765,1346729231763410757123881,1594304169472706026702715844423871823193,2107153523607992187378691499934882172
2026-05-19,1779148800,99097815,0x6fe9E9de56356F7eDBfcBB29FAB7cd69471a4869,BNB/USDT,other,500,False,18,18,643.297015,-64670,3123732353419593077528787736,1616978338826757210079337,1594742383763036482986541359365434171288,2107867153849473324377267854437466946
2026-05-20,1779235200,99289479,0x6fe9E9de56356F7eDBfcBB29FAB7cd69471a4869,BNB/USDT,other,500,False,18,18,640.119227,-64620,3131476434264421338207419549,1635084149018347174302646,1594988667284707621364579128039089050097,2108268159226051633108204531432894633
2026-05-21,1779321600,99481057,0x6fe9E9de56356F7eDBfcBB29FAB7cd69471a4869,BNB/USDT,other,500,False,18,18,649.361061,-64764,3109112684666200915954883658,1913705198123057089776775,1595245561855612658417393775748736927587,2108618715737397244121061800851495898
2026-05-22,1779408000,99672792,0x6fe9E9de56356F7eDBfcBB29FAB7cd69471a4869,BNB/USDT,other,500,False,18,18,658.228568,-64899,3088099037592296595905259164,1700409723327537653565839,1595528665807934801689724159819112841019,2109007044014396746965063084754690995
2026-05-23,1779494400,99864544,0x6fe9E9de56356F7eDBfcBB29FAB7cd69471a4869,BNB/USDT,other,500,False,18,18,650.637635,-64783,3106061090639887339546174473,1608576546490471339529376,1595833424006695009057507727394574355965,2109509538201406176170156798949021442
2026-05-24,1779580800,100056346,0x6fe9E9de56356F7eDBfcBB29FAB7cd69471a4869,BNB/USDT,other,500,False,18,18,656.429886,-64872,3092326991292638372750539715,2458248030417544093337652,1596117818736673223874767302284391428339,2109918095512169610848257617789809976
2026-05-25,1779667200,100248141,0x6fe9E9de56356F7eDBfcBB29FAB7cd69471a4869,BNB/USDT,other,500,False,18,18,656.879937,-64879,3091267479106279758438198516,2485944160374726379009575,1596308082692805251098081393503083277278,2110205691450630583043838080203524285
2026-05-26,1779753600,100439919,0x6fe9E9de56356F7eDBfcBB29FAB7cd69471a4869,BNB/USDT,other,500,False,18,18,662.875702,-64970,3077255338238288989927126524,1619943619641215338690318,1596552926996131534924129496098626617580,2110544655249062936640099902709830671
2026-05-27,1779840000,100631692,0x6fe9E9de56356F7eDBfcBB29FAB7cd69471a4869,BNB/USDT,other,500,False,18,18,656.381938,-64871,3092439933844048081041377877,1797844801467297403880838,1596908023024076323640643893518944766392,2111115776110766327753966939242965415
2026-05-28,1779926400,100823053,0x6fe9E9de56356F7eDBfcBB29FAB7cd69471a4869,BNB/USDT,other,500,False,18,18,649.02815,-64758,3109909972403677862436264434,2247431326417988789938922,1597246478018865631383597159825822795617,2111671614783687415010325102066122030
2026-05-29,1780012800,101014755,0x6fe9E9de56356F7eDBfcBB29FAB7cd69471a4869,BNB/USDT,other,500,False,18,18,638.198946,-64590,3136184055346157591510357374,2034200591092387920219236,1597856454802865925362164602736747262469,2112683575451412422334822378507248126
2026-05-30,1780099200,101206543,0x6fe9E9de56356F7eDBfcBB29FAB7cd69471a4869,BNB/USDT,other,500,False,18,18,643.032667,-64666,3124374364417854806446403977,2189786802996060257003387,1598228984751976849426791122222095593091,2113240830301153216294075096063354802
2026-05-31,1780185600,101398332,0x6fe9E9de56356F7eDBfcBB29FAB7cd69471a4869,BNB/USDT,other,500,False,18,18,718.632096,-65777,2955468116915003594039002814,556669891978895774865440,1599985075544273793482241895747600043695,2115408676837909786038332140526000136
2026-06-01,1780272000,101590093,0x6fe9E9de56356F7eDBfcBB29FAB7cd69471a4869,BNB/USDT,other,500,False,18,18,710.215219,-65659,2972929404914897604744014293,786726204757665908612901,1601334572468954931700936362523219013573,2117308858712542122489276666685572615
2026-06-02,1780358400,101781846,0x6fe9E9de56356F7eDBfcBB29FAB7cd69471a4869,BNB/USDT,other,500,False,18,18,693.018785,-65414,3009588233272854610064033462,1562463327785728898208135,1603317307535147802694049919467286655023,2120252495253557836188343096931013609
2026-06-03,1780444800,101973134,0x6fe9E9de56356F7eDBfcBB29FAB7cd69471a4869,BNB/USDT,other,500,False,18,18,650.722879,-64785,3105857638803756944159101605,869873743304578536345336,1604581194718027636924413642868138215344,2122296281538896494952553364201594273
2026-06-04,1780531200,102164854,0x6fe9E9de56356F7eDBfcBB29FAB7cd69471a4869,BNB/USDT,other,500,False,18,18,620.541854,-64310,3180490072261844264314388696,908098547535215725227799,1605708730216238747963179145783988540454,2124193140423615542655494229608325715
2026-06-05,1780617600,102356613,0x6fe9E9de56356F7eDBfcBB29FAB7cd69471a4869,BNB/USDT,other,500,False,18,18,604.347592,-64045,3222821007472473145327412575,832994277854629256259065,1607503441252619460528703824089704653238,2127233833745326358943051962407727792
2026-06-06,1780704000,102548303,0x6fe9E9de56356F7eDBfcBB29FAB7cd69471a4869,BNB/USDT,other,500,False,18,18,572.386831,-63502,3311576310052498928540060477,689987268084059119570344,1609935186693291542934887737400886583562,2131560298516788947762640436988670481
2026-06-07,1780790400,102740094,0x6fe9E9de56356F7eDBfcBB29FAB7cd69471a4869,BNB/USDT,other,500,False,18,18,574.558438,-63540,3305312152081048767117003876,823182835223190448295987,1610878020542598947194451004104069131934,2133194972217710252058373188383902248
2026-06-08,1780876800,102931853,0x6fe9E9de56356F7eDBfcBB29FAB7cd69471a4869,BNB/USDT,other,500,False,18,18,604.24178,-64043,3223103175694360372042541327,602587262026603155719787,1611784753486910330309059450296186081432,2134595036913992757639544453973756827
2026-06-09,1780963200,103123606,0x6fe9E9de56356F7eDBfcBB29FAB7cd69471a4869,BNB/USDT,other,500,False,18,18,601.710394,-64001,3229875831623157137020209274,862897708354511043780456,1612468911753009457121296032764711814497,2135743715814645846171354271182831392
2026-06-10,1781049600,103315326,0x6fe9E9de56356F7eDBfcBB29FAB7cd69471a4869,BNB/USDT,other,500,False,18,18,593.349494,-63862,3252552353521286478420594908,818506714261895010222718,1613142878947495886053135499470184707635,2136913147362158853602105526292421363
2026-06-11,1781136000,103507050,0x6fe9E9de56356F7eDBfcBB29FAB7cd69471a4869,BNB/USDT,other,500,False,18,18,586.789002,-63750,3270684110654540579329408742,1133652165672659750558392,1613757147603261561208710865258552376121,2137985328585778728088324956289735181
2026-06-12,1781222400,103698815,0x6fe9E9de56356F7eDBfcBB29FAB7cd69471a4869,BNB/USDT,other,500,False,18,18,605.720201,-64068,3219167354246064425761886515,1051090434212380591633044,1614173684718763163844767337716761238799,2138597580552596100816682610259751863
2026-06-13,1781308800,103890639,0x6fe9E9de56356F7eDBfcBB29FAB7cd69471a4869,BNB/USDT,other,500,False,18,18,603.733279,-64035,3224460238567278887962381361,1350460568845223126886457,1614455591299776524128980846148553778158,2139071671960186641915292886965526820
2026-06-14,1781395200,104082605,0x6fe9E9de56356F7eDBfcBB29FAB7cd69471a4869,BNB/USDT,other,500,False,18,18,609.722898,-64134,3208583392871917324888958266,1710043007382180467245715,1614607621286586303717648123885577555039,2139296719043648881217155763875084582
2026-06-15,1781481600,104274554,0x6fe9E9de56356F7eDBfcBB29FAB7cd69471a4869,BNB/USDT,other,500,False,18,18,616.515026,-64245,3190860007373489823046077639,1360004254436240583219091,1614799151184663545846463006191269181140,2139581547883332609967747306040486480
2026-06-16,1781568000,104466505,0x6fe9E9de56356F7eDBfcBB29FAB7cd69471a4869,BNB/USDT,other,500,False,18,18,617.705837,-64264,3187782859072835104838552825,1797509200385728251169782,1615140302218554579698431600481872729918,2140125343881069093549623305967931584
2026-06-17,1781654400,104658447,0x6fe9E9de56356F7eDBfcBB29FAB7cd69471a4869,BNB/USDT,other,500,False,18,18,604.895657,-64054,3221360658003200505803174413,1962831567147041627274067,1615444653269861410458377765321569088782,2140678486301343912090405540257021640
2026-06-18,1781740800,104850387,0x6fe9E9de56356F7eDBfcBB29FAB7cd69471a4869,BNB/USDT,other,500,False,18,18,601.601026,-64000,3230169407225815120841507668,2080744566237655163143691,1615873773495183576362708325271339884365,2141402782162306916747194446814177516
2026-06-19,1781827200,105042325,0x6fe9E9de56356F7eDBfcBB29FAB7cd69471a4869,BNB/USDT,other,500,False,18,18,578.640186,-63610,3293633625934668315721107046,1277267529666742057841380,1616269144779684725411025080348271328697,2142181070671978117598528720518125700
2026-06-20,1781913600,105234276,0x6fe9E9de56356F7eDBfcBB29FAB7cd69471a4869,BNB/USDT,other,500,False,18,18,581.533917,-63660,3285428794364267626435111082,1989921347179034893838170,1616551959617087685912892805356288728066,2142658257787201719260769027415084837
2026-06-21,1782000000,105425804,0x6fe9E9de56356F7eDBfcBB29FAB7cd69471a4869,BNB/USDT,other,500,False,18,18,588.184016,-63774,3266803215650657099219537698,2268928573697200694667969,1616768401611389498537133424445404124109,2142997858639806515719584333471149389
2026-06-22,1782086400,105617728,0x6fe9E9de56356F7eDBfcBB29FAB7cd69471a4869,BNB/USDT,other,500,False,18,18,584.301947,-63708,3277637477968008737469553147,2270159817616010439694650,1616932596542225349671994065799436908749,2143294237813337681235472828831600661
2026-06-23,1782172800,105809667,0x6fe9E9de56356F7eDBfcBB29FAB7cd69471a4869,BNB/USDT,other,500,False,18,18,590.120792,-63807,3261437988675612394811555174,2235765628061755451779903,1617287905203759887944966958656866354547,2143866648608792020657893472301469727
2026-06-24,1782259200,106001608,0x6fe9E9de56356F7eDBfcBB29FAB7cd69471a4869,BNB/USDT,other,500,False,18,18,578.140792,-63602,3295055827416526544121179251,2144182062915428519587315,1617620411606598546609091719905713402705,2144496530771528171678789435436490541
2026-06-25,1782345600,106193558,0x6fe9E9de56356F7eDBfcBB29FAB7cd69471a4869,BNB/USDT,other,500,False,18,18,564.64547,-63366,3334200096149237790109143958,1680150749339728895161502,1618216498378654574201641686159344636018,2145617447814223854322506752598110172
2026-06-26,1782432000,106385496,0x6fe9E9de56356F7eDBfcBB29FAB7cd69471a4869,BNB/USDT,other,500,False,18,18,560.547181,-63293,3346366448001963415592351957,1683628549984179309887613,1618899405818115432863422769820872571118,2146862799714139105295399808333114650
2026-06-27,1782518400,106577445,0x6fe9E9de56356F7eDBfcBB29FAB7cd69471a4869,BNB/USDT,other,500,False,18,18,567.660431,-63419,3325333997279841749651807453,1653283023714893423468196,1619536414212739865505024916917262491260,2147964044627350006890405098677921375
2026-06-28,1782604800,106769368,0x6fe9E9de56356F7eDBfcBB29FAB7cd69471a4869,BNB/USDT,other,500,False,18,18,557.319664,-63235,3356042101700617809479995968,1362941806073445014317248,1619716334809614250562509223264328554149,2148332396961039679856525219977322245
2026-06-29,1782691200,106961315,0x6fe9E9de56356F7eDBfcBB29FAB7cd69471a4869,BNB/USDT,other,500,False,18,18,551.231702,-63125,3374523762673405741513124683,1156915762670874713181599,1619961319180072432155432406336342559411,2148805020669373059776561708793064466
2026-06-30,1782777600,107153262,0x6fe9E9de56356F7eDBfcBB29FAB7cd69471a4869,BNB/USDT,other,500,False,18,18,559.428432,-63273,3349710821698828016014795137,1342681827602354420677847,1620438690724514258366786237270977430961,2149627347873451831489943224243875353
2026-07-01,1782864000,107345138,0x6fe9E9de56356F7eDBfcBB29FAB7cd69471a4869,BNB/USDT,other,500,False,18,18,546.511531,-63039,3389065160493639861946049044,1029726345308282827436493,1620709306603536399719836973573611764585,2150184261675875022833536892851892659
2026-07-02,1782950400,107537064,0x6fe9E9de56356F7eDBfcBB29FAB7cd69471a4869,BNB/USDT,other,500,False,18,18,550.682454,-63115,3376206208447172196899208284,1335196891562305850444122,1621195278103243984577605326220758221097,2151050107062821759988735102211606289
2026-07-03,1783036800,107728976,0x6fe9E9de56356F7eDBfcBB29FAB7cd69471a4869,BNB/USDT,other,500,False,18,18,558.760013,-63261,3351713774313716805112089796,1395153421383132661424741,1621578589605328900082143029091967885722,2151697578095740232112470061015688542
2026-07-04,1783123200,107920926,0x6fe9E9de56356F7eDBfcBB29FAB7cd69471a4869,BNB/USDT,other,500,False,18,18,573.828974,-63527,3307412375770102596833039491,1611858292076451443452785,1621812110282141184835057954198344578412,2152038823334022947724786112709080370
2026-07-05,1783209600,108112862,0x6fe9E9de56356F7eDBfcBB29FAB7cd69471a4869,BNB/USDT,other,500,False,18,18,575.504652,-63556,3302593824100650388659874929,2179929376401735388081441,1621995160005720260840148130353160129052,2152349889420750723365276267855936900
2026-07-06,1783296000,108304817,0x6fe9E9de56356F7eDBfcBB29FAB7cd69471a4869,BNB/USDT,other,500,False,18,18,589.622307,-63799,3262816358022843744949457730,1660567915544267148763505,1622370827176576532029984767044181175809,2152930029073753634488937704986589230
2026-07-07,1783382400,108496223,0x6fe9E9de56356F7eDBfcBB29FAB7cd69471a4869,BNB/USDT,other,500,False,18,18,585.809825,-63734,3273416430292844936080490069,2149394562449805731294768,1622764339413301601757841092456458373072,2153623703969726242607422738751098829
2026-07-08,1783468800,108688062,0x6fe9E9de56356F7eDBfcBB29FAB7cd69471a4869,BNB/USDT,other,500,False,18,18,576.692936,-63577,3299189548954810749211770262,2621264199252656677421225,1623027840379900182166705555031748625028,2154119121038284010686560837290602663
2026-07-09,1783555200,108879992,0x6fe9E9de56356F7eDBfcBB29FAB7cd69471a4869,BNB/USDT,other,500,False,18,18,568.691458,-63437,3322318244964565947472312979,2446404222892105344813409,1623342618960117541433094982515575410157,2154711858263923564486924876841846528
2026-07-10,1783641600,109071920,0x6fe9E9de56356F7eDBfcBB29FAB7cd69471a4869,BNB/USDT,other,500,False,18,18,568.971628,-63442,3321500165304988052304941094,2620155016026903179139086,1623558320039172497816980060906120495183,2155088436167488639285403891688781802
2026-07-11,1783728000,109263876,0x6fe9E9de56356F7eDBfcBB29FAB7cd69471a4869,BNB/USDT,other,500,False,18,18,575.442608,-63555,3302771861693618956187373425,2637043205595424218832220,1623732236289501438640008753847003903543,2155361020854031529250814040119759015
2026-07-12,1783814400,109455829,0x6fe9E9de56356F7eDBfcBB29FAB7cd69471a4869,BNB/USDT,other,500,False,18,18,574.927304,-63546,3304251658510914483696267466,2725621074173587313061480,1623843807646530883772280891876659006473,2155556198660198406591296941968336667
2026-07-13,1783900800,109647790,0x6fe9E9de56356F7eDBfcBB29FAB7cd69471a4869,BNB/USDT,other,500,False,18,18,574.186925,-63533,3306381288115935379315988181,2698761851066080734868083,1624000276009038092502110299253794128040,2155830914861358034975177869977186621
2026-07-14,1783987200,109839737,0x6fe9E9de56356F7eDBfcBB29FAB7cd69471a4869,BNB/USDT,other,500,False,18,18,567.439576,-63415,3325981065467904184705373442,2650248447909959647386410,1624216203586609352438520719038310672258,2156241403560210996586801860835460741
2026-07-15,1784073600,110031682,0x6fe9E9de56356F7eDBfcBB29FAB7cd69471a4869,BNB/USDT,other,500,False,18,18,581.663874,-63663,3285061753887713325084950050,2363987812120041068496733,1624429411891008391229014326020122464418,2156545652487080617201659050379798515
2026-07-16,1784160000,110223616,0x6fe9E9de56356F7eDBfcBB29FAB7cd69471a4869,BNB/USDT,other,500,False,18,18,580.330952,-63640,3288832206051434504306146622,2963897654904261419161227,1624591292527790345161845624162793478251,2156830588759688290520242850784957884
2026-07-17,1784246400,110415570,0x6fe9E9de56356F7eDBfcBB29FAB7cd69471a4869,BNB/USDT,other,500,False,18,18,572.650343,-63506,3310814292105790416205830796,2666908155561196041351205,1624740371126775144664871855670086101588,2157123645048912380314103315760498720
2026-07-18,1784332800,110607518,0x6fe9E9de56356F7eDBfcBB29FAB7cd69471a4869,BNB/USDT,other,500,False,18,18,568.23076,-63429,3323664772194488369636555731,2104498910619100633962472,1624927391092232597882473482439225556851,2157475194033195214482515152264598736
2026-07-19,1784419200,110799448,0x6fe9E9de56356F7eDBfcBB29FAB7cd69471a4869,BNB/USDT,other,500,False,18,18,570.737106,-63473,3316358940049059112879390054,2359679376435500250593865,1625002425270294303314746042364522651756,2157595141906875060217743734300464841
2026-07-20,1784505600,110991368,0x6fe9E9de56356F7eDBfcBB29FAB7cd69471a4869,BNB/USDT,other,500,False,18,18,570.887197,-63476,3315922959820818922291207816,2656199004317541681889013,1625086516074404516327126328753327473879,2157742165670394817449446014317844702
2026-07-21,1784592000,111183332,0x6fe9E9de56356F7eDBfcBB29FAB7cd69471a4869,BNB/USDT,other,500,False,18,18,571.171468,-63481,3315097693586885341473831552,2850293517962087802963789,1625306579546210304246145688944401859756,2158127257428248020116325409068070277
2026-07-22,1784678400,111375135,0x6fe9E9de56356F7eDBfcBB29FAB7cd69471a4869,BNB/USDT,other,500,False,18,18,573.871131,-63528,3307290890958912182257321892,2828733278480525400418274,1625432309504136073813753249833885857686,2158333434443442115264138802615652100
2026-07-23,1784764800,111566975,0x6fe9E9de56356F7eDBfcBB29FAB7cd69471a4869,BNB/USDT,other,500,False,18,18,570.98544,-63477,3315637681784342294226275597,2829953017395769648129262,1625580114820279122365419472233549427368,2158605835119634517910585846623904022
2026-07-24,1784851200,111758906,0x6fe9E9de56356F7eDBfcBB29FAB7cd69471a4869,BNB/USDT,other,500,False,18,18,567.401528,-63414,3326092577726532337940294567,2522261889055076736234374,1625683707363170362320244301026559840468,2158805003981017869906532638559832275
2026-07-25,1784937600,111950729,0x6fe9E9de56356F7eDBfcBB29FAB7cd69471a4869,BNB/USDT,other,500,False,18,18,564.705152,-63367,3334023899178246708094986233,2452990458017190564266193,1625828151941974044478129988167054275052,2159073949682246290191113292952579505
2026-07-26,1785024000,112142671,0x6fe9E9de56356F7eDBfcBB29FAB7cd69471a4869,BNB/USDT,other,500,False,18,18,569.139661,-63445,3321009809009848874065068476,2558223833415299501939638,1625880917642342338552438968930913697742,2159146099070272097279977432737356834
2026-07-27,1785110400,112334637,0x6fe9E9de56356F7eDBfcBB29FAB7cd69471a4869,BNB/USDT,other,500,False,18,18,575.084249,-63549,3303800748157426865501161899,2547110658619917090805437,1625958188494385217727475672860786528685,2159253341901693515225772159097757802
2026-07-28,1785196800,112526320,0x6fe9E9de56356F7eDBfcBB29FAB7cd69471a4869,BNB/USDT,other,500,False,18,18,566.136933,-63392,3329805297374148403838294982,2495863649101107913810133,1626119670847162802519705177603200549679,2159577726792681305350782293850586206
2026-07-29,1785283200,112718218,0x6fe9E9de56356F7eDBfcBB29FAB7cd69471a4869,BNB/USDT,other,500,False,18,18,571.060044,-63479,3315421094353637875933607081,2734102234581351429090083,1626298280280237676023453503702823343335,2159869177244988441509754877156781310
2026-07-30,1785369600,112910148,0x6fe9E9de56356F7eDBfcBB29FAB7cd69471a4869,BNB/USDT,other,500,False,18,18,572.211431,-63499,3312083820103908614639711409,2777035748603334265884120,1626483393079805388967919894246858742284,2160188717479265464607854856122911532
2026-07-31,1785456000,113102055,0x6fe9E9de56356F7eDBfcBB29FAB7cd69471a4869,BNB/USDT,other,500,False,18,18,592.254221,-63843,3255558483049710230850228378,2379316221362175582358839,1626728241385835701021186387690496488981,2160516018313110872447884383773098265
2026-08-01,1785542400,113293990,0x6fe9E9de56356F7eDBfcBB29FAB7cd69471a4869,BNB/USDT,other,500,False,18,18,587.176856,-63757,3269603721609556946716505579,2591939430540396298609977,1626926427128232494778146635310033297107,2160874838561121371069287531547054096
2026-08-02,1785628800,113485951,0x6fe9E9de56356F7eDBfcBB29FAB7cd69471a4869,BNB/USDT,other,500,False,18,18,575.418061,-63555,3302842307095161660252761588,2803758690425491778570018,1627020846042668284011226960613807756909,2161090400595864918548817984386039623
2026-08-03,1785715200,113677911,0x6fe9E9de56356F7eDBfcBB29FAB7cd69471a4869,BNB/USDT,other,500,False,18,18,588.257177,-63775,3266600065621364957232860113,2536500998310827792733816,1627168365284640153077563915294140748689,2161284700771174066728996779438391617
2026-08-04,1785801600,113869864,0x6fe9E9de56356F7eDBfcBB29FAB7cd69471a4869,BNB/USDT,other,500,False,18,18,589.213628,-63792,3263947707179790374993811681,2434168524740958602261606,1627331718489793744820419115823644983603,2161558389964075196311517153815417277
2026-08-05,1785888000,114061829,0x6fe9E9de56356F7eDBfcBB29FAB7cd69471a4869,BNB/USDT,other,500,False,18,18,593.202675,-63859,3252954835506501960087729307,2272160577531629154778172,1627460664218639173178045428124431524793,2161758596363759044609953654702683613
2026-08-06,1785974400,114253511,0x6fe9E9de56356F7eDBfcBB29FAB7cd69471a4869,BNB/USDT,other,500,False,18,18,593.7602,-63868,3251427257477290006531270096,2282852971980916003415708,1627715851770918382546305782252289296930,2162182169260929116255320322863995271
2026-08-07,1786060800,114445215,0x6fe9E9de56356F7eDBfcBB29FAB7cd69471a4869,BNB/USDT,other,500,False,18,18,592.110006,-63841,3255954921825177272782407361,2660005623168139245453309,1627821038623105111824316199402538012290,2162366649378192239232396204865827640
2026-08-08,1786147200,114637145,0x6fe9E9de56356F7eDBfcBB29FAB7cd69471a4869,BNB/USDT,other,500,False,18,18,592.549747,-63848,3254746548907193676558675903,2689844682326061474055972,1627932940635223429724673185185040860620,2162554038170095767642538817112472136
2026-08-09,1786233600,114829105,0x6fe9E9de56356F7eDBfcBB29FAB7cd69471a4869,BNB/USDT,other,500,False,18,18,600.90873,-63988,3232029580524432692386653835,1892418953946762359611944,1628096229071940294687124425218915513561,2162788282172143218370631784761136391
2026-08-10,1786320000,115021056,0x6fe9E9de56356F7eDBfcBB29FAB7cd69471a4869,BNB/USDT,other,500,False,18,18,602.211379,-64010,3228532071553186109342264233,2555179683380971974527306,1628234263355884945612127393697053633235,2163010410185215118302362508016654807
2026-08-11,1786406400,115213007,0x6fe9E9de56356F7eDBfcBB29FAB7cd69471a4869,BNB/USDT,other,500,False,18,18,599.162279,-63959,3236736548068607050109730331,2737623631112274013263543,1628367369703122973111458609586542861536,2163244591114190106198974600234384149
2026-08-12,1786492800,115404886,0x6fe9E9de56356F7eDBfcBB29FAB7cd69471a4869,BNB/USDT,other,500,False,18,18,616.952062,-64252,3189729638459456300201923635,2913063027904944562891159,1628566508088746452153978573067078912588,2163495887256047005157405224298104793
2026-08-13,1786579200,115596843,0x6fe9E9de56356F7eDBfcBB29FAB7cd69471a4869,BNB/USDT,other,500,False,18,18,610.381699,-64145,3206851371307482104264126709,3058690825630910881795277,1628743780204086648559946527182857691352,2163812684523807849112653754065402157
2026-08-14,1786665600,115788785,0x6fe9E9de56356F7eDBfcBB29FAB7cd69471a4869,BNB/USDT,other,500,False,18,18,610.599951,-64148,3206278191365743635366281116,3103113637114612460149244,1628864527163961194708727547761777699684,2164009721597143163530320308223595320
2026-08-15,1786752000,115980701,0x6fe9E9de56356F7eDBfcBB29FAB7cd69471a4869,BNB/USDT,other,500,False,18,18,608.134057,-64108,3212772107814203880780683215,2982284301514909474250251,1628958491407045721129245437173553540286,2164175067276288441961848394160398107
2026-08-16,1786838400,116172651,0x6fe9E9de56356F7eDBfcBB29FAB7cd69471a4869,BNB/USDT,other,500,False,18,18,607.854965,-64103,3213509585167336425463110349,3014362075232592820604526,1629078184285175426774496665823920190297,2164264687196280304249151718621319951
2026-08-17,1786924800,116364609,0x6fe9E9de56356F7eDBfcBB29FAB7cd69471a4869,BNB/USDT,other,500,False,18,18,603.141505,-64025,3226041695098944957070373958,3027047533520483343304232,1629129677271693066016013480331637626465,2164369919715014439917958749958579683
2026-08-18,1787011200,116556544,0x6fe9E9de56356F7eDBfcBB29FAB7cd69471a4869,BNB/USDT,other,500,False,18,18,605.904911,-64071,3218676634749112222207684270,3025026879337527605759286,1629208859679030325687966105084547001016,2164488933208442155863244467731178393
2026-08-19,1787097600,116748499,0x6fe9E9de56356F7eDBfcBB29FAB7cd69471a4869,BNB/USDT,other,500,False,18,18,603.942499,-64038,3223901676085545222536629427,3051977604749605391301563,1629282335537010126647061340264364390051,2164619469353446122359080978417402102
2026-08-20,1787184000,116940448,0x6fe9E9de56356F7eDBfcBB29FAB7cd69471a4869,BNB/USDT,other,500,False,18,18,627.371686,-64419,3163130620260566983651301425,2900176665377172875034887,1629681802318431357279076133380681348676,2165164473857292850098378244619859087
2026-08-21,1787270400,117132395,0x6fe9E9de56356F7eDBfcBB29FAB7cd69471a4869,BNB/USDT,other,500,False,18,18,655.060129,-64851,3095558391584667171748568798,2685967949152510803125050,1630244192570639896537668587747840383754,2165931859683707139948200377738181085
2026-08-22,1787356800,117324327,0x6fe9E9de56356F7eDBfcBB29FAB7cd69471a4869,BNB/USDT,other,500,False,18,18,687.135077,-65329,3022445818718956043081116916,2659359571165666216217635,1631227884142596367188620207853605319572,2167272949429430625008653909936627422
2026-08-23,1787443200,117516272,0x6fe9E9de56356F7eDBfcBB29FAB7cd69471a4869,BNB/USDT,other,500,False,18,18,695.387699,-65448,3004457615968945415447169509,1116761182585918789501285,1632635011685740381755667770547817129435,2169255911844810632813538544290083375
2026-08-24,1787529600,117708213,0x6fe9E9de56356F7eDBfcBB29FAB7cd69471a4869,BNB/USDT,other,500,False,18,18,702.245235,-65547,2989752125045048786522839599,1096987917980727996263764,1633178442765028217698892397014358427732,2170015812490875938307801513301818149
2026-08-25,1787616000,117900147,0x6fe9E9de56356F7eDBfcBB29FAB7cd69471a4869,BNB/USDT,other,500,False,18,18,704.150809,-65574,2985703948712254585951664605,1064227341251006333439863,1633820261574375454682623493854166642610,2170922740574928408491065542807870508
2026-08-26,1787702400,118092053,0x6fe9E9de56356F7eDBfcBB29FAB7cd69471a4869,BNB/USDT,other,500,False,18,18,694.234252,-65432,3006952482110951519802258819,1184047970681263822593982,1634357554571755371971669374732726018724,2171720744882787078576785801204951037
2026-08-27,1787788800,118283890,0x6fe9E9de56356F7eDBfcBB29FAB7cd69471a4869,BNB/USDT,other,500,False,18,18,707.745705,-65625,2978111560426186753294443005,1545226167286679955596473,1634751554373856252074412196054333379847,2172237795781623947588374418333289651
2026-08-28,1787875200,118475840,0x6fe9E9de56356F7eDBfcBB29FAB7cd69471a4869,BNB/USDT,other,500,False,18,18,712.064635,-65685,2969066160695640900938722402,1678328977904607960200921,1635043854405091407403651996006323732270,2172635756464303493449189431448528695
2026-08-29,1787961600,118667798,0x6fe9E9de56356F7eDBfcBB29FAB7cd69471a4869,BNB/USDT,other,500,False,18,18,691.219127,-65388,3013503569227381681039784341,2498175176251683144140424,1635499792764330717407033663800997037593,2173358629896995853514421194982309248
2026-08-30,1788048000,118859745,0x6fe9E9de56356F7eDBfcBB29FAB7cd69471a4869,BNB/USDT,other,500,False,18,18,692.409141,-65406,3010912865186008667837813456,2532785716361655525175927,1635577447839108392974176178322810504993,2173466921398424672476293375155407000
2026-08-31,1788134400,119051699,0x6fe9E9de56356F7eDBfcBB29FAB7cd69471a4869,BNB/USDT,other,500,False,18,18,685.072608,-65299,3026992062311148520864598692,2001776069791972850844585,1635794216471784845481378950817887968885,2173805081854191625906474671015335633
2026-09-01,1788220800,119243647,0x6fe9E9de56356F7eDBfcBB29FAB7cd69471a4869,BNB/USDT,other,500,False,18,18,691.171584,-65388,3013607211780737292192088995,2672621633657293374816761,1636066251697831627814840754832006318543,2174179241911388392904088441122411086
2026-09-02,1788307200,119435555,0x6fe9E9de56356F7eDBfcBB29FAB7cd69471a4869,BNB/USDT,other,500,False,18,18,683.136122,-65271,3031279333391937089538167385,2398274327750651396635456,1636244778875082855260673029755072415106,2174468239448093126079410719769315244
2026-09-03,1788393600,119627414,0x6fe9E9de56356F7eDBfcBB29FAB7cd69471a4869,BNB/USDT,other,500,False,18,18,688.637615,-65351,3019146680620239442930163071,2456922015339170102012067,1636464485132391348124412604249200219360,2174769156715474738987248716601143030
2026-09-04,1788480000,119818927,0x6fe9E9de56356F7eDBfcBB29FAB7cd69471a4869,BNB/USDT,other,500,False,18,18,725.046507,-65866,2942365714726893485922905803,2626028030890810938530055,1636944302912053549495156113486959334756,2175320569370710078971290696897131170
2026-09-05,1788566400,120010830,0x6fe9E9de56356F7eDBfcBB29FAB7cd69471a4869,BNB/USDT,other,500,False,18,18,721.134107,-65812,2950336590544039151992531408,2021499070031816164832708,1637337600188814206065933529333052589055,2175880477888458403351419835191079219
2026-09-11,1789084800,121183160,0x6fe9E9de56356F7eDBfcBB29FAB7cd69471a4869,BNB/USDT,other,500,False,18,18,710.759545,-65667,2971790796253394690844463082,892854621188241543272093,1640117378541753304595958592905661446916,2179644126102395789080346137959243256
2026-09-12,1789171200,121389523,0x6fe9E9de56356F7eDBfcBB29FAB7cd69471a4869,BNB/USDT,other,500,False,18,18,733.572081,-65983,2925217660771417754817524268,1152258466067355439666055,1640722932845189676894466916079920879194,2180404266681976591591431047731163598
2026-09-13,1789257600,121583054,0x6fe9E9de56356F7eDBfcBB29FAB7cd69471a4869,BNB/USDT,other,500,False,18,18,727.104419,-65894,2938198899387006742945547038,1650090364081418133716072,1640862479172666205019621119275803836731,2180615651295725904605101501353678411
2026-09-14,1789344000,121776060,0x6fe9E9de56356F7eDBfcBB29FAB7cd69471a4869,BNB/USDT,other,500,False,18,18,723.255875,-65841,2946005807546834323102753252,1789484889451584905477153,1641029288667967017251995155537165426881,2180860303585545237363356479245734608
2026-09-15,1789430400,121967882,0x6fe9E9de56356F7eDBfcBB29FAB7cd69471a4869,BNB/USDT,other,500,False,18,18,720.508823,-65803,2951616517749795072133086669,1215801653158719068788319,1641315848677558204539471075392501903501,2181265549745031025301052437202473268
2026-09-16,1789516800,122159394,0x6fe9E9de56356F7eDBfcBB29FAB7cd69471a4869,BNB/USDT,other,500,False,18,18,715.634272,-65735,2961651942105147940937618716,1182420302697599661823700,1641741366161936643919138555843789597472,2181875607832328176960716753995642431
2026-09-17,1789603200,122351647,0x6fe9E9de56356F7eDBfcBB29FAB7cd69471a4869,BNB/USDT,other,500,False,18,18,724.514472,-65859,2943445855679507960179393186,1844318764746162435707506,1642165434657196799818001067033952826388,2182438460740234026976938809052696121
2026-09-18,1789689600,122541979,0x6fe9E9de56356F7eDBfcBB29FAB7cd69471a4869,BNB/USDT,other,500,False,18,18,750.584908,-66212,2891876018330878394045248085,2058669423965060344660121,1642481640485366252445122670953694223661,2182785043156725435917843607305549963
2026-09-19,1789776000,122733468,0x6fe9E9de56356F7eDBfcBB29FAB7cd69471a4869,BNB/USDT,other,500,False,18,18,764.099328,-66391,2866188010671055891734581100,2472737252939594675311614,1642947737736267033080759149901654180561,2183358576546747696426810918952469247
2026-09-20,1789862400,122927591,0x6fe9E9de56356F7eDBfcBB29FAB7cd69471a4869,BNB/USDT,other,500,False,18,18,748.415602,-66183,2896064083284397745606609970,2395125123217957651831896,1643263025035120812546084153306112743395,2183820355443662530043863794529383316
2026-09-21,1789948800,123119526,0x6fe9E9de56356F7eDBfcBB29FAB7cd69471a4869,BNB/USDT,other,500,False,18,18,774.248443,-66523,2847340552372583831280962159,2876713412660149475704909,1643783424776768272906504848208382113457,2184420407307226070151867791641300803
