date,timestamp,block,pool,pair,asset_class,feeTier,base_is_token0,dec0,dec1,price,tick,sqrtPriceX96,liquidity,feeGrowthGlobal0X128,feeGrowthGlobal1X128
2025-08-02,1754092800,23049661,0x88e6a0c2ddd26feeb64f039a2c41296fcb3f5640,ETH/USDC,eth,500,False,6,18,3488.423008,194747,1341420727215336749958270766350470,1661726160480911377,4029579106331890718152456667283515,1777670801673432450923975789475004215341715
2025-08-03,1754179200,23056812,0x88e6a0c2ddd26feeb64f039a2c41296fcb3f5640,ETH/USDC,eth,500,False,6,18,3390.625394,195032,1360628860416201757041693614637319,1606412837727484534,4033327572136844289839071655707873,1778798651511540124390948313051207661822342
2025-08-04,1754265600,23063980,0x88e6a0c2ddd26feeb64f039a2c41296fcb3f5640,ETH/USDC,eth,500,False,6,18,3498.321388,194719,1339521630990893136381006864113008,1817980964176356357,4034943257969507130252498318793147,1779221227202568507669697201981682755218397
2025-08-05,1754352000,23071145,0x88e6a0c2ddd26feeb64f039a2c41296fcb3f5640,ETH/USDC,eth,500,False,6,18,3719.048453,194107,1299163065910078997695190898378683,2165296563437992430,4037103988185811358746728561129561,1779732058582297875974860447822043536645167
2025-08-06,1754438400,23078306,0x88e6a0c2ddd26feeb64f039a2c41296fcb3f5640,ETH/USDC,eth,500,False,6,18,3611.078567,194402,1318442259880275491607045344359707,2110503906552869173,4039321034910694958384927682455908,1780386675244387295421195174393876655737331
2025-08-07,1754524800,23085465,0x88e6a0c2ddd26feeb64f039a2c41296fcb3f5640,ETH/USDC,eth,500,False,6,18,3684.390865,194201,1305259116870145682828671469593367,2297294359330876692,4041048398311117017848295089916222,1780834843301258682115084896652712516185144
2025-08-08,1754611200,23092619,0x88e6a0c2ddd26feeb64f039a2c41296fcb3f5640,ETH/USDC,eth,500,False,6,18,3913.471301,193598,1266480499294479948503213708030621,2198705934043202987,4043437076500113412851826876791832,1781380624475673276871012828288442655003840
2025-08-09,1754697600,23099777,0x88e6a0c2ddd26feeb64f039a2c41296fcb3f5640,ETH/USDC,eth,500,False,6,18,4009.31806,193356,1251250686024403560642265603670364,2280595244580376483,4046531687873071437492285331652272,1782127090817089828158854754274008289951701
2025-08-10,1754784000,23106939,0x88e6a0c2ddd26feeb64f039a2c41296fcb3f5640,ETH/USDC,eth,500,False,6,18,4265.266406,192737,1213127653464243873553739209913831,1262329464266701040,4051980265774922116900105128403253,1783342944020126303124371473155928836398576
2025-08-11,1754870400,23114096,0x88e6a0c2ddd26feeb64f039a2c41296fcb3f5640,ETH/USDC,eth,500,False,6,18,4251.308386,192770,1215117509716998912778196108284570,1803740289831434797,4055139206873981840183217277206566,1784095152753439081361621141989762321598694
2025-08-12,1754956800,23121240,0x88e6a0c2ddd26feeb64f039a2c41296fcb3f5640,ETH/USDC,eth,500,False,6,18,4225.477748,192830,1218825899642300951180769240962210,1866805474281827738,4058873909483062618041758179425811,1784977934524184079085580352433396601420459
2025-08-13,1755043200,23128405,0x88e6a0c2ddd26feeb64f039a2c41296fcb3f5640,ETH/USDC,eth,500,False,6,18,4589.218558,192005,1169526894111319823450287087724634,1100584556279072906,4065755138161468507749765586376441,1786421027721815763320294863115086661259018
2025-08-14,1755129600,23135570,0x88e6a0c2ddd26feeb64f039a2c41296fcb3f5640,ETH/USDC,eth,500,False,6,18,4750.638318,191659,1149485771904547900332586774338762,2171903804715920805,4073860459449666650324372944341302,1788117504694507341184132372738921078332316
2025-08-15,1755216000,23142716,0x88e6a0c2ddd26feeb64f039a2c41296fcb3f5640,ETH/USDC,eth,500,False,6,18,4547.855174,192095,1174833361668572881660700602931885,4377841357460108170,4081624967741254726518292148864836,1789856010714681514266449184140534591517458
2025-08-16,1755302400,23149883,0x88e6a0c2ddd26feeb64f039a2c41296fcb3f5640,ETH/USDC,eth,500,False,6,18,4443.828747,192327,1188504763502184686132848098844525,3999295551161655950,4085895965430274851947228972930894,1790831633064979584839381833402115758413585
2025-08-17,1755388800,23157046,0x88e6a0c2ddd26feeb64f039a2c41296fcb3f5640,ETH/USDC,eth,500,False,6,18,4425.74082,192367,1190930986348833574817401620271629,3325579962255192384,4087809309781126192008195371661675,1791269107233541219772540439672041982572195
2025-08-18,1755475200,23164221,0x88e6a0c2ddd26feeb64f039a2c41296fcb3f5640,ETH/USDC,eth,500,False,6,18,4473.775571,192259,1184520242504787428640102287489102,62280564440609686697,4090028782417709845215606804533354,1791748744785723959944890955081120496619099
2025-08-19,1755561600,23171390,0x88e6a0c2ddd26feeb64f039a2c41296fcb3f5640,ETH/USDC,eth,500,False,6,18,4313.740141,192624,1206292406248759819233148116874496,27429065340264232312,4094603418345618119623973142073639,1792854947297513207817312101515780677411956
2025-08-20,1755648000,23178566,0x88e6a0c2ddd26feeb64f039a2c41296fcb3f5640,ETH/USDC,eth,500,False,6,18,4076.178035,193190,1240946365782639742165889074003776,5855279417474272821,4098908554690499111462117793095065,1793950950826240760616062999805591484600329
2025-08-21,1755734400,23185735,0x88e6a0c2ddd26feeb64f039a2c41296fcb3f5640,ETH/USDC,eth,500,False,6,18,4334.297314,192576,1203428339229022168446197900547456,1471820814042843840,4103324211243855468552997784114771,1794913770143369412899045139012447032421466
2025-08-22,1755820800,23192892,0x88e6a0c2ddd26feeb64f039a2c41296fcb3f5640,ETH/USDC,eth,500,False,6,18,4224.010499,192834,1219037566379413161443695177142027,4380460009129398455,4105874116156591708488659570836203,1795544208402982059112005921505841179346947
2025-08-23,1755907200,23200063,0x88e6a0c2ddd26feeb64f039a2c41296fcb3f5640,ETH/USDC,eth,500,False,6,18,4832.26201,191489,1139736211138304287735808522813503,1546466510973906805,4114667393050849802888405464166817,1797274294714394588179326206796501813729733
2025-08-24,1755993600,23207221,0x88e6a0c2ddd26feeb64f039a2c41296fcb3f5640,ETH/USDC,eth,500,False,6,18,4775.039031,191608,1146545042437142734208324194429599,1870438637488876193,4117590742281956447783428954328047,1797905129351713260019862634793395003966944
2025-08-25,1756080000,23214395,0x88e6a0c2ddd26feeb64f039a2c41296fcb3f5640,ETH/USDC,eth,500,False,6,18,4778.944946,191600,1146076401054969730716126333029251,7916066726589805019,4122792683814431326976792935579672,1798984560210698313409546366280660191478288
2025-08-26,1756166400,23221563,0x88e6a0c2ddd26feeb64f039a2c41296fcb3f5640,ETH/USDC,eth,500,False,6,18,4377.201223,192478,1197516008489762874711039250049271,1246082608009447682,4128965727548803929623390112217860,1800461578168915805811064606601302989396885
2025-08-27,1756252800,23228730,0x88e6a0c2ddd26feeb64f039a2c41296fcb3f5640,ETH/USDC,eth,500,False,6,18,4600.989499,191979,1168029906526430727581556785085717,12159255952418141109,4133744283514440315874163204312360,1801468649851753197106487966162191482896201
2025-08-28,1756339200,23235895,0x88e6a0c2ddd26feeb64f039a2c41296fcb3f5640,ETH/USDC,eth,500,False,6,18,4506.010504,192188,1180275749053491873395592932827799,1543283834754279005,4136553487663865574129978369731509,1802108052013016816349898895379031037738177
2025-08-29,1756425600,23243055,0x88e6a0c2ddd26feeb64f039a2c41296fcb3f5640,ETH/USDC,eth,500,False,6,18,4512.132137,192174,1179474834321307703509457098125676,1637495158057085592,4138916018364096124236923755605735,1802627234808303218287154793629108000541725
2025-08-30,1756512000,23250225,0x88e6a0c2ddd26feeb64f039a2c41296fcb3f5640,ETH/USDC,eth,500,False,6,18,4360.86343,192515,1199757133287377365767573313157533,1634340668739083257,4143597687224048633858023917400198,1803745015718687369731639795353438761274889
2025-08-31,1756598400,23257401,0x88e6a0c2ddd26feeb64f039a2c41296fcb3f5640,ETH/USDC,eth,500,False,6,18,4374.201351,192485,1197926572462181958147758492652509,1824032681812929124,4145173471896498440294788882443416,1804102531529414717699017613980936365823677
2025-09-01,1756684800,23264565,0x88e6a0c2ddd26feeb64f039a2c41296fcb3f5640,ETH/USDC,eth,500,False,6,18,4391.599879,192445,1195551260124144319789897573230480,1853821721303423969,4146355290459247711191956417505544,1804362808974274859262179636068308063007012
2025-09-02,1756771200,23271730,0x88e6a0c2ddd26feeb64f039a2c41296fcb3f5640,ETH/USDC,eth,500,False,6,18,4313.57335,192624,1206315727534412963757070748279496,1991998967815415023,4149906442793831895197640555343516,1805197391998198620130390949885509986968112
2025-09-03,1756857600,23278858,0x88e6a0c2ddd26feeb64f039a2c41296fcb3f5640,ETH/USDC,eth,500,False,6,18,4326.59806,192594,1204498623755835280577380980151053,2022410896456617753,4153026937653717862813223367137717,1805915087571289115684324656973934598773413
2025-09-04,1756944000,23286025,0x88e6a0c2ddd26feeb64f039a2c41296fcb3f5640,ETH/USDC,eth,500,False,6,18,4450.22995,192312,1187649684307880086370837432190803,2217292214697609323,4154911737825881236202579308462246,1806308702693642009863100063529771775671155
2025-09-05,1757030400,23293184,0x88e6a0c2ddd26feeb64f039a2c41296fcb3f5640,ETH/USDC,eth,500,False,6,18,4298.816079,192658,1208384515395987099048818201710011,2064208816001810282,4157416032723914424997716368589800,1806929653087321642750896681236247992710711
2025-09-06,1757116800,23300346,0x88e6a0c2ddd26feeb64f039a2c41296fcb3f5640,ETH/USDC,eth,500,False,6,18,4307.084524,192639,1207224071315454818463702534002103,2028863762345686332,4159797635146262413739193430355289,1807473961774689649775569079675780869664430
2025-09-07,1757203200,23307492,0x88e6a0c2ddd26feeb64f039a2c41296fcb3f5640,ETH/USDC,eth,500,False,6,18,4274.420328,192715,1211827965285205757456342459017631,2030935735970979819,4160510582376417253523468261305803,1807650216771903577697038822534898433376176
2025-09-08,1757289600,23314653,0x88e6a0c2ddd26feeb64f039a2c41296fcb3f5640,ETH/USDC,eth,500,False,6,18,4304.324139,192646,1207611108824329445482486095949901,2241026658573188292,4161048238012147675686076228405181,1807766308451428105553114512679999563759231
2025-09-09,1757376000,23321812,0x88e6a0c2ddd26feeb64f039a2c41296fcb3f5640,ETH/USDC,eth,500,False,6,18,4308.056316,192637,1207087903525719971427158513510661,2117427720996645471,4162208396491540160701819127353948,1808033627544372408943478619189483822153379
2025-09-10,1757462400,23328981,0x88e6a0c2ddd26feeb64f039a2c41296fcb3f5640,ETH/USDC,eth,500,False,6,18,4310.25815,192632,1206779552391315719187321881744171,2204153719044955039,4163460234978892191144176313449249,1808322659511910441670398751388397364397421
2025-09-11,1757548800,23336103,0x88e6a0c2ddd26feeb64f039a2c41296fcb3f5640,ETH/USDC,eth,500,False,6,18,4348.962633,192542,1201397560285163740914943028295142,2225761950653622721,4165008781177553524847117748408799,1808666288697010668370608085658938546136167
2025-09-12,1757635200,23343259,0x88e6a0c2ddd26feeb64f039a2c41296fcb3f5640,ETH/USDC,eth,500,False,6,18,4460.001177,192290,1186347985322599427623743365922048,2425160822563010135,4166853071790647081704988067893822,1809052115349385544284449829746361516792774
2025-09-13,1757721600,23350424,0x88e6a0c2ddd26feeb64f039a2c41296fcb3f5640,ETH/USDC,eth,500,False,6,18,4714.705616,191735,1153857808383424053354557748152516,8369507156811476958,4168674557619911417676658762334063,1809380956169293059292647321962089971069715
2025-09-14,1757808000,23357591,0x88e6a0c2ddd26feeb64f039a2c41296fcb3f5640,ETH/USDC,eth,500,False,6,18,4667.66406,191835,1159657625133984932802639636819618,9231174555733448594,4170011018326416009773760309546504,1809679051897261645958694163601157453549419
2025-09-15,1757894400,23364762,0x88e6a0c2ddd26feeb64f039a2c41296fcb3f5640,ETH/USDC,eth,500,False,6,18,4605.875309,191968,1167410232055547147872072907984351,2579816728948911255,4171091820307762554864251486205913,1809929171001990362838165518927714563265572
2025-09-16,1757980800,23371915,0x88e6a0c2ddd26feeb64f039a2c41296fcb3f5640,ETH/USDC,eth,500,False,6,18,4525.916998,192144,1177677265258736042735623330033736,2411077482750391439,4173188687405156306605210942481789,1810411934956201571434305873886173705261112
2025-09-17,1758067200,23379075,0x88e6a0c2ddd26feeb64f039a2c41296fcb3f5640,ETH/USDC,eth,500,False,6,18,4503.331123,192194,1180626815733288381048091809300145,2219555420222514176,4174614364760513894163863254916116,1810735461025890930298528025503021171996520
2025-09-18,1758153600,23386240,0x88e6a0c2ddd26feeb64f039a2c41296fcb3f5640,ETH/USDC,eth,500,False,6,18,4593.789488,191995,1168944895685885348675391064749835,2413502877367621221,4176780785464610166561141210099036,1811191299361241159945449058339932758716522
2025-09-19,1758240000,23393399,0x88e6a0c2ddd26feeb64f039a2c41296fcb3f5640,ETH/USDC,eth,500,False,6,18,4591.387606,192000,1169250609470296991029514862637626,2492201205170992759,4178135675628742622518306128608675,1811486592981503576619427350205547464037191
2025-09-20,1758326400,23400558,0x88e6a0c2ddd26feeb64f039a2c41296fcb3f5640,ETH/USDC,eth,500,False,6,18,4470.23668,192267,1184989016191282915282433460530323,2153241520102844972,4179158879949103492520387709971817,1811747489888201587678113810156970287522742
2025-09-21,1758412800,23407710,0x88e6a0c2ddd26feeb64f039a2c41296fcb3f5640,ETH/USDC,eth,500,False,6,18,4483.037671,192239,1183295981393925442791765990508928,2171349736661568731,4179749309749281347977605878577076,1811875610983288297836390140266660808737142
2025-09-22,1758499200,23414856,0x88e6a0c2ddd26feeb64f039a2c41296fcb3f5640,ETH/USDC,eth,500,False,6,18,4449.756733,192313,1187712833909781137022218244283430,2899307283063619816,4180334612951692009668344046331727,1812015871051610494188891766838927724310473
2025-09-23,1758585600,23422005,0x88e6a0c2ddd26feeb64f039a2c41296fcb3f5640,ETH/USDC,eth,500,False,6,18,4201.942467,192886,1222234484542338718947645874428752,2548323199647542686,4183769718895926696872121222091736,1812904910821536786305386923180622659407029
2025-09-24,1758672000,23429173,0x88e6a0c2ddd26feeb64f039a2c41296fcb3f5640,ETH/USDC,eth,500,False,6,18,4167.572999,192968,1227263946030949050783658271625516,2312690118361572804,4185530081079645448905371213533439,1813337069223827413474111523065361596414512
2025-09-25,1758758400,23436334,0x88e6a0c2ddd26feeb64f039a2c41296fcb3f5640,ETH/USDC,eth,500,False,6,18,4154.255595,193000,1229229507833319133198056153074153,2718581462924238303,4187125859966587016971381147838884,1813724748914670857399741982727230540085403
2025-09-26,1758844800,23443482,0x88e6a0c2ddd26feeb64f039a2c41296fcb3f5640,ETH/USDC,eth,500,False,6,18,3874.733272,193697,1272795636424714505484532480983536,1574137143862132105,4193765874275864240171696343021420,1815495408961257610039020123601215718702257
2025-09-27,1758931200,23450625,0x88e6a0c2ddd26feeb64f039a2c41296fcb3f5640,ETH/USDC,eth,500,False,6,18,4036.181277,193289,1247079821185351775948982045203139,2085411479393894600,4197421488627065488589679862872470,1816364903638176040010067906881311027066034
2025-09-28,1759017600,23457779,0x88e6a0c2ddd26feeb64f039a2c41296fcb3f5640,ETH/USDC,eth,500,False,6,18,4018.990781,193332,1249744052814568866167416749467304,1947336581620685445,4198853686362743381062083710845433,1816727334813423436787655163819095339984683
2025-09-29,1759104000,23464929,0x88e6a0c2ddd26feeb64f039a2c41296fcb3f5640,ETH/USDC,eth,500,False,6,18,4144.668721,193024,1230650328455786004345912494792453,2278761911596507431,4200312387674268862038909939783039,1817047295365330382267957937366916017860389
2025-09-30,1759190400,23472088,0x88e6a0c2ddd26feeb64f039a2c41296fcb3f5640,ETH/USDC,eth,500,False,6,18,4218.193046,192848,1219877884771915839015913492091658,2114497892630948680,4202191420616517435312725981781154,1817476632669255248626475248022626369083168
2025-10-01,1759276800,23479243,0x88e6a0c2ddd26feeb64f039a2c41296fcb3f5640,ETH/USDC,eth,500,False,6,18,4145.563124,193021,1230517565215743880847134828410784,1835383734179276825,4204222350126198247540308229476737,1817987885906596922472323190855551567680923
2025-10-02,1759363200,23486383,0x88e6a0c2ddd26feeb64f039a2c41296fcb3f5640,ETH/USDC,eth,500,False,6,18,4348.35803,192544,1201481079519782484873755719647387,1447048044982010084,4206389144062709878348475977439495,1818432515023684780360645399340566022581423
2025-10-03,1759449600,23493531,0x88e6a0c2ddd26feeb64f039a2c41296fcb3f5640,ETH/USDC,eth,500,False,6,18,4486.153074,192232,1182885040953383761297053556070007,1973326859558269664,4208793966871934206001952663084044,1818937277264639526035070461319541427955846
2025-10-04,1759536000,23500695,0x88e6a0c2ddd26feeb64f039a2c41296fcb3f5640,ETH/USDC,eth,500,False,6,18,4514.742846,192168,1179133761636792901378737411012851,1991019370400668309,4211240134205272071204833442020136,1819472269950777374284065465479802906843801
2025-10-05,1759622400,23507848,0x88e6a0c2ddd26feeb64f039a2c41296fcb3f5640,ETH/USDC,eth,500,False,6,18,4489.447431,192224,1182450960635177541169587815756858,2422674569699058762,4212158070409335568839754638135826,1819683616532561136788773219032655847906782
2025-10-06,1759708800,23515011,0x88e6a0c2ddd26feeb64f039a2c41296fcb3f5640,ETH/USDC,eth,500,False,6,18,4517.449189,192162,1178780507113848064159896276843992,2360622490209901200,4213939195200519386726731638341271,1820067451614436294470937922701101123622555
2025-10-07,1759795200,23522162,0x88e6a0c2ddd26feeb64f039a2c41296fcb3f5640,ETH/USDC,eth,500,False,6,18,4689.025727,191789,1157013099385932731114241490183888,2652176806973490683,4216565071486641142663186892874108,1820587353138238643198079737365887990898875
2025-10-08,1759881600,23529320,0x88e6a0c2ddd26feeb64f039a2c41296fcb3f5640,ETH/USDC,eth,500,False,6,18,4450.747782,192311,1187580592397520090819390143111864,1588910440262542344,4219194511922154986688024080327545,1821223688703993523932206539457451541907688
2025-10-09,1759968000,23536460,0x88e6a0c2ddd26feeb64f039a2c41296fcb3f5640,ETH/USDC,eth,500,False,6,18,4529.307475,192136,1177236399386961569183804238029481,2294806525567866016,4221155356480120288025118490910487,1821639231354033649836760062501924547430241
2025-10-10,1760054400,23543615,0x88e6a0c2ddd26feeb64f039a2c41296fcb3f5640,ETH/USDC,eth,500,False,6,18,4368.970417,192497,1198643491973246569216309069430275,2722153262590419480,4223613626188070156768898258647025,1822248757894944841509044423436272185560768
2025-10-11,1760140800,23550763,0x88e6a0c2ddd26feeb64f039a2c41296fcb3f5640,ETH/USDC,eth,500,False,6,18,3842.713889,193780,1278087415677268814754854906344240,913413225870269825,4239856198321497544816173677768766,1826713530873212406865232694217473735947773
2025-10-12,1760227200,23557920,0x88e6a0c2ddd26feeb64f039a2c41296fcb3f5640,ETH/USDC,eth,500,False,6,18,3748.905107,194027,1293979392411325006604923924688330,786330922417905593,4248950364357614970412754930371812,1829151023174451694960830731512848841628620
2025-10-13,1760313600,23565080,0x88e6a0c2ddd26feeb64f039a2c41296fcb3f5640,ETH/USDC,eth,500,False,6,18,4158.333635,192991,1228626612935698363657448800007288,1558527130475596544,4255443019929867795605979209081465,1830648970261193170445877687607574442708729
2025-10-14,1760400000,23572225,0x88e6a0c2ddd26feeb64f039a2c41296fcb3f5640,ETH/USDC,eth,500,False,6,18,4245.791656,192783,1215906679277963959132336265299978,1489004006078050284,4259733276491805640159464731894521,1831652671089831614331012672852004429213718
2025-10-15,1760486400,23579375,0x88e6a0c2ddd26feeb64f039a2c41296fcb3f5640,ETH/USDC,eth,500,False,6,18,4126.652475,193067,1233333805258846786142784202380865,33816012405910539046,4265997354738928856771316547742704,1833240684864475513068354754610147632716107
2025-10-16,1760572800,23586523,0x88e6a0c2ddd26feeb64f039a2c41296fcb3f5640,ETH/USDC,eth,500,False,6,18,3986.431281,193413,1254837366794057984314420451402078,1051953789938053951,4270211012150256517932132382072805,1834328187184702576756954607996147907711812
2025-10-17,1760659200,23593662,0x88e6a0c2ddd26feeb64f039a2c41296fcb3f5640,ETH/USDC,eth,500,False,6,18,3893.513747,193649,1269722242660056822166507014859710,1020372928220874471,4275012593249660571102040074669283,1835574097561106646744629601156754262723282
2025-10-18,1760745600,23600817,0x88e6a0c2ddd26feeb64f039a2c41296fcb3f5640,ETH/USDC,eth,500,False,6,18,3832.6321,193806,1279767324425831558190947515729855,1145981952006007713,4281327535845578162871035896790907,1837264329300348529915048111311439103262862
2025-10-19,1760832000,23607963,0x88e6a0c2ddd26feeb64f039a2c41296fcb3f5640,ETH/USDC,eth,500,False,6,18,3889.439749,193659,1270387054633261030852034792342246,1096599817396740087,4283087283383872793870425174090806,1837698140339988868656556075561010433675472
2025-10-20,1760918400,23615116,0x88e6a0c2ddd26feeb64f039a2c41296fcb3f5640,ETH/USDC,eth,500,False,6,18,3982.340157,193423,1255481758887851974391521604084047,1566813695506862996,4286052769977734709718176792975503,1838422290620768163249779924885516164004382
2025-10-21,1761004800,23622239,0x88e6a0c2ddd26feeb64f039a2c41296fcb3f5640,ETH/USDC,eth,500,False,6,18,3980.510277,193428,1255770304463524991489859712904140,1454647119989606281,4288562263982400344150452029392602,1839049780160288344852305971887751547922958
2025-10-22,1761091200,23629361,0x88e6a0c2ddd26feeb64f039a2c41296fcb3f5640,ETH/USDC,eth,500,False,6,18,3873.725698,193700,1272961155737897864315258081637492,1122429001235731811,4292341727259377667460622521811216,1840042361034215240969669758338444573983290
2025-10-23,1761177600,23636490,0x88e6a0c2ddd26feeb64f039a2c41296fcb3f5640,ETH/USDC,eth,500,False,6,18,3806.8615,193874,1284091719405050824611697514873812,1173685942617939347,4296261160953619886104032420917898,1841092556864109095178871035804435179972378
2025-10-24,1761264000,23643619,0x88e6a0c2ddd26feeb64f039a2c41296fcb3f5640,ETH/USDC,eth,500,False,6,18,3856.519393,193744,1275797726555760538993101472034844,2391553209985830572,4298588977157680412507760996907925,1841677790732384828560462255273993163692509
2025-10-25,1761350400,23650757,0x88e6a0c2ddd26feeb64f039a2c41296fcb3f5640,ETH/USDC,eth,500,False,6,18,3934.706425,193543,1263058356460094996706082849752413,2376530286483388188,4300635947191313380501745607594727,1842171384889872115942557071160827809579910
2025-10-26,1761436800,23657910,0x88e6a0c2ddd26feeb64f039a2c41296fcb3f5640,ETH/USDC,eth,500,False,6,18,3953.711185,193495,1260019055550384159520391929198021,2454280725501354105,4301358913528943043733869194516306,1842348505113009609885707788983768384384428
2025-10-27,1761523200,23665071,0x88e6a0c2ddd26feeb64f039a2c41296fcb3f5640,ETH/USDC,eth,500,False,6,18,4159.094246,192989,1228514262795912987121940686404041,1619452157899725662,4303567650837166760022283681199592,1842824303519526180626311252688661201000858
2025-10-28,1761609600,23672211,0x88e6a0c2ddd26feeb64f039a2c41296fcb3f5640,ETH/USDC,eth,500,False,6,18,4121.296832,193080,1234134906336855078416646598160754,1602703400406413657,4305868170409048739458402050303841,1843386879338708205894436571226469137055898
2025-10-29,1761696000,23679339,0x88e6a0c2ddd26feeb64f039a2c41296fcb3f5640,ETH/USDC,eth,500,False,6,18,3981.042371,193426,1255686380527819554396558315219098,1530936239465293218,4308098330311472279675543093137273,1843980904762718335184427521881060561222689
2025-10-30,1761782400,23686487,0x88e6a0c2ddd26feeb64f039a2c41296fcb3f5640,ETH/USDC,eth,500,False,6,18,3902.143562,193627,1268317433654925410025200029792223,1522277603100530305,4311049368947093671370389983923934,1844753984785254970169170686810062931362142
2025-10-31,1761868800,23693628,0x88e6a0c2ddd26feeb64f039a2c41296fcb3f5640,ETH/USDC,eth,500,False,6,18,3804.934209,193879,1284416889837531530086907903918754,1481337384184980752,4315264358319355416749393923836868,1845894841019990023388732828633866559380462
2025-11-01,1761955200,23700766,0x88e6a0c2ddd26feeb64f039a2c41296fcb3f5640,ETH/USDC,eth,500,False,6,18,3848.466465,193765,1277131834384743542369845840658610,1327089119436451785,4317696660735851551625051028733164,1846511854049392560493085561299307922660308
2025-11-02,1762041600,23707919,0x88e6a0c2ddd26feeb64f039a2c41296fcb3f5640,ETH/USDC,eth,500,False,6,18,3874.13952,193699,1272893167231733597996642364905892,1885558272900445863,4318475968630628515906097870327984,1846704175579465694256208182606939391929769
2025-11-03,1762128000,23715078,0x88e6a0c2ddd26feeb64f039a2c41296fcb3f5640,ETH/USDC,eth,500,False,6,18,3908.826548,193609,1267232738048631455285129875081746,1921530880483857310,4319580256310803845744336868287904,1846977445828059732887227788985355841867387
2025-11-04,1762214400,23722235,0x88e6a0c2ddd26feeb64f039a2c41296fcb3f5640,ETH/USDC,eth,500,False,6,18,3604.000012,194421,1319736389714241688061091830845001,1284512202981110824,4324880487273973239668185810014603,1848539386810440566801877786891214640355267
2025-11-05,1762300800,23729387,0x88e6a0c2ddd26feeb64f039a2c41296fcb3f5640,ETH/USDC,eth,500,False,6,18,3289.373095,195335,1381411336890545241371524157974235,835112029445694791,4338998861654878276610234585957739,1852909910404206490180710488941927510545040
2025-11-06,1762387200,23736527,0x88e6a0c2ddd26feeb64f039a2c41296fcb3f5640,ETH/USDC,eth,500,False,6,18,3425.244858,194930,1353735357602530872565721273654702,1012567816784476150,4344268417668137790395361878424713,1854428074388113609132795325788113994899385
2025-11-07,1762473600,23743678,0x88e6a0c2ddd26feeb64f039a2c41296fcb3f5640,ETH/USDC,eth,500,False,6,18,3312.144209,195266,1376654519900180343834298225112965,1681798376190787479,4347983520827537215076806653500176,1855587193466289132074391680942755144605792
2025-11-08,1762560000,23750827,0x88e6a0c2ddd26feeb64f039a2c41296fcb3f5640,ETH/USDC,eth,500,False,6,18,3433.913759,194905,1352025528164199343017720976850787,1544085715704934043,4352090215724828309905956988767003,1856770607401008934507119135923927348312401
2025-11-09,1762646400,23757981,0x88e6a0c2ddd26feeb64f039a2c41296fcb3f5640,ETH/USDC,eth,500,False,6,18,3401.371988,195000,1358477714662884729400747190316957,1736396609803784852,4354273491976528339464568977406143,1857421153965453630251085349339616427043304
2025-11-10,1762732800,23765143,0x88e6a0c2ddd26feeb64f039a2c41296fcb3f5640,ETH/USDC,eth,500,False,6,18,3584.083293,194477,1323398191224786423242008002109058,1784270743348149855,4356540537124024426191089599505734,1857995009797847806669767020411723734647364
2025-11-11,1762819200,23772288,0x88e6a0c2ddd26feeb64f039a2c41296fcb3f5640,ETH/USDC,eth,500,False,6,18,3569.068269,194519,1326179029094486383329241670775832,1613472582445856400,4359052829060081232566273983358356,1858701892871209324589755323088204190246937
2025-11-12,1762905600,23779425,0x88e6a0c2ddd26feeb64f039a2c41296fcb3f5640,ETH/USDC,eth,500,False,6,18,3415.402542,194959,1355684513784576108883401028373476,1549951440874794751,4361736284663330521997220171223901,1859527005961125374376030290403049710573233
2025-11-13,1762992000,23786576,0x88e6a0c2ddd26feeb64f039a2c41296fcb3f5640,ETH/USDC,eth,500,False,6,18,3412.542907,194967,1356252411696406959092786527085650,1513701967619412533,4364761956307746307509705137998615,1860404861833003287024246266493508089484050
2025-11-14,1763078400,23793714,0x88e6a0c2ddd26feeb64f039a2c41296fcb3f5640,ETH/USDC,eth,500,False,6,18,3235.782894,195499,1392803650326255267808187520390404,1525437260889573744,4369981412661736397780477576181269,1862048480572493599343935428918870232058023
2025-11-15,1763164800,23800870,0x88e6a0c2ddd26feeb64f039a2c41296fcb3f5640,ETH/USDC,eth,500,False,6,18,3109.280155,195898,1420854660804900741632601571333405,1541601169635505104,4378392082686878228330930007410100,1864766915537261882710766017990385309974871
2025-11-16,1763251200,23808023,0x88e6a0c2ddd26feeb64f039a2c41296fcb3f5640,ETH/USDC,eth,500,False,6,18,3165.581948,195719,1408162593242641980262503861415647,1600594699816903804,4380255653873737019932757642054654,1865328218494129787240717602539917770134965
2025-11-17,1763337600,23815179,0x88e6a0c2ddd26feeb64f039a2c41296fcb3f5640,ETH/USDC,eth,500,False,6,18,3093.896504,195948,1424382708502199465336533455555779,1447990266580301641,4384694041998857835920607747279251,1866793381998028681463644818087314809354216
2025-11-18,1763424000,23822302,0x88e6a0c2ddd26feeb64f039a2c41296fcb3f5640,ETH/USDC,eth,500,False,6,18,3027.121435,196166,1440007195055522287057389736954754,1277767998240449092,4391976663788687084279451925697901,1869203557494947605569657390768324547022932
2025-11-19,1763510400,23829427,0x88e6a0c2ddd26feeb64f039a2c41296fcb3f5640,ETH/USDC,eth,500,False,6,18,3123.245698,195853,1417674437485270448090141131060326,1378091484227521297,4399274321680985357281352540625426,1871565763598138179109236282029457247498962
2025-11-20,1763596800,23836544,0x88e6a0c2ddd26feeb64f039a2c41296fcb3f5640,ETH/USDC,eth,500,False,6,18,3022.7384,196180,1441050837503724920846687355477930,1325830568623661908,4406485365307243878182823636059276,1874043540113457913979185682873815846832519
2025-11-21,1763683200,23843673,0x88e6a0c2ddd26feeb64f039a2c41296fcb3f5640,ETH/USDC,eth,500,False,6,18,2829.350653,196842,1489485214137285368791299347838277,583832094892537477,4415137255425892656017205304569029,1877141240813209612095545965021517361908656
2025-11-22,1763769600,23850795,0x88e6a0c2ddd26feeb64f039a2c41296fcb3f5640,ETH/USDC,eth,500,False,6,18,2764.641473,197073,1506815830998095860473920423493316,671757602592905257,4431587674063714982602677561076008,1883209258394823861517768631581741403175656
2025-11-23,1763856000,23857896,0x88e6a0c2ddd26feeb64f039a2c41296fcb3f5640,ETH/USDC,eth,500,False,6,18,2768.642538,197058,1505726660543126734547072686147117,679185369632842482,4434654964287853902539608921701460,1884325302373089170447377652891021394352795
2025-11-24,1763942400,23865016,0x88e6a0c2ddd26feeb64f039a2c41296fcb3f5640,ETH/USDC,eth,500,False,6,18,2801.018903,196942,1496999185034705481278037027759124,697463081838788099,4437506977740889271999765136086407,1885319261763031979762436350791016769419858
2025-11-25,1764028800,23872121,0x88e6a0c2ddd26feeb64f039a2c41296fcb3f5640,ETH/USDC,eth,500,False,6,18,2953.683104,196411,1457798954493743194253889464900158,719183829923984698,4442282652706362199229410301351540,1886903863126213476865871450292679761152233
2025-11-26,1764115200,23879219,0x88e6a0c2ddd26feeb64f039a2c41296fcb3f5640,ETH/USDC,eth,500,False,6,18,2960.202048,196389,1456192890417354475619515760321920,972255260117607273,4445742999823436303123157345816592,1888087370101993856637826354776110352179655
2025-11-27,1764201600,23886341,0x88e6a0c2ddd26feeb64f039a2c41296fcb3f5640,ETH/USDC,eth,500,False,6,18,3027.060891,196166,1440021595832038516463330604660072,1040740001821022036,4449310162555250325606568670170263,1889253522046597362903725117120536524362567
2025-11-28,1764288000,23893472,0x88e6a0c2ddd26feeb64f039a2c41296fcb3f5640,ETH/USDC,eth,500,False,6,18,3015.451378,196204,1442790980415317323801048462592701,1400230817291447071,4451902592390666323647138690594943,1890115867975092958464474682420052536968960
2025-11-29,1764374400,23900602,0x88e6a0c2ddd26feeb64f039a2c41296fcb3f5640,ETH/USDC,eth,500,False,6,18,3033.463288,196145,1438501145661571437582147586031169,1084815899736650935,4454476783025291876049965025810104,1890953062909673851016366072929831290893834
2025-11-30,1764460800,23907761,0x88e6a0c2ddd26feeb64f039a2c41296fcb3f5640,ETH/USDC,eth,500,False,6,18,2991.615036,196284,1448527451459171339454705864758557,1580787681505604489,4455673997382635933240260965942408,1891373069961303549073955594694058537455516
2025-12-01,1764547200,23914920,0x88e6a0c2ddd26feeb64f039a2c41296fcb3f5640,ETH/USDC,eth,500,False,6,18,2993.349008,196278,1448107842919510945205255204768195,1054068366589463807,4456809296310224884927689594525558,1891748351398354800683349467787151079542696
2025-12-02,1764633600,23922066,0x88e6a0c2ddd26feeb64f039a2c41296fcb3f5640,ETH/USDC,eth,500,False,6,18,2799.872104,196946,1497305731193607780493554884194503,1016742227263314131,4462631595855199310231907152440039,1893926373236760907067648824376095694198862
2025-12-03,1764720000,23929210,0x88e6a0c2ddd26feeb64f039a2c41296fcb3f5640,ETH/USDC,eth,500,False,6,18,2997.857374,196263,1447018555547294457683792202671381,793274000087466778,4466113216625813867495086009217649,1895011545505015766907907224892843428650050
2025-12-04,1764806400,23936303,0x88e6a0c2ddd26feeb64f039a2c41296fcb3f5640,ETH/USDC,eth,500,False,6,18,3189.094044,195645,1402962040260668134054766251858698,1239825104216225387,4470013038428176567589100220677385,1896178179846763463324520953236764993480318
2025-12-05,1764892800,23943068,0x88e6a0c2ddd26feeb64f039a2c41296fcb3f5640,ETH/USDC,eth,500,False,6,18,3134.206363,195818,1415193384564872475937793525331410,1423443383146486272,4473402867623687317045480997388866,1897273196279802019164823109071018976710230
2025-12-06,1764979200,23950139,0x88e6a0c2ddd26feeb64f039a2c41296fcb3f5640,ETH/USDC,eth,500,False,6,18,3023.272161,196179,1440923622426755104790924368460503,1147478518178976664,4476647059981846797911899901216421,1898380642675120000305092101344128930803822
2025-12-07,1765065600,23957250,0x88e6a0c2ddd26feeb64f039a2c41296fcb3f5640,ETH/USDC,eth,500,False,6,18,3039.65803,196125,1437034584448136588168368594146833,1150354463676917085,4478187831113269625084386753440558,1898880080353682519857768256389137198061397
2025-12-08,1765152000,23964385,0x88e6a0c2ddd26feeb64f039a2c41296fcb3f5640,ETH/USDC,eth,500,False,6,18,3061.87049,196052,1431812584531622919422613439480221,1185306431527713971,4480957032683260719960484948406505,1899780870770449930632368754997045148574908
2025-12-09,1765238400,23971510,0x88e6a0c2ddd26feeb64f039a2c41296fcb3f5640,ETH/USDC,eth,500,False,6,18,3125.56851,195846,1417147556803153449335585013648683,1298004303470021535,4483623644427827044276101078622782,1900603016754656816938251414138671756866231
2025-12-10,1765324800,23978632,0x88e6a0c2ddd26feeb64f039a2c41296fcb3f5640,ETH/USDC,eth,500,False,6,18,3319.627603,195243,1375101957040300342760901382710680,1338923168575147524,4487712950637736691611878609510191,1901770674492306814319688844723325636718882
2025-12-11,1765411200,23985730,0x88e6a0c2ddd26feeb64f039a2c41296fcb3f5640,ETH/USDC,eth,500,False,6,18,3324.336688,195229,1374127662522269546549200837064918,1378645363796202134,4491375908950533724266377915459724,1902858992067402226026815004119164040695941
2025-12-12,1765497600,23992864,0x88e6a0c2ddd26feeb64f039a2c41296fcb3f5640,ETH/USDC,eth,500,False,6,18,3238.608974,195490,1392195822607259727833192824156723,1357083870615054225,4494721330780841895554550088075826,1903940214941145431115170752097542376131576
2025-12-13,1765584000,23999969,0x88e6a0c2ddd26feeb64f039a2c41296fcb3f5640,ETH/USDC,eth,500,False,6,18,3084.782035,195977,1426485436760071626866495709027569,1206408972956800641,4497320044053880853676027710884310,1904841449695875651562050306026750873629074
2025-12-14,1765670400,24007119,0x88e6a0c2ddd26feeb64f039a2c41296fcb3f5640,ETH/USDC,eth,500,False,6,18,3115.03999,195880,1419540444200748462291051216299049,1369199992483530362,4498559678158875913626623954033363,1905225280930261323419335849780360660776962
2025-12-15,1765756800,24014285,0x88e6a0c2ddd26feeb64f039a2c41296fcb3f5640,ETH/USDC,eth,500,False,6,18,3061.726495,196052,1431846253550372599383498904517014,1232127050227796320,4500049775748674614398300048422591,1905734409926403769997344906444294346159069
2025-12-16,1765843200,24021445,0x88e6a0c2ddd26feeb64f039a2c41296fcb3f5640,ETH/USDC,eth,500,False,6,18,2964.547985,196375,1455125131828888497701562132035221,778498173505221563,4503914774070636738031755799681976,1907069303688073692560840363768694830490470
2025-12-17,1765929600,24028609,0x88e6a0c2ddd26feeb64f039a2c41296fcb3f5640,ETH/USDC,eth,500,False,6,18,2963.353368,196379,1455418404547216113868858922390021,784436982919732715,4506960946678010943550330792117390,1908106713150369764479340361050932111057613
2025-12-18,1766016000,24035770,0x88e6a0c2ddd26feeb64f039a2c41296fcb3f5640,ETH/USDC,eth,500,False,6,18,2832.018032,196832,1488783601818270955247818220854769,758481785204193339,4511082636001951277575579564321392,1909598892468337734042962294792959147799723
2025-12-19,1766102400,24042925,0x88e6a0c2ddd26feeb64f039a2c41296fcb3f5640,ETH/USDC,eth,500,False,6,18,2826.594032,196851,1490211343349094149861587515680048,766305580113425535,4515473524873387305241511190510431,1911133307362426039871862621257257031329254
2025-12-20,1766188800,24050082,0x88e6a0c2ddd26feeb64f039a2c41296fcb3f5640,ETH/USDC,eth,500,False,6,18,2977.953463,196330,1451846260941014827485261910560213,825356629733003823,4518833035206767839950934662975196,1912196027725686638672777062674414046397955
2025-12-21,1766275200,24057253,0x88e6a0c2ddd26feeb64f039a2c41296fcb3f5640,ETH/USDC,eth,500,False,6,18,2976.740057,196334,1452142138156248527042126404791056,854581586725624950,4519513556452809080889164379184395,1912425364352177204288049741784306525118169
2025-12-22,1766361600,24064431,0x88e6a0c2ddd26feeb64f039a2c41296fcb3f5640,ETH/USDC,eth,500,False,6,18,3000.761716,196253,1446318124281748881980622669242725,1248043559923574113,4520622591902154551802735662958351,1912785437539611716936313402228030329908493
2025-12-23,1766448000,24071592,0x88e6a0c2ddd26feeb64f039a2c41296fcb3f5640,ETH/USDC,eth,500,False,6,18,3006.99147,196233,1444819138033038977818187518898993,1264621525605306585,4523278078229849209149720838174616,1913658642469565746419089985379798699819271
2025-12-24,1766534400,24078750,0x88e6a0c2ddd26feeb64f039a2c41296fcb3f5640,ETH/USDC,eth,500,False,6,18,2964.389588,196375,1455164007256357383870235709572439,1115338193025871049,4525108505615980538697298832720367,1914300273727385575078479303783613541008467
2025-12-25,1766620800,24085922,0x88e6a0c2ddd26feeb64f039a2c41296fcb3f5640,ETH/USDC,eth,500,False,6,18,2946.60665,196435,1459548400760057465946467243322997,1138483559311454911,4526269392414453488656064532135511,1914705388520252880860857979743794414176928
2025-12-26,1766707200,24093082,0x88e6a0c2ddd26feeb64f039a2c41296fcb3f5640,ETH/USDC,eth,500,False,6,18,2903.349315,196583,1470381189816157993020086492764858,1143055385175029542,4527345013345842146399978634172012,1915095172602799599890710720815386188169670
2025-12-27,1766793600,24100245,0x88e6a0c2ddd26feeb64f039a2c41296fcb3f5640,ETH/USDC,eth,500,False,6,18,2926.282298,196505,1464608241605606340176344049651056,1278768054874163231,4528759202959606399966463438600351,1915563499292174542917618458615144594924946
2025-12-28,1766880000,24107406,0x88e6a0c2ddd26feeb64f039a2c41296fcb3f5640,ETH/USDC,eth,500,False,6,18,2948.74281,196428,1459019634079230914086761838912650,1209840522072634873,4529055131912055654720830450180605,1915655085376810338166706392957860217175656
2025-12-29,1766966400,24114577,0x88e6a0c2ddd26feeb64f039a2c41296fcb3f5640,ETH/USDC,eth,500,False,6,18,2948.749078,196428,1459018083425279862909693109468828,1209043267417887252,4529456824167265891678540656512245,1915791682364463021931359169004701085878959
2025-12-30,1767052800,24121738,0x88e6a0c2ddd26feeb64f039a2c41296fcb3f5640,ETH/USDC,eth,500,False,6,18,2934.902999,196475,1462455660207099273821285356205638,1246123618354390616,4531129113877333107432582647762187,1916359938573380750879973770636578025199885
2025-12-31,1767139200,24128884,0x88e6a0c2ddd26feeb64f039a2c41296fcb3f5640,ETH/USDC,eth,500,False,6,18,2970.884723,196353,1453572451447062903044003891088576,1249762466291185732,4532338140112303210016112705764386,1916752499969568520217295314380799304701956
2026-01-01,1767225600,24136052,0x88e6a0c2ddd26feeb64f039a2c41296fcb3f5640,ETH/USDC,eth,500,False,6,18,2968.599673,196361,1454131780334240013237053714891532,29906728973541946964,4533386156396822815096047138891959,1917104911626385136786670124225978750819870
2026-01-02,1767312000,24143222,0x88e6a0c2ddd26feeb64f039a2c41296fcb3f5640,ETH/USDC,eth,500,False,6,18,2999.751529,196257,1446561632546170943339463844854046,1412029116842193521,4533887022391824077157812409046342,1917260535219634118035800659475191196997480
2026-01-03,1767398400,24150396,0x88e6a0c2ddd26feeb64f039a2c41296fcb3f5640,ETH/USDC,eth,500,False,6,18,3124.182164,195850,1417461949212973681822162748323927,1245412597861136714,4535315302718926243688979287087742,1917677604291388294349731202833189844247552
2026-01-04,1767484800,24157566,0x88e6a0c2ddd26feeb64f039a2c41296fcb3f5640,ETH/USDC,eth,500,False,6,18,3125.607571,195846,1417138701701176791855462761458129,1856886539223145273,4535893088232526788474835913532051,1917863183812353033207566380034250228782667
2026-01-05,1767571200,24164738,0x88e6a0c2ddd26feeb64f039a2c41296fcb3f5640,ETH/USDC,eth,500,False,6,18,3143.003118,195790,1413211548599230885252839195779913,1793391755323031875,4536427334273642365784872471838858,1918026972896287063636015724308222738445749
2026-01-06,1767657600,24171901,0x88e6a0c2ddd26feeb64f039a2c41296fcb3f5640,ETH/USDC,eth,500,False,6,18,3225.562033,195531,1395008598337721458145056697576037,1814726486081051310,4537864628831548482621858726156187,1918448683615139026730861235426547421467483
2026-01-07,1767744000,24179079,0x88e6a0c2ddd26feeb64f039a2c41296fcb3f5640,ETH/USDC,eth,500,False,6,18,3296.821478,195312,1379849969608444907675409958983638,1778479861416338742,4539273403689668674985468394895926,1918857885378085299916173261821931996757446
2026-01-08,1767830400,24186241,0x88e6a0c2ddd26feeb64f039a2c41296fcb3f5640,ETH/USDC,eth,500,False,6,18,3166.097684,195717,1408047898381960558695592192767948,1930204028280118895,4540435177118166825339017859601162,1919267269697940485254966248592521066353171
2026-01-09,1767916800,24193397,0x88e6a0c2ddd26feeb64f039a2c41296fcb3f5640,ETH/USDC,eth,500,False,6,18,3105.496608,195910,1421719938517079868182252385355633,1827331613523813323,4541623856039518237742185828237131,1919671251381091856346607624931588785039403
2026-01-10,1768003200,24200571,0x88e6a0c2ddd26feeb64f039a2c41296fcb3f5640,ETH/USDC,eth,500,False,6,18,3084.043718,195980,1426656176074975557972423376431493,1828094255425069464,4542760636236841515082655607408501,1920046283685037522853492834849980731372388
2026-01-11,1768089600,24207742,0x88e6a0c2ddd26feeb64f039a2c41296fcb3f5640,ETH/USDC,eth,500,False,6,18,3083.921893,195980,1426684354804293290936816767842785,4035826361959410880,4543077694882570186902525278090891,1920149196162246904301403518610951828260777
2026-01-12,1768176000,24214912,0x88e6a0c2ddd26feeb64f039a2c41296fcb3f5640,ETH/USDC,eth,500,False,6,18,3118.1455,195870,1418833374117706266663673885875746,1889581341742581483,4544359711878012228057508191550813,1920548902267185329950425990553618360883635
2026-01-13,1768262400,24222074,0x88e6a0c2ddd26feeb64f039a2c41296fcb3f5640,ETH/USDC,eth,500,False,6,18,3092.097689,195953,1424796962714779929630847588479189,1905894128271288284,4545306073856058837927182147469122,1920862105219885529074344715070344684036336
2026-01-14,1768348800,24229220,0x88e6a0c2ddd26feeb64f039a2c41296fcb3f5640,ETH/USDC,eth,500,False,6,18,3324.310361,195229,1374133103627511485526125806680413,1877039835760586348,4546846870291463897622206840758516,1921259625418857584548173296599367164765962
2026-01-15,1768435200,24236386,0x88e6a0c2ddd26feeb64f039a2c41296fcb3f5640,ETH/USDC,eth,500,False,6,18,3356.316305,195133,1367565519525320400799260206415877,1860049131296808731,4548699065309043305891458667091973,1921804152825535051168218597215071729671958
2026-01-16,1768521600,24243557,0x88e6a0c2ddd26feeb64f039a2c41296fcb3f5640,ETH/USDC,eth,500,False,6,18,3317.156982,195251,1375613950318991767858154067319449,2392092132528065482,4549993294887271421132112317815097,1922206118934431986443647536780343694616816
2026-01-17,1768608000,24250737,0x88e6a0c2ddd26feeb64f039a2c41296fcb3f5640,ETH/USDC,eth,500,False,6,18,3295.72445,195316,1380079601580198842790496430839643,2476381463771786007,4550670982088672134858036733964546,1922419146220041751989922739214923385231762
2026-01-18,1768694400,24257909,0x88e6a0c2ddd26feeb64f039a2c41296fcb3f5640,ETH/USDC,eth,500,False,6,18,3309.126881,195275,1377282007353805713318618201075309,2489766773268795998,4551073653129759995555361117385297,1922536048172479011933511707596945632297548
2026-01-19,1768780800,24265091,0x88e6a0c2ddd26feeb64f039a2c41296fcb3f5640,ETH/USDC,eth,500,False,6,18,3282.460913,195356,1382865054878336443194708778656267,2372715182053183640,4551519116449626833959936330911234,1922678870803732804098934976523627380463092
2026-01-20,1768867200,24272265,0x88e6a0c2ddd26feeb64f039a2c41296fcb3f5640,ETH/USDC,eth,500,False,6,18,3187.078523,195651,1403405589516419205492271499089290,2404356700282220237,4552665028169345960009181903418352,1923068178348643698969545850133748087850679
2026-01-21,1768953600,24279434,0x88e6a0c2ddd26feeb64f039a2c41296fcb3f5640,ETH/USDC,eth,500,False,6,18,2936.322404,196470,1462102145309293172258476811241176,1060914329067457186,4554378369041767675619659430044302,1923726837857205004360784339729635078541663
2026-01-22,1769040000,24286607,0x88e6a0c2ddd26feeb64f039a2c41296fcb3f5640,ETH/USDC,eth,500,False,6,18,2979.924296,196323,1451366077568041170034769147019132,1153652328252967010,4556853020862806578210317770157518,1924546981754801490943458354505869545573570
2026-01-23,1769126400,24293765,0x88e6a0c2ddd26feeb64f039a2c41296fcb3f5640,ETH/USDC,eth,500,False,6,18,2949.10868,196427,1458929127369909931092173129282637,1157212459752752202,4558338645678665841776266262861311,1925059517779773563544896725775446796242591
2026-01-24,1769212800,24300927,0x88e6a0c2ddd26feeb64f039a2c41296fcb3f5640,ETH/USDC,eth,500,False,6,18,2953.900097,196411,1457745408601667580315889494548779,1194052221499504896,4559691855114295005121879864572896,1925516882106016307960799644091629173986214
2026-01-25,1769299200,24308099,0x88e6a0c2ddd26feeb64f039a2c41296fcb3f5640,ETH/USDC,eth,500,False,6,18,2950.385202,196423,1458613481177908478625516976084406,11263752951450198986,4559971521743570561310004784008644,1925612845711278934811866844849676165261216
2026-01-26,1769385600,24315273,0x88e6a0c2ddd26feeb64f039a2c41296fcb3f5640,ETH/USDC,eth,500,False,6,18,2815.598896,196890,1493118204919379570449288352695383,793650366327262885,4561869513512388077173569982705123,1926330213018335672437018319845275984076712
2026-01-27,1769472000,24322443,0x88e6a0c2ddd26feeb64f039a2c41296fcb3f5640,ETH/USDC,eth,500,False,6,18,2928.932465,196496,1463945485735903071027985561179067,941010578692034296,4563754082756770501749530837218771,1926934186781257653428183108122519318574982
2026-01-28,1769558400,24329613,0x88e6a0c2ddd26feeb64f039a2c41296fcb3f5640,ETH/USDC,eth,500,False,6,18,3024.064361,196176,1440734874127516333561881657184494,2034858645531082812,4565147282328818021452472564326869,1927368495571260789350710706146696350822286
2026-01-29,1769644800,24336785,0x88e6a0c2ddd26feeb64f039a2c41296fcb3f5640,ETH/USDC,eth,500,False,6,18,3006.418077,196234,1444956911668575138728618913944397,2038309658162277187,4566198586204849241493474982469055,1927724492281204766401914015043085033446933
2026-01-30,1769731200,24343955,0x88e6a0c2ddd26feeb64f039a2c41296fcb3f5640,ETH/USDC,eth,500,False,6,18,2819.436343,196877,1492101740370475266453960108682019,954057114441031451,4568444035372326656978011046322396,1928588032462731333653240160531405654986349
2026-01-31,1769817600,24351127,0x88e6a0c2ddd26feeb64f039a2c41296fcb3f5640,ETH/USDC,eth,500,False,6,18,2702.325113,197301,1524090602128558642458478154402073,2980664829231465675,4571989061062854872711821805280333,1929946508756582152168907575745133886939590
2026-02-01,1769904000,24358292,0x88e6a0c2ddd26feeb64f039a2c41296fcb3f5640,ETH/USDC,eth,500,False,6,18,2449.958532,198281,1600664145419823755958166951124657,661162818158923710,4584907061625867348927730490261559,1935394284046635527925339393846947869890527
2026-02-02,1769990400,24365453,0x88e6a0c2ddd26feeb64f039a2c41296fcb3f5640,ETH/USDC,eth,500,False,6,18,2266.064105,199062,1664345507320631336142379760139617,502708537002568877,4590789293479912201602378716004552,1938026997321021553919052397069456806549392
2026-02-03,1770076800,24372613,0x88e6a0c2ddd26feeb64f039a2c41296fcb3f5640,ETH/USDC,eth,500,False,6,18,2344.817929,198720,1636157173132353996169477272315816,646602568630006191,4596858481374829182159417319437359,1940661784357542552279641297732854673708566
2026-02-04,1770163200,24379762,0x88e6a0c2ddd26feeb64f039a2c41296fcb3f5640,ETH/USDC,eth,500,False,6,18,2230.642337,199219,1677508051554794318061779045016954,820971136146435467,4601393424151051568743231080869337,1942737483903457224865472692226329358834044
2026-02-05,1770249600,24386914,0x88e6a0c2ddd26feeb64f039a2c41296fcb3f5640,ETH/USDC,eth,500,False,6,18,2143.613717,199617,1711221862252117836355874652933607,9528779030445003755,4605567137572539452458943660592296,1944703977097841398728841898568001252632403
2026-02-06,1770336000,24394064,0x88e6a0c2ddd26feeb64f039a2c41296fcb3f5640,ETH/USDC,eth,500,False,6,18,1822.365081,201241,1855931278877203273018341991645184,3225954269151491602,4614700000283273017650287011812237,1949615302334247375581252145674273041710286
2026-02-07,1770422400,24401222,0x88e6a0c2ddd26feeb64f039a2c41296fcb3f5640,ETH/USDC,eth,500,False,6,18,2062.505095,200003,1744544567488516449349122993750023,9749686823685834181,4621588246663223772383877863072839,1953074710267327333648536644219863510452270
2026-02-08,1770508800,24408384,0x88e6a0c2ddd26feeb64f039a2c41296fcb3f5640,ETH/USDC,eth,500,False,6,18,2087.626205,199882,1734016452777681281603316326521821,9924597422531520941,4624162828246324501072569260830199,1954309799260561329799763275515540410239455
2026-02-09,1770595200,24415493,0x88e6a0c2ddd26feeb64f039a2c41296fcb3f5640,ETH/USDC,eth,500,False,6,18,2088.548665,199877,1733633474678598876425291234837719,9887224304045482580,4625747165206556880639949755385864,1955062362595612530424282222715133044524351
2026-02-10,1770681600,24422653,0x88e6a0c2ddd26feeb64f039a2c41296fcb3f5640,ETH/USDC,eth,500,False,6,18,2103.034681,199808,1727652394349411965957618671549005,9902134516895523713,4627659911810537561943302438318512,1955973802200556390174120342113549427875355
2026-02-11,1770768000,24429809,0x88e6a0c2ddd26feeb64f039a2c41296fcb3f5640,ETH/USDC,eth,500,False,6,18,2020.546843,200208,1762564919502652870229622049219640,12831365084130670505,4629095120558506100114604061019894,1956737383221920820608763904820118489038233
2026-02-12,1770854400,24436971,0x88e6a0c2ddd26feeb64f039a2c41296fcb3f5640,ETH/USDC,eth,500,False,6,18,1940.974563,200610,1798331128406069307086658252611775,13145530656207583749,4630946428084147818910657334976147,1957743040465435665696634528465529992133743
2026-02-13,1770940800,24444138,0x88e6a0c2ddd26feeb64f039a2c41296fcb3f5640,ETH/USDC,eth,500,False,6,18,1946.87752,200580,1795602777616678894872030200175903,13156563539744209751,4632349321928662467131891239051019,1958458483564417168252495570262085137674555
2026-02-14,1771027200,24451302,0x88e6a0c2ddd26feeb64f039a2c41296fcb3f5640,ETH/USDC,eth,500,False,6,18,2048.376556,200072,1750550667677530566077968035817539,10431904861843865946,4633768492909494835633716395634183,1959096580607349620422206025704559298350441
2026-02-15,1771113600,24458475,0x88e6a0c2ddd26feeb64f039a2c41296fcb3f5640,ETH/USDC,eth,500,False,6,18,2085.577325,199892,1734867996304686430844757960700021,10374013976517268939,4634434989829721030507831172786794,1959392449201803787214791767472786332786533
2026-02-16,1771200000,24465653,0x88e6a0c2ddd26feeb64f039a2c41296fcb3f5640,ETH/USDC,eth,500,False,6,18,1964.862978,200488,1787365821272251866559005269384303,13436141279642755303,4635665244018679933110853091038414,1960087355615014173290644897142964924944492
2026-02-17,1771286400,24472825,0x88e6a0c2ddd26feeb64f039a2c41296fcb3f5640,ETH/USDC,eth,500,False,6,18,1997.675388,200322,1772626037658375335284430769488936,14033976472355208430,4636704595219756297345118586278930,1960590037925316824734912983805453370127006
2026-02-18,1771372800,24479994,0x88e6a0c2ddd26feeb64f039a2c41296fcb3f5640,ETH/USDC,eth,500,False,6,18,1991.943041,200351,1775174807381624611522395731482409,14011690744315887711,4637757418848114045368019590039796,1961125661234249352766909873986842258254689
2026-02-19,1771459200,24487167,0x88e6a0c2ddd26feeb64f039a2c41296fcb3f5640,ETH/USDC,eth,500,False,6,18,1954.704667,200540,1792004140634001349849576018084714,13756832034308688246,4638676849635799784273044043064117,1961618375149084227784446919762067069432878
2026-02-20,1771545600,24494335,0x88e6a0c2ddd26feeb64f039a2c41296fcb3f5640,ETH/USDC,eth,500,False,6,18,1947.554138,200576,1795290836580395077719926449388369,15253337697284947365,4639700683259146275487235224944563,1962150831941954303101748249584020273291372
2026-02-21,1771632000,24501511,0x88e6a0c2ddd26feeb64f039a2c41296fcb3f5640,ETH/USDC,eth,500,False,6,18,1968.535001,200469,1785698004079058876538958126656711,14207337435204939780,4640732036331545154430332990678515,1962662482641274636821616536701189246319047
2026-02-22,1771718400,24508681,0x88e6a0c2ddd26feeb64f039a2c41296fcb3f5640,ETH/USDC,eth,500,False,6,18,1973.83591,200442,1783298567807146359428449043931814,14300960754760144631,4641050075723814376318818471841566,1962819473263167590532398376162575698472958
2026-02-23,1771804800,24515859,0x88e6a0c2ddd26feeb64f039a2c41296fcb3f5640,ETH/USDC,eth,500,False,6,18,1958.199743,200522,1790404204907627832571199293357571,15543393945543884951,4641419675252294923683552801195007,1963019914670998412309138553087004213360409
2026-02-24,1771891200,24523029,0x88e6a0c2ddd26feeb64f039a2c41296fcb3f5640,ETH/USDC,eth,500,False,6,18,1855.311013,201062,1839378993952230383988516857365831,5066933129305175775,4643253479493850677394602285217224,1964078686815277894457902658757790924877408
2026-02-25,1771977600,24530203,0x88e6a0c2ddd26feeb64f039a2c41296fcb3f5640,ETH/USDC,eth,500,False,6,18,1851.47511,201082,1841283429131793531117059520969274,5073663990514830797,4644971469220119689273619436089737,1965017687665351525462184470048106965544267
2026-02-26,1772064000,24537365,0x88e6a0c2ddd26feeb64f039a2c41296fcb3f5640,ETH/USDC,eth,500,False,6,18,2056.592102,200032,1747050673357392126506975607085618,11574368179594925708,4647012388700171312258229586042264,1965887321656862585269602246899327596729201
2026-02-27,1772150400,24544538,0x88e6a0c2ddd26feeb64f039a2c41296fcb3f5640,ETH/USDC,eth,500,False,6,18,2027.650617,200173,1759474680789317056050819150708506,14451247363562619837,4648495139616554246328917602725010,1966633487190291890167637085923441762507989
2026-02-28,1772236800,24551711,0x88e6a0c2ddd26feeb64f039a2c41296fcb3f5640,ETH/USDC,eth,500,False,6,18,1930.007024,200667,1803433525663631481567372776301954,14117947140730194067,4649758973539217264420690817259288,1967344948048957833942143684297044778616582
2026-03-01,1772323200,24558867,0x88e6a0c2ddd26feeb64f039a2c41296fcb3f5640,ETH/USDC,eth,500,False,6,18,1964.480183,200490,1787539954104784250208731777787386,15687666029674880731,4651567808366530138781691444428837,1968273108223753520321440108022399367755778
2026-03-02,1772409600,24566043,0x88e6a0c2ddd26feeb64f039a2c41296fcb3f5640,ETH/USDC,eth,500,False,6,18,1938.945713,200621,1799271740066204583893893322661658,14197914978177124684,4653313474493803223799321558428290,1969172145758331370297727928771623741776323
2026-03-03,1772496000,24573203,0x88e6a0c2ddd26feeb64f039a2c41296fcb3f5640,ETH/USDC,eth,500,False,6,18,2027.148208,200176,1759692701719278108867815055938839,14697346062193944412,4655371993140654121166278082988022,1970138846981837757482599654285365591396268
2026-03-04,1772582400,24580372,0x88e6a0c2ddd26feeb64f039a2c41296fcb3f5640,ETH/USDC,eth,500,False,6,18,1982.366083,200399,1779457641580141290656980767710944,14654342451617183010,4657121095989451127538519955539995,1971054686080140836082705414944033266808884
2026-03-05,1772668800,24587537,0x88e6a0c2ddd26feeb64f039a2c41296fcb3f5640,ETH/USDC,eth,500,False,6,18,2128.411395,199688,1717322247207705196154400798690289,11836608083091084459,4659593992900352396302189151462959,1972143739932977986763936854089371068051577
2026-03-06,1772755200,24594708,0x88e6a0c2ddd26feeb64f039a2c41296fcb3f5640,ETH/USDC,eth,500,False,6,18,2072.581643,199954,1740298557177006748461334688010467,11859351828161280708,4661025921560322424198719853622084,1972860100985274806230159966221098831157803
2026-03-07,1772841600,24601856,0x88e6a0c2ddd26feeb64f039a2c41296fcb3f5640,ETH/USDC,eth,500,False,6,18,1978.642945,200418,1781131023771229860260457937378969,14516857514867023830,4662092913735627508995481265548165,1973453590391060214554538045443505273155138
2026-03-08,1772928000,24609015,0x88e6a0c2ddd26feeb64f039a2c41296fcb3f5640,ETH/USDC,eth,500,False,6,18,1969.920301,200462,1785070018759476659249843194903374,14413059081369132430,4662459394251365677082004302625409,1973645439537305419732876882888683963764949
2026-03-09,1773014400,24616187,0x88e6a0c2ddd26feeb64f039a2c41296fcb3f5640,ETH/USDC,eth,500,False,6,18,1936.706377,200632,1800311652630988276788488162167930,14504910938927665240,4663287905143983153511446291181031,1974095858405764648254866827331636921187040
2026-03-10,1773100800,24623352,0x88e6a0c2ddd26feeb64f039a2c41296fcb3f5640,ETH/USDC,eth,500,False,6,18,1994.127805,200340,1774202100798280121281526525421108,15184695920402881832,4664698027655855023036217670737525,1974759335422246497941895998689758876413878
2026-03-11,1773187200,24630504,0x88e6a0c2ddd26feeb64f039a2c41296fcb3f5640,ETH/USDC,eth,500,False,6,18,2036.422092,200130,1755681301835626234390372431343505,12223139431257767083,4666006928003566874684468531174181,1975368649348359026124114911755818507690556
2026-03-12,1773273600,24637660,0x88e6a0c2ddd26feeb64f039a2c41296fcb3f5640,ETH/USDC,eth,500,False,6,18,2051.511981,200056,1749212430496914169010729039258227,12430755797277743240,4667015663864630408191763940351183,1975850482272914704150438744820477851051066
2026-03-13,1773360000,24644820,0x88e6a0c2ddd26feeb64f039a2c41296fcb3f5640,ETH/USDC,eth,500,False,6,18,2073.405989,199950,1739952568245817921120324395110106,12664076146260111616,4668791702664633507946727463648153,1976670156363383510358519057812992429433701
2026-03-14,1773446400,24651992,0x88e6a0c2ddd26feeb64f039a2c41296fcb3f5640,ETH/USDC,eth,500,False,6,18,2092.278153,199860,1732087683638930005050009095347246,12008117910204835889,4670229506620194022916453881862303,1977332146186326035013178437866572624318756
2026-03-15,1773532800,24659163,0x88e6a0c2ddd26feeb64f039a2c41296fcb3f5640,ETH/USDC,eth,500,False,6,18,2096.978965,199837,1730145178276750794181187644591959,12049649759459651500,4670523447283873489958934745588192,1977470075469802281680138796289229368852130
2026-03-16,1773619200,24666338,0x88e6a0c2ddd26feeb64f039a2c41296fcb3f5640,ETH/USDC,eth,500,False,6,18,2177.842293,199459,1697721193012900751564852503430026,11766756171101737063,4671245691645475863902695369529278,1977756712129184232162492360085905097940429
2026-03-17,1773705600,24673496,0x88e6a0c2ddd26feeb64f039a2c41296fcb3f5640,ETH/USDC,eth,500,False,6,18,2351.166742,198693,1633946636861276419402830597034412,2305825180543437659,4674265576664244390452511420620356,1978977331133061427691033020766465483199235
2026-03-18,1773792000,24680644,0x88e6a0c2ddd26feeb64f039a2c41296fcb3f5640,ETH/USDC,eth,500,False,6,18,2318.740017,198832,1645332040841213847055399831088092,2509582815245124148,4676298596220812912649174930982608,1979868261175876658628958456089566273660201
2026-03-19,1773878400,24687807,0x88e6a0c2ddd26feeb64f039a2c41296fcb3f5640,ETH/USDC,eth,500,False,6,18,2204.23335,199338,1687527268418375205470438690833088,3929683050646002375,4677941178309552953972091698589315,1980671399015799454054777610601845814702538
2026-03-20,1773964800,24694981,0x88e6a0c2ddd26feeb64f039a2c41296fcb3f5640,ETH/USDC,eth,500,False,6,18,2138.078537,199643,1713435484839570587261114968300436,11517477729802276960,4679309747862636456500711009169164,1981349251936407545790729605143846488279870
2026-03-21,1774051200,24702156,0x88e6a0c2ddd26feeb64f039a2c41296fcb3f5640,ETH/USDC,eth,500,False,6,18,2145.929976,199606,1710298089322452325894319675019165,11642143030539976566,4680361161640684045448454832668157,1981835565976153740252276970934356832767855
2026-03-22,1774137600,24709326,0x88e6a0c2ddd26feeb64f039a2c41296fcb3f5640,ETH/USDC,eth,500,False,6,18,2084.577166,199896,1735284132514092160042017304783534,11624986160021941754,4680633808300867685756424098374082,1982003249832554052159188791109891961536730
2026-03-23,1774224000,24716493,0x88e6a0c2ddd26feeb64f039a2c41296fcb3f5640,ETH/USDC,eth,500,False,6,18,2053.299422,200048,1748450901331873685707027539694077,12267092167269130635,4681724389788382818347413322311388,1982548656846735800298953821273349667515430
2026-03-24,1774310400,24723659,0x88e6a0c2ddd26feeb64f039a2c41296fcb3f5640,ETH/USDC,eth,500,False,6,18,2151.40424,199581,1708120770279772119120072334117214,11782082568756187627,4683619249968508747831207049119446,1983378496824776370063365258954431268548360
2026-03-25,1774396800,24730839,0x88e6a0c2ddd26feeb64f039a2c41296fcb3f5640,ETH/USDC,eth,500,False,6,18,2156.356927,199558,1706158050058636057457153250626538,11950738975239882925,4684610401197342117282570616096116,1983838296013504420563183795617523930381063
2026-03-26,1774483200,24738009,0x88e6a0c2ddd26feeb64f039a2c41296fcb3f5640,ETH/USDC,eth,500,False,6,18,2168.629373,199501,1701323558543802547889841110783630,12137400232974948813,4685368490777676529309218794555612,1984179457489374347904813621033140089400509
2026-03-27,1774569600,24745175,0x88e6a0c2ddd26feeb64f039a2c41296fcb3f5640,ETH/USDC,eth,500,False,6,18,2060.018381,200015,1745597197547675884478812245429986,12997179825521509663,4686231952690233149496917559057180,1984665475573433879835596781086036702161277
2026-03-28,1774656000,24752336,0x88e6a0c2ddd26feeb64f039a2c41296fcb3f5640,ETH/USDC,eth,500,False,6,18,1991.559814,200353,1775345593407990689722853292444728,14386569042352007339,4687147376511064230965791157511821,1985168490544536867266581818290846596057635
2026-03-29,1774742400,24759518,0x88e6a0c2ddd26feeb64f039a2c41296fcb3f5640,ETH/USDC,eth,500,False,6,18,1993.846432,200342,1774327284899735519736288702481475,14461429541057431421,4687524263749242317809497074749848,1985354435685032832468302849368605991821098
2026-03-30,1774828800,24766691,0x88e6a0c2ddd26feeb64f039a2c41296fcb3f5640,ETH/USDC,eth,500,False,6,18,1983.399845,200394,1778993847987445999996490960592497,14759666954752450613,4688090402398632370791026820989644,1985646481193256164873552366394825345144536
2026-03-31,1774915200,24773860,0x88e6a0c2ddd26feeb64f039a2c41296fcb3f5640,ETH/USDC,eth,500,False,6,18,2024.662061,200188,1760772761869585727853949252261832,16053146021910737271,4689125184210619270370876562222402,1986124290432536808147397515878168351646116
2026-04-01,1775001600,24781026,0x88e6a0c2ddd26feeb64f039a2c41296fcb3f5640,ETH/USDC,eth,500,False,6,18,2105.216375,199798,1726756955399191481805764576987374,13155133386304804395,4690427392429851517101716462128529,1986698886299184654446299913407909649953443
2026-04-02,1775088000,24788192,0x88e6a0c2ddd26feeb64f039a2c41296fcb3f5640,ETH/USDC,eth,500,False,6,18,2139.518676,199636,1712858719518661173549044500497804,13317559600741966723,4692048551643328659911217994393946,1987434733612371165155101465812377733456838
2026-04-03,1775174400,24795370,0x88e6a0c2ddd26feeb64f039a2c41296fcb3f5640,ETH/USDC,eth,500,False,6,18,2056.72025,200031,1746996245968735944909323378937199,13758283807701896314,4693040183940901267912627048740999,1987969549792161960334518024186983618342310
2026-04-04,1775260800,24802549,0x88e6a0c2ddd26feeb64f039a2c41296fcb3f5640,ETH/USDC,eth,500,False,6,18,2053.374259,200047,1748419039309379948199112102218142,13830900741174457897,4693467628451695057225508662210937,1988179897814399906659611196910316296961800
2026-04-05,1775347200,24809731,0x88e6a0c2ddd26feeb64f039a2c41296fcb3f5640,ETH/USDC,eth,500,False,6,18,2064.719705,199992,1743608720490974761187505403510275,13827065290961113143,4693641756347667501014424748473174,1988256711324866454285913341868029793894970
2026-04-06,1775433600,24816907,0x88e6a0c2ddd26feeb64f039a2c41296fcb3f5640,ETH/USDC,eth,500,False,6,18,2109.333464,199778,1725070952666305386935338092302805,13309083513320740126,4694101550946516515246349507982927,1988449577220605855089190907902040866715017
2026-04-07,1775520000,24824077,0x88e6a0c2ddd26feeb64f039a2c41296fcb3f5640,ETH/USDC,eth,500,False,6,18,2108.208691,199784,1725531071657562379224059763316252,14163152943420795117,4695011538776786797070546945357804,1988876058218366467025788675873716546389417
2026-04-08,1775606400,24831255,0x88e6a0c2ddd26feeb64f039a2c41296fcb3f5640,ETH/USDC,eth,500,False,6,18,2240.92375,199173,1673655403467511690710677880346900,3797187960457509821,4696610456631139090828040779277697,1989535197678889281219945499028419172673689
2026-04-09,1775692800,24838434,0x88e6a0c2ddd26feeb64f039a2c41296fcb3f5640,ETH/USDC,eth,500,False,6,18,2190.27021,199402,1692897780535720664703628606376981,12186156832331558454,4698001724321550377307758815405081,1990189652663138313814276022758390913526995
2026-04-10,1775779200,24845605,0x88e6a0c2ddd26feeb64f039a2c41296fcb3f5640,ETH/USDC,eth,500,False,6,18,2189.739835,199404,1693102785745945346265532870591136,12241530647221412651,4699045085638618079906581103170703,1990664690997871803757322509989805061408380
2026-04-11,1775865600,24852769,0x88e6a0c2ddd26feeb64f039a2c41296fcb3f5640,ETH/USDC,eth,500,False,6,18,2244.998814,199155,1672135725779501013249684231109483,3440990063525269394,4699995060320882015808951467522736,1991058084660223679342047565321848202217754
2026-04-12,1775952000,24859941,0x88e6a0c2ddd26feeb64f039a2c41296fcb3f5640,ETH/USDC,eth,500,False,6,18,2285.302003,198977,1657325389577213651042945604037248,3018414313118354557,4700744166451738754301115816620516,1991363269363561973642307991180757871131938
2026-04-13,1776038400,24867119,0x88e6a0c2ddd26feeb64f039a2c41296fcb3f5640,ETH/USDC,eth,500,False,6,18,2192.539576,199392,1692021445009719644358555737925697,12927775709818262561,4701443857278831343422207807247059,1991735699970106694747385106855556975600104
2026-04-14,1776124800,24874300,0x88e6a0c2ddd26feeb64f039a2c41296fcb3f5640,ETH/USDC,eth,500,False,6,18,2371.614798,198606,1626887446318542839970776884654872,3178372268135901890,4702921696030375907062177557321309,1992283971077221713399974356048656651306698
2026-04-15,1776211200,24881482,0x88e6a0c2ddd26feeb64f039a2c41296fcb3f5640,ETH/USDC,eth,500,False,6,18,2323.139867,198813,1643773235782543521626800462163015,3079228291501536775,4704558038333412309074191471390462,1993006109123540409866666570921015916773859
2026-04-16,1776297600,24888661,0x88e6a0c2ddd26feeb64f039a2c41296fcb3f5640,ETH/USDC,eth,500,False,6,18,2360.569009,198653,1630689343786365190108103020956763,2933377398446112819,4705672728278547488458540960962831,1993461366631245863148052518589550882974372
2026-04-17,1776384000,24895841,0x88e6a0c2ddd26feeb64f039a2c41296fcb3f5640,ETH/USDC,eth,500,False,6,18,2348.563053,198704,1634852107604466381546039147997360,3088978272065700070,4706728829137147960946713472342232,1993920370446829673328850453501087330182298
2026-04-18,1776470400,24903024,0x88e6a0c2ddd26feeb64f039a2c41296fcb3f5640,ETH/USDC,eth,500,False,6,18,2421.186649,198399,1610146708304539256139594555036973,2624765094623277919,4708451589429218799934487464659114,1994597799654230284767532058259315471653987
2026-04-19,1776556800,24910201,0x88e6a0c2ddd26feeb64f039a2c41296fcb3f5640,ETH/USDC,eth,500,False,6,18,2351.116533,198693,1633964083719137051644522195923195,3020240207466707283,4709530370860122002774116953760545,1995092407522202889362842305852656614785469
2026-04-20,1776643200,24917376,0x88e6a0c2ddd26feeb64f039a2c41296fcb3f5640,ETH/USDC,eth,500,False,6,18,2263.604508,199073,1665249487556678068101534584080182,2837044393621125362,4711192010164553265343598328986868,1995861412757216599942907637080686505334401
2026-04-21,1776729600,24924560,0x88e6a0c2ddd26feeb64f039a2c41296fcb3f5640,ETH/USDC,eth,500,False,6,18,2316.013597,198844,1646300201722915153118201549740052,3088027896544317103,4712963828912668384495096856065820,1996599588342775034399405549371656950936227
2026-04-22,1776816000,24931742,0x88e6a0c2ddd26feeb64f039a2c41296fcb3f5640,ETH/USDC,eth,500,False,6,18,2327.660747,198793,1642176157442976320169815386024477,3117046341108038269,4714289443001653376761958809815412,1997165869119608062522318751646471164632629
2026-04-23,1776902400,24938910,0x88e6a0c2ddd26feeb64f039a2c41296fcb3f5640,ETH/USDC,eth,500,False,6,18,2376.356299,198586,1625263586368113837734543338657081,3040188821945076838,4715740133909002234781374095081082,1997747086441352763568339812673473942920772
2026-04-24,1776988800,24946093,0x88e6a0c2ddd26feeb64f039a2c41296fcb3f5640,ETH/USDC,eth,500,False,6,18,2332.378519,198773,1640514477154881471807670539338156,3252862471671319448,4716834463714230492053265923157052,1998240848790730030541086547251642405277549
2026-04-25,1777075200,24953276,0x88e6a0c2ddd26feeb64f039a2c41296fcb3f5640,ETH/USDC,eth,500,False,6,18,2315.91767,198844,1646334296760586045174320009486751,3261002778101855051,4717457573920666305313822302467957,1998519089063634512661928192617146476265532
2026-04-26,1777161600,24960463,0x88e6a0c2ddd26feeb64f039a2c41296fcb3f5640,ETH/USDC,eth,500,False,6,18,2319.442605,198829,1645082826200347952298810124370089,3316084484592921304,4717733290951985287773597391396931,1998636130300162980032052309784316598906990
2026-04-27,1777248000,24967646,0x88e6a0c2ddd26feeb64f039a2c41296fcb3f5640,ETH/USDC,eth,500,False,6,18,2370.431654,198611,1627293406443428069245948391197761,3499024020224166868,4718299923652722713963275125777273,1998849463125930713813642652773114890223998
2026-04-28,1777334400,24974829,0x88e6a0c2ddd26feeb64f039a2c41296fcb3f5640,ETH/USDC,eth,500,False,6,18,2304.567232,198893,1650383573774014682555486407189116,3274622069783694518,4719023929915007415371413240363087,1999197755431852907668386893913693171777020
2026-04-29,1777420800,24982011,0x88e6a0c2ddd26feeb64f039a2c41296fcb3f5640,ETH/USDC,eth,500,False,6,18,2289.028661,198961,1655975733972315775056217595841435,3475422423647845972,4719648179639847858981237714820644,1999480342021155338796506381853686527489220
2026-04-30,1777507200,24989191,0x88e6a0c2ddd26feeb64f039a2c41296fcb3f5640,ETH/USDC,eth,500,False,6,18,2253.527384,199117,1668968591781048065409728528471733,3505265749287285511,4720611029269343543800955026324467,1999923293624438013036659080586843941264126
2026-05-01,1777593600,24996367,0x88e6a0c2ddd26feeb64f039a2c41296fcb3f5640,ETH/USDC,eth,500,False,6,18,2257.617304,199099,1667456147329620764691670672706589,4518921732192459776,4721335364396527906082929808136654,2000241428855728949445821544676734816474748
2026-05-02,1777680000,25003545,0x88e6a0c2ddd26feeb64f039a2c41296fcb3f5640,ETH/USDC,eth,500,False,6,18,2294.820866,198936,1653884544209332839784322081472941,4187690663253823996,4721942044243971912258213768933212,2000483953293642969145330043468509599847014
2026-05-03,1777766400,25010735,0x88e6a0c2ddd26feeb64f039a2c41296fcb3f5640,ETH/USDC,eth,500,False,6,18,2316.515744,198841,1646121759227982637306920569683766,3995060541757043300,4722170725712396866847968169979801,2000570406527755515316959538526603208493476
2026-05-04,1777852800,25017913,0x88e6a0c2ddd26feeb64f039a2c41296fcb3f5640,ETH/USDC,eth,500,False,6,18,2322.934031,198814,1643846061686581878644845442511341,3968313784839084519,4722565207997591409559355918473316,2000736279025305210435014170332675356190847
2026-05-05,1777939200,25025077,0x88e6a0c2ddd26feeb64f039a2c41296fcb3f5640,ETH/USDC,eth,500,False,6,18,2346.166008,198714,1635687047324103933265649762832718,3845213745001236661,4723745324273597288199911918639923,2001224381964157903740857191864799083684622
2026-05-06,1778025600,25032255,0x88e6a0c2ddd26feeb64f039a2c41296fcb3f5640,ETH/USDC,eth,500,False,6,18,2361.8249,198648,1630255729654133345344102290260642,4335322128788383480,4724439682535757159391769829057512,2001507895943412721143570491869521674655314
2026-05-07,1778112000,25039432,0x88e6a0c2ddd26feeb64f039a2c41296fcb3f5640,ETH/USDC,eth,500,False,6,18,2350.231329,198697,1634271767211548214175814801586649,4694460738717196582,4725216958964089223347858710680446,2001841628391799335263219796402633422354136
2026-05-08,1778198400,25046605,0x88e6a0c2ddd26feeb64f039a2c41296fcb3f5640,ETH/USDC,eth,500,False,6,18,2290.957412,198952,1655278506231671394146692872993898,3735746506447314243,4725898860327153743811244845805202,2002170509337393183031968785379801371779345
2026-05-09,1778284800,25053792,0x88e6a0c2ddd26feeb64f039a2c41296fcb3f5640,ETH/USDC,eth,500,False,6,18,2306.654816,198884,1649636584339156511461596575852604,3746800512000604392,4726466896186753330013249706554242,2002409592601410661240804351216278332484926
2026-05-10,1778371200,25060964,0x88e6a0c2ddd26feeb64f039a2c41296fcb3f5640,ETH/USDC,eth,500,False,6,18,2327.502006,198794,1642232156427200231256703678861410,3997511628813250098,4726710584713696824868755579327367,2002502766672977815565718206362618043958747
2026-05-11,1778457600,25068138,0x88e6a0c2ddd26feeb64f039a2c41296fcb3f5640,ETH/USDC,eth,500,False,6,18,2369.835393,198614,1627498110606080346071990224187443,4134656827692639254,4727367431552581301117811266845854,2002759488894601808708718261960028466607217
2026-05-12,1778544000,25075305,0x88e6a0c2ddd26feeb64f039a2c41296fcb3f5640,ETH/USDC,eth,500,False,6,18,2340.532235,198738,1637654452682586464155042808963012,4454798452860740192,4727933294009907412619855587579666,2003018117452893794114236877446507057481324
2026-05-13,1778630400,25082485,0x88e6a0c2ddd26feeb64f039a2c41296fcb3f5640,ETH/USDC,eth,500,False,6,18,2275.239884,199021,1660986060317897811350341914508027,4417947106344035150,4728549455173643764752306038586410,2003324958710175525164172814405186605464560
2026-05-14,1778716800,25089644,0x88e6a0c2ddd26feeb64f039a2c41296fcb3f5640,ETH/USDC,eth,500,False,6,18,2257.564976,199099,1667475472094632654969941715255366,4411081794281426416,4729014182054928961105945844206926,2003539461234768328031261819373931896311130
2026-05-15,1778803200,25096819,0x88e6a0c2ddd26feeb64f039a2c41296fcb3f5640,ETH/USDC,eth,500,False,6,18,2282.445263,198990,1658362230911691326958048533020077,4176646978586000363,4729724188726467333372111936803969,2003836473284590262922824730329199324258099
2026-05-16,1778889600,25103999,0x88e6a0c2ddd26feeb64f039a2c41296fcb3f5640,ETH/USDC,eth,500,False,6,18,2224.041637,199249,1679995532819447456453126628782267,4140179053696850896,4730441812700258495633428324780235,2004191430091873984371091102651874749883043
2026-05-17,1778976000,25111182,0x88e6a0c2ddd26feeb64f039a2c41296fcb3f5640,ETH/USDC,eth,500,False,6,18,2180.558936,199446,1696663312693486244578059960630918,12902526805443860616,4730780495029777102880454905824634,2004372994748284077553501253456863260930787
2026-05-18,1779062400,25118358,0x88e6a0c2ddd26feeb64f039a2c41296fcb3f5640,ETH/USDC,eth,500,False,6,18,2130.688318,199678,1716404408538373319222829659473778,12381770508454812318,4731187746816520714580503919812679,2004592693863818613344114846274145756630763
2026-05-19,1779148800,25125536,0x88e6a0c2ddd26feeb64f039a2c41296fcb3f5640,ETH/USDC,eth,500,False,6,18,2128.607147,199687,1717243280712314414566374366920529,13130027932333723174,4732099036017069596707052764370394,2005024702063722008090479106171466262038533
2026-05-20,1779235200,25132717,0x88e6a0c2ddd26feeb64f039a2c41296fcb3f5640,ETH/USDC,eth,500,False,6,18,2111.157377,199770,1724325612643495389786864468410917,13695218100205501235,4732619673702171365410623436429639,2005281906140746550149218788932136486614832
2026-05-21,1779321600,25139893,0x88e6a0c2ddd26feeb64f039a2c41296fcb3f5640,ETH/USDC,eth,500,False,6,18,2127.905004,199691,1717526575961883233521596531874755,13632716918249489821,4733116229883523484988927865279320,2005504472853971139971197360385480562612805
2026-05-22,1779408000,25147071,0x88e6a0c2ddd26feeb64f039a2c41296fcb3f5640,ETH/USDC,eth,500,False,6,18,2132.74051,199668,1715578419741927751267493525128246,12894431396788412571,4733635017415152554892165637267003,2005744807029452988138633845057512364654494
2026-05-23,1779494400,25154243,0x88e6a0c2ddd26feeb64f039a2c41296fcb3f5640,ETH/USDC,eth,500,False,6,18,2064.664655,199992,1743631965464526350106272548329550,12533818703775692133,4734105513086867961888201670007655,2006013787059037120946179709669760896153110
2026-05-24,1779580800,25161418,0x88e6a0c2ddd26feeb64f039a2c41296fcb3f5640,ETH/USDC,eth,500,False,6,18,2116.588483,199744,1722111906598603960503274813476836,12854227846484508065,4734842598601751229237923043872781,2006334606069687744176345273589357337021319
2026-05-25,1779667200,25168596,0x88e6a0c2ddd26feeb64f039a2c41296fcb3f5640,ETH/USDC,eth,500,False,6,18,2098.921395,199828,1729344418208246062378594427657729,12852510271046672832,4735300811127952333246321081193950,2006564674323645507911967480697517355501772
2026-05-26,1779753600,25175762,0x88e6a0c2ddd26feeb64f039a2c41296fcb3f5640,ETH/USDC,eth,500,False,6,18,2111.284762,199769,1724273593277534008344840237299475,12894528907406963175,4735698784221320825211159556936162,2006744861212569706697617530691044906869950
2026-05-27,1779840000,25182942,0x88e6a0c2ddd26feeb64f039a2c41296fcb3f5640,ETH/USDC,eth,500,False,6,18,2071.716661,199958,1740661823259656426208326132212931,12623313425906752844,4736342854238605380465056867679768,2007078759112887883685548378686201000994591
2026-05-28,1779926400,25190113,0x88e6a0c2ddd26feeb64f039a2c41296fcb3f5640,ETH/USDC,eth,500,False,6,18,2022.476184,200199,1761724019859822628572074335802573,14224691953019522778,4737043495099345273764892903538596,2007453003507073981683649309940548618858448
2026-05-29,1780012800,25197290,0x88e6a0c2ddd26feeb64f039a2c41296fcb3f5640,ETH/USDC,eth,500,False,6,18,2007.704396,200272,1768193129705430235590947012030017,15391856134736788885,4737875842873687152704099601817165,2007881168282588813497754598751621202391543
2026-05-30,1780099200,25204464,0x88e6a0c2ddd26feeb64f039a2c41296fcb3f5640,ETH/USDC,eth,500,False,6,18,2012.403167,200249,1766127641651503982595467881603834,15582924975404033457,4738510946837753786781561950082923,2008193572971207245872508567776859828656944
2026-05-31,1780185600,25211628,0x88e6a0c2ddd26feeb64f039a2c41296fcb3f5640,ETH/USDC,eth,500,False,6,18,2020.483434,200209,1762592576576923770579722047294194,15602813446742804342,4738712163646931838329325450092410,2008287570131728938656427944176573278794442
2026-06-01,1780272000,25218797,0x88e6a0c2ddd26feeb64f039a2c41296fcb3f5640,ETH/USDC,eth,500,False,6,18,2004.603847,200288,1769560045738114127862112570166452,15644445520862086314,4738975578508987521920948301485099,2008429645003937534455985101005420671933988
2026-06-02,1780358400,25225970,0x88e6a0c2ddd26feeb64f039a2c41296fcb3f5640,ETH/USDC,eth,500,False,6,18,2004.010299,200291,1769822080719908397508394416271912,15621360094269864628,4739767784476697911069947862987667,2008829157331736559758929155276744517119390
2026-06-03,1780444800,25233136,0x88e6a0c2ddd26feeb64f039a2c41296fcb3f5640,ETH/USDC,eth,500,False,6,18,1858.250675,201046,1837923514424912824729981941721457,5628755775086443747,4741238116699471515069971048931124,2009706756552160473496560226264618199788420
2026-06-04,1780531200,25240302,0x88e6a0c2ddd26feeb64f039a2c41296fcb3f5640,ETH/USDC,eth,500,False,6,18,1811.643111,201300,1861415218464024591072866260075105,5697875121881033383,4743502557581197600301355319814252,2010979643472266493216998914109520916749408
2026-06-05,1780617600,25247461,0x88e6a0c2ddd26feeb64f039a2c41296fcb3f5640,ETH/USDC,eth,500,False,6,18,1769.838128,201533,1883270962616917118202690284259567,4666646577623675138,4746724355791471429495082719826135,2012836904807378126887316944363971621575541
2026-06-06,1780704000,25254619,0x88e6a0c2ddd26feeb64f039a2c41296fcb3f5640,ETH/USDC,eth,500,False,6,18,1582.585291,202652,1991572043535477554521105992191589,1469755412971651160,4754948646907494026878533968496905,2018091220099954627252118620418484314761176
2026-06-07,1780790400,25261799,0x88e6a0c2ddd26feeb64f039a2c41296fcb3f5640,ETH/USDC,eth,500,False,6,18,1568.963935,202738,2000198528055504249543908951697251,2701680433415201412,4758042534268698240836831054828231,2020105473955502562379512314219367228766716
2026-06-08,1780876800,25268963,0x88e6a0c2ddd26feeb64f039a2c41296fcb3f5640,ETH/USDC,eth,500,False,6,18,1689.478283,201998,1927539457431687988241529676666619,2641204492579857153,4759953704546013172940359346278082,2021158310854076502978549979126836742882767
2026-06-09,1780963200,25276141,0x88e6a0c2ddd26feeb64f039a2c41296fcb3f5640,ETH/USDC,eth,500,False,6,18,1690.965812,201989,1926691449993816710131074074852089,2673349088786403075,4761890959911508494620768096529921,2022306774523097915196669479291031574365372
2026-06-10,1781049600,25283318,0x88e6a0c2ddd26feeb64f039a2c41296fcb3f5640,ETH/USDC,eth,500,False,6,18,1638.116279,202307,1957524564738248387443375641203357,2583641273068122540,4763249061775038687152979148344479,2023174992108287165960973087845727647533073
2026-06-11,1781136000,25290492,0x88e6a0c2ddd26feeb64f039a2c41296fcb3f5640,ETH/USDC,eth,500,False,6,18,1620.549036,202415,1968106045010548060601552101645311,2779740861569996677,4764725387775908668421341166534790,2024096586085594135859809403351662612906134
2026-06-12,1781222400,25297657,0x88e6a0c2ddd26feeb64f039a2c41296fcb3f5640,ETH/USDC,eth,500,False,6,18,1672.404546,202100,1937353689260232067634494704735964,2826862152713625825,4765965830035243840951850862002060,2024795096959698858459238350529853316192844
2026-06-13,1781308800,25304829,0x88e6a0c2ddd26feeb64f039a2c41296fcb3f5640,ETH/USDC,eth,500,False,6,18,1665.189518,202143,1941546290741112100921401742983168,2823243425775635530,4766891229454736805374567382410134,2025356615134081680788402809397423468642122
2026-06-14,1781395200,25312002,0x88e6a0c2ddd26feeb64f039a2c41296fcb3f5640,ETH/USDC,eth,500,False,6,18,1679.990691,202054,1932974594643785536033682649566557,2955054936311612817,4767233979415423127619685597557609,2025547630941455108917544605132016256366977
2026-06-15,1781481600,25319172,0x88e6a0c2ddd26feeb64f039a2c41296fcb3f5640,ETH/USDC,eth,500,False,6,18,1724.84755,201791,1907674285492143082204160348943671,5682597376646736141,4767840505769749726799922600500897,2025864963217159054682439794607167010571256
2026-06-16,1781568000,25326350,0x88e6a0c2ddd26feeb64f039a2c41296fcb3f5640,ETH/USDC,eth,500,False,6,18,1795.31551,201390,1869860435152270937022568305142940,5871942284614619442,4768992784523016810635248350556081,2026449669638237496165350884454447177478778
2026-06-17,1781654400,25333536,0x88e6a0c2ddd26feeb64f039a2c41296fcb3f5640,ETH/USDC,eth,500,False,6,18,1790.990477,201415,1872116820948891915317012951936110,5968192754939831239,4769928200594419322022399779077513,2026975951973139022011951079090249199868939
2026-06-18,1781740800,25340718,0x88e6a0c2ddd26feeb64f039a2c41296fcb3f5640,ETH/USDC,eth,500,False,6,18,1748.601483,201654,1894672547422967002457545200550684,5816623852902171818,4771108367716930782847799883299452,2027680845015817117527618861561407031718841
2026-06-19,1781827200,25347893,0x88e6a0c2ddd26feeb64f039a2c41296fcb3f5640,ETH/USDC,eth,500,False,6,18,1709.902935,201878,1915992720976383479073268627368066,5765493090095878421,4772207770403142913346428964353517,2028356147701105900791541141704812539211971
2026-06-20,1781913600,25355071,0x88e6a0c2ddd26feeb64f039a2c41296fcb3f5640,ETH/USDC,eth,500,False,6,18,1709.047856,201883,1916471970489767300268967836441958,5825346027288121092,4772860390684493668233286977617258,2028741282391583064928220103532544021922040
2026-06-21,1782000000,25362242,0x88e6a0c2ddd26feeb64f039a2c41296fcb3f5640,ETH/USDC,eth,500,False,6,18,1739.388051,201707,1899683902136052635611421192736736,5942704982457929366,4773388590494682994909484300961828,2029020080700845447111648851240051863395755
2026-06-22,1782086400,25369413,0x88e6a0c2ddd26feeb64f039a2c41296fcb3f5640,ETH/USDC,eth,500,False,6,18,1705.345794,201905,1918551036171916127702923380330429,5871426030648435860,4773761811337373573524707901547522,2029267193325466263195005058401192477619149
2026-06-23,1782172800,25376588,0x88e6a0c2ddd26feeb64f039a2c41296fcb3f5640,ETH/USDC,eth,500,False,6,18,1727.085327,201778,1906438002130821873627901855791206,5879996774020070208,4774627561863510314508438490834449,2029744329568330515918055517738993767804737
2026-06-24,1782259200,25383756,0x88e6a0c2ddd26feeb64f039a2c41296fcb3f5640,ETH/USDC,eth,500,False,6,18,1665.858218,202139,1941156568997664163212583074432835,2785481583256952757,4775564166451576040807723543720649,2030361968248672207516447739425899351909983
2026-06-25,1782345600,25390910,0x88e6a0c2ddd26feeb64f039a2c41296fcb3f5640,ETH/USDC,eth,500,False,6,18,1620.457062,202415,1968161897118523786994577461856178,2686227772878261245,4777262374828895356486729595445994,2031453846730100527208505125962295667140039
2026-06-26,1782432000,25398082,0x88e6a0c2ddd26feeb64f039a2c41296fcb3f5640,ETH/USDC,eth,500,False,6,18,1565.619976,202759,2002333469352841154329400300066455,2391986116358887145,4779366111386195216423281221962971,2032836867692955335726386102476558992764473
2026-06-27,1782518400,25405251,0x88e6a0c2ddd26feeb64f039a2c41296fcb3f5640,ETH/USDC,eth,500,False,6,18,1576.607734,202690,1995343898813738953054027322517292,2596218737779138311,4781265378493413108089340341605015,2034047871491794925287151734195521615394930
2026-06-28,1782604800,25412424,0x88e6a0c2ddd26feeb64f039a2c41296fcb3f5640,ETH/USDC,eth,500,False,6,18,1572.306451,202717,1998071317800182813904453949073832,2665454997002697024,4781826627102688388002069244213251,2034406596611392338495830137383301410150274
2026-06-29,1782691200,25419597,0x88e6a0c2ddd26feeb64f039a2c41296fcb3f5640,ETH/USDC,eth,500,False,6,18,1570.797485,202726,1999030798040302393969225306159197,2536686801985194328,4782628750856034801786556096506717,2034918361690322902687528024141867662621288
2026-06-30,1782777600,25426766,0x88e6a0c2ddd26feeb64f039a2c41296fcb3f5640,ETH/USDC,eth,500,False,6,18,1610.608581,202476,1974170142783379696267148742623232,2907128143387640053,4784317258406450464179651653946910,2035942835060482719893988655305396716591404
2026-07-01,1782864000,25433938,0x88e6a0c2ddd26feeb64f039a2c41296fcb3f5640,ETH/USDC,eth,500,False,6,18,1570.18742,202730,1999419102361815898903850193140111,2811825879343074188,4785207059197222197173071818652504,2036549385015678191058776381729286006059330
2026-07-02,1782950400,25441105,0x88e6a0c2ddd26feeb64f039a2c41296fcb3f5640,ETH/USDC,eth,500,False,6,18,1608.943133,202487,1975191629461621716690289975834740,2936712968346376824,4786579714002465808218159530456072,2037370240104996942879997847225602594475337
2026-07-03,1783036800,25448270,0x88e6a0c2ddd26feeb64f039a2c41296fcb3f5640,ETH/USDC,eth,500,False,6,18,1698.141645,201947,1922616333010011817697595011682422,2704902979007904369,4787769380128247281984337334397209,2037998904191529722149129097461546670397234
2026-07-04,1783123200,25455433,0x88e6a0c2ddd26feeb64f039a2c41296fcb3f5640,ETH/USDC,eth,500,False,6,18,1757.043932,201606,1890115195284209162071233281151632,5596601960039229431,4788640277263768772646154679176136,2038449463175962088681336343729650381719703
2026-07-05,1783209600,25462598,0x88e6a0c2ddd26feeb64f039a2c41296fcb3f5640,ETH/USDC,eth,500,False,6,18,1778.771446,201483,1878535943164913098909279794141667,5659749443064664016,4789206742534597552250857275567675,2038750369196768534582306220741845167895411
2026-07-06,1783296000,25469763,0x88e6a0c2ddd26feeb64f039a2c41296fcb3f5640,ETH/USDC,eth,500,False,6,18,1783.925898,201454,1875820071697212630893069332810067,5677642203060738445,4789721418295244967851192364312625,2039036177002722637943266328562148075720222
2026-07-07,1783382400,25476942,0x88e6a0c2ddd26feeb64f039a2c41296fcb3f5640,ETH/USDC,eth,500,False,6,18,1797.883474,201376,1868524572383361559888982778524897,5646558516423820301,4790793356558004416043318600898742,2039627714537148744910561176753378350490573
2026-07-08,1783468800,25484120,0x88e6a0c2ddd26feeb64f039a2c41296fcb3f5640,ETH/USDC,eth,500,False,6,18,1769.632632,201535,1883380305397520383233960422705007,5604559869816866586,4791780986411748755856768922533308,2040206224997521005606734913673030757190246
2026-07-09,1783555200,25491296,0x88e6a0c2ddd26feeb64f039a2c41296fcb3f5640,ETH/USDC,eth,500,False,6,18,1742.540281,201689,1897964874377927271834367830266058,5614786075567196677,4792672429957107316849800983280378,2040741317711044111058142763109363814410201
2026-07-10,1783641600,25498467,0x88e6a0c2ddd26feeb64f039a2c41296fcb3f5640,ETH/USDC,eth,500,False,6,18,1745.115497,201674,1896563971688921626068529288489011,5570314896379707525,4793296937705164240421897793529694,2041097290039531658900313697568121798792371
2026-07-11,1783728000,25505640,0x88e6a0c2ddd26feeb64f039a2c41296fcb3f5640,ETH/USDC,eth,500,False,6,18,1795.390602,201390,1869821331265084471342146777450662,5697383549892682182,4794087027341114259939981993331224,2041497414766526117607538141398184127987166
2026-07-12,1783814400,25512815,0x88e6a0c2ddd26feeb64f039a2c41296fcb3f5640,ETH/USDC,eth,500,False,6,18,1787.768542,201433,1873803035548246040393195085365248,5676960508159642677,4794560844851152690505026461576712,2041765880653081474046688426575503948317842
2026-07-13,1783900800,25519987,0x88e6a0c2ddd26feeb64f039a2c41296fcb3f5640,ETH/USDC,eth,500,False,6,18,1805.981412,201331,1864330676662013893888696113639298,5700117426169516048,4795063015252925137337342829517824,2042028803793063097531647399013837567952830
2026-07-14,1783987200,25527154,0x88e6a0c2ddd26feeb64f039a2c41296fcb3f5640,ETH/USDC,eth,500,False,6,18,1774.052163,201510,1881032897775374714822449754404677,5708968792240475557,4796170058442088715498863956031318,2042675579868686523489046263025915784720231
2026-07-15,1784073600,25534324,0x88e6a0c2ddd26feeb64f039a2c41296fcb3f5640,ETH/USDC,eth,500,False,6,18,1890.018804,200876,1822411810453631799305397188342898,5662125499446377632,4797158818513658259848001590180674,2043110448242276786853433403321471055273823
2026-07-16,1784160000,25541499,0x88e6a0c2ddd26feeb64f039a2c41296fcb3f5640,ETH/USDC,eth,500,False,6,18,1917.517043,200732,1809297434777259938184283384205243,14137010380992226124,4797964651868140155741842413378328,2043510949976637720546028077762836802848874
2026-07-17,1784246400,25548675,0x88e6a0c2ddd26feeb64f039a2c41296fcb3f5640,ETH/USDC,eth,500,False,6,18,1862.398912,201024,1835875512522406833948455200387903,6273709110565216059,4798615986302658474946706728157240,2043898579493445249298009240195510770715483
2026-07-18,1784332800,25555858,0x88e6a0c2ddd26feeb64f039a2c41296fcb3f5640,ETH/USDC,eth,500,False,6,18,1841.590862,201136,1846218115594429833843073351086922,6240771089413661975,4799374035080300570442515230074810,2044328343608001453505235736952611305854490
2026-07-19,1784419200,25563031,0x88e6a0c2ddd26feeb64f039a2c41296fcb3f5640,ETH/USDC,eth,500,False,6,18,1861.082481,201031,1836524698012556872243244846366533,6237787181797106482,4799639917710344492489066445593476,2044456476024419698462400680903569949103607
2026-07-20,1784505600,25570200,0x88e6a0c2ddd26feeb64f039a2c41296fcb3f5640,ETH/USDC,eth,500,False,6,18,1871.326983,200976,1831490810204653674408741598920704,6245425305890720517,4800026860954175085179580358595997,2044655607078174260774889067231929615981227
2026-07-21,1784592000,25577369,0x88e6a0c2ddd26feeb64f039a2c41296fcb3f5640,ETH/USDC,eth,500,False,6,18,1902.576249,200810,1816387683048004308004347087683584,14287423984983675067,4800920848514631826652618818541907,2045107362349260598853758144586179637105860
2026-07-22,1784678400,25584545,0x88e6a0c2ddd26feeb64f039a2c41296fcb3f5640,ETH/USDC,eth,500,False,6,18,1928.885048,200673,1803957952099121464497660993470157,14065067609407475641,4801500500725647412387995116833543,2045388107722675464223906698276963870121155
2026-07-23,1784764800,25591708,0x88e6a0c2ddd26feeb64f039a2c41296fcb3f5640,ETH/USDC,eth,500,False,6,18,1932.781087,200653,1802138853784816972655338128284777,14101646807824372568,4802124816666426764769524747554424,2045708385554372304863229329052127921349023
2026-07-24,1784851200,25598869,0x88e6a0c2ddd26feeb64f039a2c41296fcb3f5640,ETH/USDC,eth,500,False,6,18,1876.483653,200948,1828972565235151637899860067684956,6447198853812269356,4802637374779247876163486123327227,2046021114567746988518827155338864282178348
2026-07-25,1784937600,25606052,0x88e6a0c2ddd26feeb64f039a2c41296fcb3f5640,ETH/USDC,eth,500,False,6,18,1859.450263,201039,1837330568378176306182221392374325,6471410058103119333,4803194828710538403324168823938458,2046332910205837849328856708238987095906738
2026-07-26,1785024000,25613233,0x88e6a0c2ddd26feeb64f039a2c41296fcb3f5640,ETH/USDC,eth,500,False,6,18,1873.148361,200966,1830600157645952559513785969254103,6658208792743707345,4803406206854455957999269443593625,2046435524000732776448914629221433510724401
2026-07-27,1785110400,25620417,0x88e6a0c2ddd26feeb64f039a2c41296fcb3f5640,ETH/USDC,eth,500,False,6,18,1952.856696,200549,1792851819032857513644253102674353,13976434364049744206,4803801462272996776891980203402905,2046581604242660490047315961566486586419164
2026-07-28,1785196800,25627590,0x88e6a0c2ddd26feeb64f039a2c41296fcb3f5640,ETH/USDC,eth,500,False,6,18,1890.589501,200873,1822136731217894716631797851966811,5848899774279801117,4804530318321949133246511087432898,2047004203861450312513565401444919245016074
2026-07-29,1785283200,25634763,0x88e6a0c2ddd26feeb64f039a2c41296fcb3f5640,ETH/USDC,eth,500,False,6,18,1919.464516,200722,1808379352539866772017610241829678,14761139026658930449,4805433295267078462792735051556342,2047460314956080647645635410417950903819372
2026-07-30,1785369600,25641938,0x88e6a0c2ddd26feeb64f039a2c41296fcb3f5640,ETH/USDC,eth,500,False,6,18,1909.399886,200774,1813139158810792674248700312377294,14861979000637572672,4806250204796397151476987755105529,2047897341935526930818081761897043240648512
2026-07-31,1785456000,25649110,0x88e6a0c2ddd26feeb64f039a2c41296fcb3f5640,ETH/USDC,eth,500,False,6,18,1917.918191,200730,1809108210248822511504314572893437,14850427537672688217,4806766008765423705583450879333318,2048160132626519914156302755592219492138966
2026-08-01,1785542400,25656292,0x88e6a0c2ddd26feeb64f039a2c41296fcb3f5640,ETH/USDC,eth,500,False,6,18,1860.854183,201032,1836637351215252480316233818315739,6911177771451826370,4807278414147663463722638381103959,2048477257913677478880112185979145865173635
2026-08-02,1785628800,25663469,0x88e6a0c2ddd26feeb64f039a2c41296fcb3f5640,ETH/USDC,eth,500,False,6,18,1843.701593,201124,1845161006996155734180219763042334,6794999331052396064,4807537584299783553349403431709254,2048630955409574356197858811632747592419973
2026-08-03,1785715200,25670641,0x88e6a0c2ddd26feeb64f039a2c41296fcb3f5640,ETH/USDC,eth,500,False,6,18,1882.884647,200914,1825861060471592439096015707746324,6983915956469787798,4807921643919850828441368180858293,2048805315690770370929783914135557303248241
2026-08-04,1785801600,25677819,0x88e6a0c2ddd26feeb64f039a2c41296fcb3f5640,ETH/USDC,eth,500,False,6,18,1858.330995,201045,1837883794973082362073974225311521,6839345051344967973,4808398496629122109437484213378494,2049081603598075916812936287985551376074659
2026-08-05,1785888000,25684999,0x88e6a0c2ddd26feeb64f039a2c41296fcb3f5640,ETH/USDC,eth,500,False,6,18,1869.121723,200988,1832570922442650553347322046676542,7274340065854786555,4808923807335778653567318307849123,2049354554213821840359695093217586501977859
2026-08-06,1785974400,25692172,0x88e6a0c2ddd26feeb64f039a2c41296fcb3f5640,ETH/USDC,eth,500,False,6,18,1907.405098,200785,1814087012730709159298143568503429,15117836181358963207,4809463392364388001657477492338435,2049610967258803536645443504790184969315553
2026-08-07,1786060800,25699361,0x88e6a0c2ddd26feeb64f039a2c41296fcb3f5640,ETH/USDC,eth,500,False,6,18,1901.804809,200814,1816756041437314888476861644450350,15117080763027235773,4809826418301271185255842305779458,2049805689692586213593855346030099220004011
2026-08-08,1786147200,25706531,0x88e6a0c2ddd26feeb64f039a2c41296fcb3f5640,ETH/USDC,eth,500,False,6,18,1914.09947,200750,1810911939947457256448723449052942,15256904572470515010,4810255771504792471190214736290266,2050020554815662232615763301885988443691490
2026-08-09,1786233600,25713689,0x88e6a0c2ddd26feeb64f039a2c41296fcb3f5640,ETH/USDC,eth,500,False,6,18,1915.980025,200740,1810023006973702095143783486382842,15308093441466009520,4810352934387659767479192344359336,2050069760910672791981224049131460296413214
2026-08-10,1786320000,25720867,0x88e6a0c2ddd26feeb64f039a2c41296fcb3f5640,ETH/USDC,eth,500,False,6,18,1908.653661,200778,1813493565296123668813113202652179,15372015180950294240,4810480307310522175206156344038202,2050141690185091364815701892754069508567777
2026-08-11,1786406400,25728039,0x88e6a0c2ddd26feeb64f039a2c41296fcb3f5640,ETH/USDC,eth,500,False,6,18,1871.44456,200975,1831433275670642159210937681495370,6297184643109026678,4810912618967511803037596065735670,2050398316924382767119575627560334979428912
2026-08-12,1786492800,25735200,0x88e6a0c2ddd26feeb64f039a2c41296fcb3f5640,ETH/USDC,eth,500,False,6,18,1881.53079,200921,1826517842242150194886969219109705,8734072616652603587,4811325536174515512231637980604846,2050610518298196696238530568722152539435319
2026-08-13,1786579200,25742366,0x88e6a0c2ddd26feeb64f039a2c41296fcb3f5640,ETH/USDC,eth,500,False,6,18,1877.559601,200942,1828448437501007137721893379072578,8789866623581274483,4811725174168148597450166540059339,2050824658167239918906647589131422896891965
2026-08-14,1786665600,25749550,0x88e6a0c2ddd26feeb64f039a2c41296fcb3f5640,ETH/USDC,eth,500,False,6,18,1883.959846,200908,1825339965350104978387294449597460,8957908725843260242,4812087701985809299234210205056624,2051012251083543808307700991150439921860386
2026-08-15,1786752000,25756720,0x88e6a0c2ddd26feeb64f039a2c41296fcb3f5640,ETH/USDC,eth,500,False,6,18,1880.128333,200929,1827198948644982896331552011254216,12334401381827780592,4812393759273936778416842034917403,2051178399783732568904548148225810698424341
2026-08-16,1786838400,25763887,0x88e6a0c2ddd26feeb64f039a2c41296fcb3f5640,ETH/USDC,eth,500,False,6,18,1881.351003,200922,1826605113332271725591608370205044,8959176709220794628,4812490428448234500370889297119146,2051228858068747415385861326272813081335202
2026-08-17,1786924800,25771073,0x88e6a0c2ddd26feeb64f039a2c41296fcb3f5640,ETH/USDC,eth,500,False,6,18,1874.552209,200959,1829914562833020016968107337866538,8979353861785562566,4812603561011718285162115511452503,2051294431573708190812336367241227824526215
2026-08-18,1787011200,25778250,0x88e6a0c2ddd26feeb64f039a2c41296fcb3f5640,ETH/USDC,eth,500,False,6,18,1911.836172,200762,1811983533406845159498530959208352,18209582318635763294,4812947002324599988336761233333679,2051446366093241335587976443878979043843896
2026-08-19,1787097600,25785424,0x88e6a0c2ddd26feeb64f039a2c41296fcb3f5640,ETH/USDC,eth,500,False,6,18,1917.050175,200734,1809517734584372880386885397215598,18075522476414838870,4813214679032777400576691461301658,2051582953389777940078456631331553063802856
2026-08-20,1787184000,25792601,0x88e6a0c2ddd26feeb64f039a2c41296fcb3f5640,ETH/USDC,eth,500,False,6,18,2251.225553,199127,1669821616623861527832130334669046,3479306812952268798,4816193330064063270835460121470941,2052733957175874767884336637976306609493617
2026-08-21,1787270400,25799779,0x88e6a0c2ddd26feeb64f039a2c41296fcb3f5640,ETH/USDC,eth,500,False,6,18,2327.0141,198796,1642404311143670754046361722339150,3658682775389541228,4818379392298489583273232377578983,2053644666174536750780077725820913021042453
2026-08-22,1787356800,25806958,0x88e6a0c2ddd26feeb64f039a2c41296fcb3f5640,ETH/USDC,eth,500,False,6,18,2515.264062,198018,1579747915371629582946784341029393,3515906319428993306,4821862968988651969708638406143245,2054988471635718044885637724298113803575894
2026-08-23,1787443200,25814126,0x88e6a0c2ddd26feeb64f039a2c41296fcb3f5640,ETH/USDC,eth,500,False,6,18,2423.366957,198390,1609422219166615854101560437606050,3600499647414223441,4823807341103441777958018634891134,2055830318777460932506671274029374629037288
2026-08-24,1787529600,25821305,0x88e6a0c2ddd26feeb64f039a2c41296fcb3f5640,ETH/USDC,eth,500,False,6,18,2462.734437,198229,1596506871484599981235177628563707,3506460186928549493,4825513262557494289587719837145649,2056511034821842086051514437150625982858312
2026-08-25,1787616000,25828483,0x88e6a0c2ddd26feeb64f039a2c41296fcb3f5640,ETH/USDC,eth,500,False,6,18,2482.650815,198149,1590090209620732898891490510249951,3802248824328460885,4827490978950955754244234102573625,2057299101242113999461775303404494987198687
2026-08-26,1787702400,25835657,0x88e6a0c2ddd26feeb64f039a2c41296fcb3f5640,ETH/USDC,eth,500,False,6,18,2442.720061,198311,1603034001655374640176764252060486,4364311433449932722,4828861068393283043447409363835255,2057872557914772922232126115544016901774196
2026-08-27,1787788800,25842829,0x88e6a0c2ddd26feeb64f039a2c41296fcb3f5640,ETH/USDC,eth,500,False,6,18,2506.904088,198052,1582379778961860247409267388025866,13122513497977854236,4829866139853233464932171212416781,2058247252603701072758491708376766882558461
2026-08-28,1787875200,25850009,0x88e6a0c2ddd26feeb64f039a2c41296fcb3f5640,ETH/USDC,eth,500,False,6,18,2510.928395,198036,1581111217088865513791920058330570,4410831563743459591,4831065910864814245767380965196557,2058723151898887588316921018749060929320970
2026-08-29,1787961600,25857181,0x88e6a0c2ddd26feeb64f039a2c41296fcb3f5640,ETH/USDC,eth,500,False,6,18,2441.601202,198316,1603401253329105981022483847608165,4520713862123067404,4832158667475246358715872252951556,2059200414254643028129209291163782224185979
2026-08-30,1788048000,25864358,0x88e6a0c2ddd26feeb64f039a2c41296fcb3f5640,ETH/USDC,eth,500,False,6,18,2458.434062,198247,1597902593098298473045971266367279,4500545617027073389,4832476669594342547755160567985736,2059321724133627922452395806639333276336359
2026-08-31,1788134400,25871535,0x88e6a0c2ddd26feeb64f039a2c41296fcb3f5640,ETH/USDC,eth,500,False,6,18,2416.773489,198418,1611616145666749399464640036845199,4344994265851897124,4833425458599560710673836971923641,2059727518677812200183157963079963918187833
2026-09-01,1788220800,25878704,0x88e6a0c2ddd26feeb64f039a2c41296fcb3f5640,ETH/USDC,eth,500,False,6,18,2466.040508,198216,1595436342453592531269803335313990,4430559062782307951,4834367761648694580039756246160625,2060086415655781501765726519503938057503878
2026-09-02,1788307200,25885878,0x88e6a0c2ddd26feeb64f039a2c41296fcb3f5640,ETH/USDC,eth,500,False,6,18,2418.646764,198410,1610991915330595943005640287641427,8942911963655080272,4835275902126691597226676617987055,2060483570066492185072571223580385044326705
2026-09-03,1788393600,25893051,0x88e6a0c2ddd26feeb64f039a2c41296fcb3f5640,ETH/USDC,eth,500,False,6,18,2391.67866,198522,1620049071141098733812743556372079,4441829345883854417,4836270634721340111676138500866901,2060913781700689699177641380510564098128863
2026-09-04,1788480000,25900226,0x88e6a0c2ddd26feeb64f039a2c41296fcb3f5640,ETH/USDC,eth,500,False,6,18,2508.257508,198046,1581952806395188264459822856150981,4469166313146685031,4837733354553615945443228937397816,2061447544716217972800778473324026910055796
2026-09-05,1788566400,25907399,0x88e6a0c2ddd26feeb64f039a2c41296fcb3f5640,ETH/USDC,eth,500,False,6,18,2456.416323,198255,1598558729264898008571179703610455,4515035855183413193,4838944752304840084024127031863257,2061961017583457747259773365383247802797913
