date,timestamp,block,pool,pair,asset_class,feeTier,base_is_token0,dec0,dec1,price,tick,sqrtPriceX96,liquidity,feeGrowthGlobal0X128,feeGrowthGlobal1X128
2025-08-02,1754092800,139247012,0xc1738d90e2e26c35784a0d3e3d8a9f795074bca4,ETH/USDC,eth,3000,False,6,18,3481.975346,194766,1342662124085017125025923688599934,175955479220598901,1854522806993180482438026816509248,718878520377453104791307826324692838421147
2025-08-03,1754179200,139290211,0xc1738d90e2e26c35784a0d3e3d8a9f795074bca4,ETH/USDC,eth,3000,False,6,18,3400.956251,195001,1358560743002598420856077424820547,213315076561947065,1857362100049168122849003908863711,719909930316806204091813542101201608571089
2025-08-04,1754265600,139333411,0xc1738d90e2e26c35784a0d3e3d8a9f795074bca4,ETH/USDC,eth,3000,False,6,18,3507.210957,194694,1337822941519590950476888565876470,233970749404388813,1859390832290818312316189509255232,720228589026786714712425266538220502938552
2025-08-05,1754352000,139376611,0xc1738d90e2e26c35784a0d3e3d8a9f795074bca4,ETH/USDC,eth,3000,False,6,18,3721.48745,194101,1298737272028859463458444136386921,262588373328012465,1862706321254445512866101485789461,720638307417731993508699336111436752866289
2025-08-06,1754438400,139419811,0xc1738d90e2e26c35784a0d3e3d8a9f795074bca4,ETH/USDC,eth,3000,False,6,18,3613.008089,194396,1318090156684185337823023482386695,294007622363278233,1865192207632213365775963173244140,721578412981885403677808528136109633244541
2025-08-07,1754524800,139463011,0xc1738d90e2e26c35784a0d3e3d8a9f795074bca4,ETH/USDC,eth,3000,False,6,18,3678.62232,194216,1306282121726033854518824973871165,305230028209918053,1867335162246451194379733535290334,722016380179815902863943454408719919963741
2025-08-08,1754611200,139506211,0xc1738d90e2e26c35784a0d3e3d8a9f795074bca4,ETH/USDC,eth,3000,False,6,18,3907.621697,193613,1267428088216288621790234149255365,291809467709264478,1870862551433043860108111151278937,722443622660932520661573651855047464349931
2025-08-09,1754697600,139549411,0xc1738d90e2e26c35784a0d3e3d8a9f795074bca4,ETH/USDC,eth,3000,False,6,18,4019.250352,193331,1249703696672219076930988958250911,84381941098183785,1874849944695446530848022276643603,723216425708093207186315354272566565611640
2025-08-10,1754784000,139592611,0xc1738d90e2e26c35784a0d3e3d8a9f795074bca4,ETH/USDC,eth,3000,False,6,18,4263.030457,192742,1213445753050321944899740626231932,35654439107287569,1882742460767380692552503715461677,724598398730624115938865855473065708379788
2025-08-11,1754870400,139635811,0xc1738d90e2e26c35784a0d3e3d8a9f795074bca4,ETH/USDC,eth,3000,False,6,18,4242.75018,192790,1216342421167077727969756764029296,24595252468735196,1886730353529755165750960540643308,725580962183251078459605424158606862844414
2025-08-12,1754956800,139679011,0xc1738d90e2e26c35784a0d3e3d8a9f795074bca4,ETH/USDC,eth,3000,False,6,18,4223.484945,192835,1219113410173866748358780038232955,35103005748496645,1891412796456210238581727727290012,726713206269844160435044237105187176244165
2025-08-13,1755043200,139722211,0xc1738d90e2e26c35784a0d3e3d8a9f795074bca4,ETH/USDC,eth,3000,False,6,18,4597.592198,191986,1168461373274148216863277555398225,30195138838950732,1901532299696068683864695881696856,728300786620666620958692049169020327026784
2025-08-14,1755129600,139765411,0xc1738d90e2e26c35784a0d3e3d8a9f795074bca4,ETH/USDC,eth,3000,False,6,18,4764.284272,191630,1147838401909207938557164509484533,67664322458840490,1907217635044064799752743345689995,729249234455783735604740830323554990281259
2025-08-15,1755216000,139808611,0xc1738d90e2e26c35784a0d3e3d8a9f795074bca4,ETH/USDC,eth,3000,False,6,18,4556.21226,192077,1173755416960492599518583474630984,82671799480243264,1915006235219905131905220090532310,731280939103254088157813437805274800732321
2025-08-16,1755302400,139851811,0xc1738d90e2e26c35784a0d3e3d8a9f795074bca4,ETH/USDC,eth,3000,False,6,18,4432.695134,192352,1189996412769190017711534677437367,119545599378208642,1919774035343130264097701705912888,732552979628080013435649582428374079800120
2025-08-17,1755388800,139895011,0xc1738d90e2e26c35784a0d3e3d8a9f795074bca4,ETH/USDC,eth,3000,False,6,18,4424.002833,192371,1191164894314917890878993441124846,129706889115300105,1921470742073474571917196821722093,732951191699700027190474265314156662638507
2025-08-18,1755475200,139938211,0xc1738d90e2e26c35784a0d3e3d8a9f795074bca4,ETH/USDC,eth,3000,False,6,18,4484.517119,192235,1183100779879868652524841443835588,130882396060265148,1923680713743672743496444722884011,733339171259650080327936884681482655497465
2025-08-19,1755561600,139981411,0xc1738d90e2e26c35784a0d3e3d8a9f795074bca4,ETH/USDC,eth,3000,False,6,18,4318.261711,192613,1205660697879521820185107843266215,94032179740839988,1930097656230662796881003704915782,735108510011620997609200364002668583969428
2025-08-20,1755648000,140024611,0xc1738d90e2e26c35784a0d3e3d8a9f795074bca4,ETH/USDC,eth,3000,False,6,18,4079.513499,193182,1240438955048943649938754972095407,33434691235481370,1934275684177297568996906064921738,736553171243521937936889165597435381508029
2025-08-21,1755734400,140067811,0xc1738d90e2e26c35784a0d3e3d8a9f795074bca4,ETH/USDC,eth,3000,False,6,18,4341.230617,192560,1202466968169701140394888650503763,102534416872338327,1940329456499032070502831537735469,737497668266971319598676626160491231171150
2025-08-22,1755820800,140111011,0xc1738d90e2e26c35784a0d3e3d8a9f795074bca4,ETH/USDC,eth,3000,False,6,18,4219.968533,192844,1219621235417526252293472624527547,73143395556820665,1944198966828533750964037025747875,738619021699466010039811242676877973267621
2025-08-23,1755907200,140154211,0xc1738d90e2e26c35784a0d3e3d8a9f795074bca4,ETH/USDC,eth,3000,False,6,18,4832.320111,191488,1139729359372893256232296842403204,111102233285749213,1956301078362755807209195041361217,740225805997327463137366966706027414873728
2025-08-24,1755993600,140197411,0xc1738d90e2e26c35784a0d3e3d8a9f795074bca4,ETH/USDC,eth,3000,False,6,18,4780.814245,191596,1145852321101068935721495491585100,143287017986512557,1958652468439188726422919736519472,740802179200033989359768506726649587492657
2025-08-25,1756080000,140240611,0xc1738d90e2e26c35784a0d3e3d8a9f795074bca4,ETH/USDC,eth,3000,False,6,18,4786.591801,191584,1145160573756296589590050007931472,103549913198109252,1963319827895547954764919705675957,741764202352104236317435280687335541684936
2025-08-26,1756166400,140283811,0xc1738d90e2e26c35784a0d3e3d8a9f795074bca4,ETH/USDC,eth,3000,False,6,18,4378.676717,192474,1197314226373218003817910096629926,114629939050137446,1969708260457251515518637411097311,743844028504717768989725696411177455104557
2025-08-27,1756252800,140327011,0xc1738d90e2e26c35784a0d3e3d8a9f795074bca4,ETH/USDC,eth,3000,False,6,18,4604.235632,191972,1167618084792435732067863031759076,119027718947848708,1975261994356609402941724989823566,744702808238430890345243838971503634555912
2025-08-28,1756339200,140370211,0xc1738d90e2e26c35784a0d3e3d8a9f795074bca4,ETH/USDC,eth,3000,False,6,18,4505.320829,192189,1180366084007270797404120341733601,178565609223329283,1979442492162490139184452535510936,745779108623082536186114137202224288606774
2025-08-29,1756425600,140413411,0xc1738d90e2e26c35784a0d3e3d8a9f795074bca4,ETH/USDC,eth,3000,False,6,18,4502.953712,192194,1180676291309852845262795252486202,194754659786325366,1981596061004677706665593171098783,746258700609085222217455131917457076347755
2025-08-30,1756512000,140456611,0xc1738d90e2e26c35784a0d3e3d8a9f795074bca4,ETH/USDC,eth,3000,False,6,18,4362.094656,192512,1199587802124168019369221206429516,185247905709243242,1985016798946958973668645088374733,747287906501363576687791559371965507971851
2025-08-31,1756598400,140499811,0xc1738d90e2e26c35784a0d3e3d8a9f795074bca4,ETH/USDC,eth,3000,False,6,18,4365.660535,192504,1199097789432958142325988810652259,216526213310511919,1986546921115895533393957915878917,747633666907935132411806997836379622088547
2025-09-01,1756684800,140543011,0xc1738d90e2e26c35784a0d3e3d8a9f795074bca4,ETH/USDC,eth,3000,False,6,18,4391.304662,192446,1195591446477648355935001371670921,224115921937228266,1988185141352340293704037929422755,747957250407372425101524771684167141859074
2025-09-02,1756771200,140586211,0xc1738d90e2e26c35784a0d3e3d8a9f795074bca4,ETH/USDC,eth,3000,False,6,18,4307.402497,192638,1207179511846546724673510413585830,260370301800013809,1990858581592237306373939050933662,748720377244605141182157389581114582711567
2025-09-03,1756857600,140629411,0xc1738d90e2e26c35784a0d3e3d8a9f795074bca4,ETH/USDC,eth,3000,False,6,18,4319.998931,192609,1205418254614047795397966030237843,270149123050839767,1994565450316768292871059153545498,749552581054898923396469330632278437929270
2025-09-04,1756944000,140672611,0xc1738d90e2e26c35784a0d3e3d8a9f795074bca4,ETH/USDC,eth,3000,False,6,18,4459.726938,192291,1186384460427268915975223490596192,282748672010979246,1997017430136924548002053649477957,749866894119477080306417464003025026828494
2025-09-05,1757030400,140715811,0xc1738d90e2e26c35784a0d3e3d8a9f795074bca4,ETH/USDC,eth,3000,False,6,18,4309.638399,192633,1206866320208535129875762806322614,278782973816156760,1998525978464185199908896188528750,750477962739101872338705981624583809514422
2025-09-06,1757116800,140759011,0xc1738d90e2e26c35784a0d3e3d8a9f795074bca4,ETH/USDC,eth,3000,False,6,18,4306.974236,192639,1207239527839388629657454325450710,281131163978672688,2001551913449299799555146920004859,751174922191833291914347920986770938141281
2025-09-07,1757203200,140802211,0xc1738d90e2e26c35784a0d3e3d8a9f795074bca4,ETH/USDC,eth,3000,False,6,18,4275.997858,192712,1211604406777094519257140668215285,284104317892487246,2002129635177683363760119414946379,751366384876775487156830184552775773386195
2025-09-08,1757289600,140845411,0xc1738d90e2e26c35784a0d3e3d8a9f795074bca4,ETH/USDC,eth,3000,False,6,18,4310.983464,192630,1206678029042850457014982384775677,281334196638786981,2002693136376699440206306874072597,751433841067442891611837606264259881567501
2025-09-09,1757376000,140888611,0xc1738d90e2e26c35784a0d3e3d8a9f795074bca4,ETH/USDC,eth,3000,False,6,18,4310.131245,192632,1206797318102580363913178379091553,281167713414635934,2004047052082517133302798502783222,751748415437876170422038359323280031082942
2025-09-10,1757462400,140931811,0xc1738d90e2e26c35784a0d3e3d8a9f795074bca4,ETH/USDC,eth,3000,False,6,18,4307.986652,192637,1207097663410639680014259833446620,278572041444968323,2005029782861094830949862010086963,751979371283899543704949757234656307278600
2025-09-11,1757548800,140975011,0xc1738d90e2e26c35784a0d3e3d8a9f795074bca4,ETH/USDC,eth,3000,False,6,18,4344.354637,192553,1202034544108181051876570808510759,278104575445239328,2006683262042999221040053795042099,752292863564204221151720891531560146572279
2025-09-12,1757635200,141018211,0xc1738d90e2e26c35784a0d3e3d8a9f795074bca4,ETH/USDC,eth,3000,False,6,18,4458.062456,192295,1186605916717748916631013541065130,291046617516466254,2009091555819059763683142634666421,752638839627120321262503551722245954811775
2025-09-13,1757721600,141061411,0xc1738d90e2e26c35784a0d3e3d8a9f795074bca4,ETH/USDC,eth,3000,False,6,18,4704.445842,191757,1155115328773257613546695245061615,248083894044901544,2012137149588116741844515685422832,752895432462079775193432298643988188168250
2025-09-14,1757808000,141104611,0xc1738d90e2e26c35784a0d3e3d8a9f795074bca4,ETH/USDC,eth,3000,False,6,18,4661.577613,191848,1160414438915547033469339555727537,262420141471537543,2013283926435308915320921391870274,753208031404594613274170585776276155748492
2025-09-15,1757894400,141147811,0xc1738d90e2e26c35784a0d3e3d8a9f795074bca4,ETH/USDC,eth,3000,False,6,18,4617.828154,191943,1165898383476197134183034567105711,277972925354077634,2014041731973037798128369940308301,753442285049566175199433834534819047113470
2025-09-16,1757980800,141191011,0xc1738d90e2e26c35784a0d3e3d8a9f795074bca4,ETH/USDC,eth,3000,False,6,18,4518.333777,192160,1178665112106107888906176354469452,281212141198632485,2015383133935984978245855282980220,753901233542027768780206285386430692545065
2025-09-17,1758067200,141234211,0xc1738d90e2e26c35784a0d3e3d8a9f795074bca4,ETH/USDC,eth,3000,False,6,18,4511.578842,192175,1179547156816297029158404484805760,283837254850881113,2016521991908214857174928023076595,754166513321505898145985680069160404305322
2025-09-18,1758153600,141277411,0xc1738d90e2e26c35784a0d3e3d8a9f795074bca4,ETH/USDC,eth,3000,False,6,18,4597.681025,191986,1168450085900116823527641596122046,282154961347606490,2020099004631466649134797888245179,754816799746987334931321658972285335867272
2025-09-19,1758240000,141320611,0xc1738d90e2e26c35784a0d3e3d8a9f795074bca4,ETH/USDC,eth,3000,False,6,18,4586.406424,192011,1169885384177002210507642577408865,286534404070589701,2021293305468446634723805778935251,755094898455488619234080407797832766637396
2025-09-20,1758326400,141363811,0xc1738d90e2e26c35784a0d3e3d8a9f795074bca4,ETH/USDC,eth,3000,False,6,18,4462.799443,192284,1185975994910010657672096337159869,296096025085651101,2021848671007454874562037302309698,755425686216309013670304499860457678359153
2025-09-21,1758412800,141407011,0xc1738d90e2e26c35784a0d3e3d8a9f795074bca4,ETH/USDC,eth,3000,False,6,18,4491.221875,192221,1182217349418852602078730714869973,292980120536761190,2022180917022246978834280434720102,755451251278976362779436204302750486167347
2025-09-22,1758499200,141450211,0xc1738d90e2e26c35784a0d3e3d8a9f795074bca4,ETH/USDC,eth,3000,False,6,18,4459.322279,192292,1186438288176964436949874132845387,320620904603348607,2022462534571309714669999464009095,755568724047071091357140035567958001856895
2025-09-23,1758585600,141493411,0xc1738d90e2e26c35784a0d3e3d8a9f795074bca4,ETH/USDC,eth,3000,False,6,18,4199.208661,192893,1222632274648338337426107012098376,248683742607960700,2025058534180261314458296847486132,756656576463746216435543326924140870991535
2025-09-24,1758672000,141536611,0xc1738d90e2e26c35784a0d3e3d8a9f795074bca4,ETH/USDC,eth,3000,False,6,18,4174.841332,192951,1226195157083267691477010796800983,195474432066194016,2026751967935936126150408243916248,757108065935793449930010272396082231720397
2025-09-25,1758758400,141579811,0xc1738d90e2e26c35784a0d3e3d8a9f795074bca4,ETH/USDC,eth,3000,False,6,18,4154.179182,193001,1229240813243553414675171427251362,185285051502802043,2028108461203107751002384439903636,757473981037351266339574786997642932460958
2025-09-26,1758844800,141623011,0xc1738d90e2e26c35784a0d3e3d8a9f795074bca4,ETH/USDC,eth,3000,False,6,18,3865.428016,193721,1274326717908243179716562892015166,83262939967080380,2033743923160080679571674195659923,759480130693913181935664510996472313267480
2025-09-27,1758931200,141666211,0xc1738d90e2e26c35784a0d3e3d8a9f795074bca4,ETH/USDC,eth,3000,False,6,18,4028.553965,193308,1248259818868329112243006722726497,162036872096384769,2037738745864366915289289585421132,760154409229675500693405876639435003120669
2025-09-28,1759017600,141709411,0xc1738d90e2e26c35784a0d3e3d8a9f795074bca4,ETH/USDC,eth,3000,False,6,18,4023.604213,193320,1249027374087450078262074806099450,163880207948282217,2038505862933598269610192080785440,760355989674184932674017298946498120267151
2025-09-29,1759104000,141752611,0xc1738d90e2e26c35784a0d3e3d8a9f795074bca4,ETH/USDC,eth,3000,False,6,18,4134.337374,193049,1232187012738417842723634131196142,160968075708934717,2040030429745430037825897633333349,760514959557984188387584397136818318501261
2025-09-30,1759190400,141795811,0xc1738d90e2e26c35784a0d3e3d8a9f795074bca4,ETH/USDC,eth,3000,False,6,18,4227.130559,192827,1218587595404887322126824650580132,227627828380182925,2041982859789436259834043498832214,760809615162973435258779683232410923043151
2025-10-01,1759276800,141839011,0xc1738d90e2e26c35784a0d3e3d8a9f795074bca4,ETH/USDC,eth,3000,False,6,18,4135.495804,193046,1232014421344719005592456809146164,184314087363984021,2043319475631104137642803971807230,761304122052864380474674028383442050110236
2025-10-02,1759363200,141882211,0xc1738d90e2e26c35784a0d3e3d8a9f795074bca4,ETH/USDC,eth,3000,False,6,18,4342.370054,192558,1202309194263889490639504676533886,255168098766021344,2046153957235804033968725807902513,761586893086309728901666652224227246800922
2025-10-03,1759449600,141925411,0xc1738d90e2e26c35784a0d3e3d8a9f795074bca4,ETH/USDC,eth,3000,False,6,18,4476.137694,192254,1184207656959809857252895371120757,272089228344797298,2049259833500772709771524762039351,762057134383397575707503516420363021232166
2025-10-04,1759536000,141968611,0xc1738d90e2e26c35784a0d3e3d8a9f795074bca4,ETH/USDC,eth,3000,False,6,18,4524.812729,192146,1177820961136153057009810316327502,273961624649994385,2052387315123871572073499519748874,762668786172389440413860059337490283265358
2025-10-05,1759622400,142011811,0xc1738d90e2e26c35784a0d3e3d8a9f795074bca4,ETH/USDC,eth,3000,False,6,18,4484.003556,192237,1183168529479101943294716338580171,276605220633853864,2052863975900415316321024895862170,762849700201228364968797855880956771614665
2025-10-06,1759708800,142055011,0xc1738d90e2e26c35784a0d3e3d8a9f795074bca4,ETH/USDC,eth,3000,False,6,18,4511.567077,192175,1179548694733007835237967221690354,284857434240158458,2054437357172851766643381642521702,763149585041105614363161289015014804925685
2025-10-07,1759795200,142098211,0xc1738d90e2e26c35784a0d3e3d8a9f795074bca4,ETH/USDC,eth,3000,False,6,18,4696.051678,191775,1156147248578414135582812837540607,269139075132265389,2057197624455100363683034140284336,763445916990749272958760710281985878164786
2025-10-08,1759881600,142141411,0xc1738d90e2e26c35784a0d3e3d8a9f795074bca4,ETH/USDC,eth,3000,False,6,18,4450.683062,192311,1187589227052033927492959411760036,275964204697938600,2059368034159091603443979344896930,764323773491772653045679699195707121948911
2025-10-09,1759968000,142184611,0xc1738d90e2e26c35784a0d3e3d8a9f795074bca4,ETH/USDC,eth,3000,False,6,18,4526.113306,192143,1177651725766121031031722814098833,285013597403015922,2061668502014634789649227945843904,764708832094508895841568024162437609342657
2025-10-10,1760054400,142227811,0xc1738d90e2e26c35784a0d3e3d8a9f795074bca4,ETH/USDC,eth,3000,False,6,18,4373.023991,192487,1198087822001546253899348982085452,271844854315444659,2063824975842592394952884630510441,765469136820546632277450455019196904838634
2025-10-11,1760140800,142271011,0xc1738d90e2e26c35784a0d3e3d8a9f795074bca4,ETH/USDC,eth,3000,False,6,18,3835.425673,193799,1279301173523591987223808301796088,70734957036291151,2086989937069989076865842813557134,772811991611080690473985176898755249687609
2025-10-12,1760227200,142314211,0xc1738d90e2e26c35784a0d3e3d8a9f795074bca4,ETH/USDC,eth,3000,False,6,18,3748.547079,194028,1294041185695928869772957033310928,80378697360095996,2094245469330696928688706045721359,774913070838516943330516894213590819244323
2025-10-13,1760313600,142357411,0xc1738d90e2e26c35784a0d3e3d8a9f795074bca4,ETH/USDC,eth,3000,False,6,18,4152.79214,193004,1229446080615652340820577343462139,151365829859321621,2104063316345917741558078404460513,776560376975257157840698335194969112242114
2025-10-14,1760400000,142400611,0xc1738d90e2e26c35784a0d3e3d8a9f795074bca4,ETH/USDC,eth,3000,False,6,18,4252.578758,192767,1214936000233311553595314896932753,225481840612039174,2110184257314275829407946885407742,777846626336864809261608655991941872727151
2025-10-15,1760486400,142443811,0xc1738d90e2e26c35784a0d3e3d8a9f795074bca4,ETH/USDC,eth,3000,False,6,18,4133.031388,193052,1232381675181243100213234184798856,153747214292751598,2117866867003884857684923000830872,779975186694636270963673459573794047867522
2025-10-16,1760572800,142487011,0xc1738d90e2e26c35784a0d3e3d8a9f795074bca4,ETH/USDC,eth,3000,False,6,18,3983.397777,193420,1255315078350005342807938949428523,94767063964526194,2122547762978444204103967901883380,781428817081991360416468771558555195435226
2025-10-17,1760659200,142530211,0xc1738d90e2e26c35784a0d3e3d8a9f795074bca4,ETH/USDC,eth,3000,False,6,18,3887.356686,193665,1270727381218429337684876727110443,89934212899645747,2126828229906466407848593597985521,782707129486396041609817726456289601218696
2025-10-18,1760745600,142573411,0xc1738d90e2e26c35784a0d3e3d8a9f795074bca4,ETH/USDC,eth,3000,False,6,18,3841.83689,193782,1278233285649100447129631201781068,93167453814788395,2136483467216540159113268235693205,785355906221743714607659771185119960477153
2025-10-19,1760832000,142616611,0xc1738d90e2e26c35784a0d3e3d8a9f795074bca4,ETH/USDC,eth,3000,False,6,18,3886.382402,193667,1270886651736955625106831151409819,106644268984989821,2137835279087699888583121755262225,785609867531558555376876102343877476394451
2025-10-20,1760918400,142659811,0xc1738d90e2e26c35784a0d3e3d8a9f795074bca4,ETH/USDC,eth,3000,False,6,18,3985.192514,193416,1255032380079196520776061416757497,130622472739705169,2140859443418870171008725875732890,786174127872185711553402649462795488880745
2025-10-21,1761004800,142703011,0xc1738d90e2e26c35784a0d3e3d8a9f795074bca4,ETH/USDC,eth,3000,False,6,18,3983.985228,193419,1255222524888515442547054074939496,146259206066797327,2143141903842314547692986842131611,786748553528437739303392018653809291011608
2025-10-22,1761091200,142746211,0xc1738d90e2e26c35784a0d3e3d8a9f795074bca4,ETH/USDC,eth,3000,False,6,18,3872.082033,193704,1273231307439354124668706065138640,103826890309346557,2147096349834548735806426609880430,787980091070754251713840611598394383792257
2025-10-23,1761177600,142789411,0xc1738d90e2e26c35784a0d3e3d8a9f795074bca4,ETH/USDC,eth,3000,False,6,18,3806.165954,193876,1284209042658355200419388238052480,92315194261548857,2151051640857925959578889443765369,789158198019609324711129722195996118272628
2025-10-24,1761264000,142832611,0xc1738d90e2e26c35784a0d3e3d8a9f795074bca4,ETH/USDC,eth,3000,False,6,18,3849.887398,193761,1276896127990610499958457594866662,99684506314543052,2153248063914031604271680481110856,789631882002032535537590783026079329915238
2025-10-25,1761350400,142875811,0xc1738d90e2e26c35784a0d3e3d8a9f795074bca4,ETH/USDC,eth,3000,False,6,18,3934.540317,193544,1263085017935290578031649674932377,144311614832839382,2155915957579386026412837818107739,790132167540231492138671310517348623567003
2025-10-26,1761436800,142919011,0xc1738d90e2e26c35784a0d3e3d8a9f795074bca4,ETH/USDC,eth,3000,False,6,18,3953.986149,193495,1259975243337992649922178653922638,144436381910578625,2156365421681297725055655935053862,790205971218070756630209668262171795214095
2025-10-27,1761523200,142962211,0xc1738d90e2e26c35784a0d3e3d8a9f795074bca4,ETH/USDC,eth,3000,False,6,18,4166.876169,192970,1227366559941330217433488282744731,175055150874548890,2158856955316068651016479343726805,790398594331645661609757975455844963775303
2025-10-28,1761609600,143005411,0xc1738d90e2e26c35784a0d3e3d8a9f795074bca4,ETH/USDC,eth,3000,False,6,18,4116.431658,193092,1234863997595818549238616212885074,163933734190140195,2160969932269973651358888180128933,791001212691004521266474638161347979820861
2025-10-29,1761696000,143048611,0xc1738d90e2e26c35784a0d3e3d8a9f795074bca4,ETH/USDC,eth,3000,False,6,18,3988.626651,193407,1254491983276783384424551392466219,150389379589455214,2163013164844085887558491531767287,791755028163848912790427982891191229875347
2025-10-30,1761782400,143091811,0xc1738d90e2e26c35784a0d3e3d8a9f795074bca4,ETH/USDC,eth,3000,False,6,18,3894.150219,193647,1269618474851016849307311116028851,115810098271811477,2165980753461348783200704515457018,792703116569318173856628738717832953988239
2025-10-31,1761868800,143135011,0xc1738d90e2e26c35784a0d3e3d8a9f795074bca4,ETH/USDC,eth,3000,False,6,18,3795.84677,193903,1285953448520281548856260131958023,101302034759384322,2169391762047882912651023136411015,793806828940656979766109291280375794213855
2025-11-01,1761955200,143178211,0xc1738d90e2e26c35784a0d3e3d8a9f795074bca4,ETH/USDC,eth,3000,False,6,18,3853.848509,193751,1276239741628633586550547070655286,109277401597059245,2171955219956919392649828470773720,794348002740414595145455432326154434529062
2025-11-02,1762041600,143221411,0xc1738d90e2e26c35784a0d3e3d8a9f795074bca4,ETH/USDC,eth,3000,False,6,18,3874.849106,193697,1272776611996453600387184505547617,122022716564158802,2172475836690377455208757418230372,794437799306869059978279946372954336302473
2025-11-03,1762128000,143264611,0xc1738d90e2e26c35784a0d3e3d8a9f795074bca4,ETH/USDC,eth,3000,False,6,18,3904.486704,193621,1267936808333863071201361647790620,122658381282273106,2173438637051034144747486074840370,794623502443983868999772850758054595900337
2025-11-04,1762214400,143307811,0xc1738d90e2e26c35784a0d3e3d8a9f795074bca4,ETH/USDC,eth,3000,False,6,18,3595.511749,194445,1321293284405761001357574649608750,102448281652600294,2178550276704434523249618478855808,796719922521205904703524669792719254621707
2025-11-05,1762300800,143351011,0xc1738d90e2e26c35784a0d3e3d8a9f795074bca4,ETH/USDC,eth,3000,False,6,18,3291.560381,195328,1380952277433426652775035309674588,28747472249803854,2197707662426076667854421076183597,803409575000150446284610591095384808165343
2025-11-06,1762387200,143394211,0xc1738d90e2e26c35784a0d3e3d8a9f795074bca4,ETH/USDC,eth,3000,False,6,18,3426.292477,194927,1353528383553102807832853870626900,98765681333264815,2203485608301999725372932186005814,804797120659803966619814264219415400423301
2025-11-07,1762473600,143437411,0xc1738d90e2e26c35784a0d3e3d8a9f795074bca4,ETH/USDC,eth,3000,False,6,18,3304.191521,195290,1378310223583011408236587692152555,55954233488384912,2207216637291046972626983555154651,806232518050435183916944347893431433594086
2025-11-08,1762560000,143480611,0xc1738d90e2e26c35784a0d3e3d8a9f795074bca4,ETH/USDC,eth,3000,False,6,18,3434.658132,194903,1351879011985430862902381505520867,104172213030562861,2212493292990676956679906979699884,807482799225561742597991708909543296628418
2025-11-09,1762646400,143523811,0xc1738d90e2e26c35784a0d3e3d8a9f795074bca4,ETH/USDC,eth,3000,False,6,18,3404.177661,194992,1357917780685769667140762256344680,107183018793534688,2214138677139116817962999325226575,808042233415292290272906009071963077580269
2025-11-10,1762732800,143567011,0xc1738d90e2e26c35784a0d3e3d8a9f795074bca4,ETH/USDC,eth,3000,False,6,18,3576.700489,194497,1324763325494570415747141546798655,96505778017538277,2217473749394994696936759697399865,808569036648386775597559688205947703879662
2025-11-11,1762819200,143610211,0xc1738d90e2e26c35784a0d3e3d8a9f795074bca4,ETH/USDC,eth,3000,False,6,18,3570.348028,194515,1325941329375457572784217596632118,109298163123660771,2220101750676613041421493372656429,809317994467747360753601632855811524746924
2025-11-12,1762905600,143653411,0xc1738d90e2e26c35784a0d3e3d8a9f795074bca4,ETH/USDC,eth,3000,False,6,18,3418.974429,194948,1354976170310947195938214206914030,108872017912780548,2222866029615070664048587272211194,810471537909467953513495665112452606543184
2025-11-13,1762992000,143696611,0xc1738d90e2e26c35784a0d3e3d8a9f795074bca4,ETH/USDC,eth,3000,False,6,18,3411.828962,194969,1356394305990189985801585136262758,114802787187586654,2227115125961968489171893459578357,811719500809669459220682821469502846011919
2025-11-14,1763078400,143739811,0xc1738d90e2e26c35784a0d3e3d8a9f795074bca4,ETH/USDC,eth,3000,False,6,18,3236.285233,195498,1392695550197404290162088084390958,93378766905285002,2233411902967328641309689709569629,814065918702316895732516897960889181082887
2025-11-15,1763164800,143783011,0xc1738d90e2e26c35784a0d3e3d8a9f795074bca4,ETH/USDC,eth,3000,False,6,18,3109.723937,195897,1420753273784777795740821079103738,98729424745901750,2244158289451448533976324764542497,817829095371132936465534116939370075208050
2025-11-16,1763251200,143826211,0xc1738d90e2e26c35784a0d3e3d8a9f795074bca4,ETH/USDC,eth,3000,False,6,18,3166.258044,195716,1408012241577707324292417185167481,104852635056031470,2246419081438599755539015641691857,818378705500821534034693444531278322719196
2025-11-17,1763337600,143869411,0xc1738d90e2e26c35784a0d3e3d8a9f795074bca4,ETH/USDC,eth,3000,False,6,18,3096.302298,195940,1423829235930901447354324034789223,102938339681349601,2251447930346722210146555304533431,820207448177695805407267883308014709039365
2025-11-18,1763424000,143912611,0xc1738d90e2e26c35784a0d3e3d8a9f795074bca4,ETH/USDC,eth,3000,False,6,18,3019.913942,196190,1441724571295100162789155489219308,114359014381870195,2263654443640308017904340856432255,824472877941808290039290655581504692679147
2025-11-19,1763510400,143955811,0xc1738d90e2e26c35784a0d3e3d8a9f795074bca4,ETH/USDC,eth,3000,False,6,18,3116.538262,195875,1419199181946007300810251760517435,129678992497122031,2270506532147603636196331788110210,826435519052912445346709114736145312931762
2025-11-20,1763596800,143999011,0xc1738d90e2e26c35784a0d3e3d8a9f795074bca4,ETH/USDC,eth,3000,False,6,18,3016.379466,196201,1442569002275434617428994510313098,111062052136207404,2276093843047769614516745890637853,828605887524280374566029191852672147224255
2025-11-21,1763683200,144042211,0xc1738d90e2e26c35784a0d3e3d8a9f795074bca4,ETH/USDC,eth,3000,False,6,18,2832.836575,196829,1488568495688392199163665140923333,101863399010433215,2282869925544055745475574178024282,831540321084599713306225863114804320487488
2025-11-22,1763769600,144085411,0xc1738d90e2e26c35784a0d3e3d8a9f795074bca4,ETH/USDC,eth,3000,False,6,18,2761.281547,197085,1507732298801933591863589074340070,100818979852509301,2297470464861690648252980469787850,837152286941832891829555846023395787628716
2025-11-23,1763856000,144128611,0xc1738d90e2e26c35784a0d3e3d8a9f795074bca4,ETH/USDC,eth,3000,False,6,18,2774.777323,197036,1504061226004867619613700258022153,102755956991160041,2299906947674399040765612419975815,837992873534739542815553551381846038663718
2025-11-24,1763942400,144171811,0xc1738d90e2e26c35784a0d3e3d8a9f795074bca4,ETH/USDC,eth,3000,False,6,18,2803.057579,196935,1496454698823193381711718945104801,103642534845386466,2302122283230223056700081048305852,838681596040177357144244081849071035451405
2025-11-25,1764028800,144215011,0xc1738d90e2e26c35784a0d3e3d8a9f795074bca4,ETH/USDC,eth,3000,False,6,18,2960.775793,196387,1456051791518936918869186470589712,108121332194099221,2308073831934345181376196281724062,840246966635321551341054950175114483844798
2025-11-26,1764115200,144258211,0xc1738d90e2e26c35784a0d3e3d8a9f795074bca4,ETH/USDC,eth,3000,False,6,18,2962.020145,196383,1455745913936428081791996029297604,110822812256684562,2311196716222825268541448845666985,841315303200282852691647240943005185614959
2025-11-27,1764201600,144301411,0xc1738d90e2e26c35784a0d3e3d8a9f795074bca4,ETH/USDC,eth,3000,False,6,18,3024.468307,196175,1440638659046814072182456475409964,135392494231201676,2313489191389566504394099827031175,841894106211595865048437951489083376133594
2025-11-28,1764288000,144344611,0xc1738d90e2e26c35784a0d3e3d8a9f795074bca4,ETH/USDC,eth,3000,False,6,18,3014.568652,196207,1443002203907116485138754743731800,136153147122012103,2314475857119783240677396198948512,842250396676208148406990797371786694540063
2025-11-29,1764374400,144387811,0xc1738d90e2e26c35784a0d3e3d8a9f795074bca4,ETH/USDC,eth,3000,False,6,18,3037.719824,196131,1437492958779222464411483743025977,109738596030262715,2316500901042924026077551795549992,842843855178838381733375854059211326425951
2025-11-30,1764460800,144431011,0xc1738d90e2e26c35784a0d3e3d8a9f795074bca4,ETH/USDC,eth,3000,False,6,18,2992.322071,196281,1448356310251652445623335154255603,117457394947768911,2316981269937144451986500304939297,843144058496443781583279821149264910200650
2025-12-01,1764547200,144474211,0xc1738d90e2e26c35784a0d3e3d8a9f795074bca4,ETH/USDC,eth,3000,False,6,18,2999.415351,196258,1446642696601595335460068936536876,111766779189830550,2317753994933905938212027151337362,843378310146347726199748429206481697819822
2025-12-02,1764633600,144517411,0xc1738d90e2e26c35784a0d3e3d8a9f795074bca4,ETH/USDC,eth,3000,False,6,18,2806.971617,196921,1495411007460606606967371759308595,113206518697851770,2320931462825390779222520765595859,845144324064680947965000562718182958665441
2025-12-03,1764720000,144560611,0xc1738d90e2e26c35784a0d3e3d8a9f795074bca4,ETH/USDC,eth,3000,False,6,18,3003.014125,196246,1445775617665675862103628525056549,110139874570458909,2324394799485943286402295585912844,845694560784901930078170246361608445069573
2025-12-04,1764806400,144603811,0xc1738d90e2e26c35784a0d3e3d8a9f795074bca4,ETH/USDC,eth,3000,False,6,18,3190.00501,195642,1402761704760817278003366554071897,110658487134402157,2328553087905638902404897330884009,846482399314869138115834241549484398965630
2025-12-05,1764892800,144647011,0xc1738d90e2e26c35784a0d3e3d8a9f795074bca4,ETH/USDC,eth,3000,False,6,18,3140.383304,195798,1413800900255921336707684135816723,113892180559627839,2331620849450172618735885385769390,847592149663454473196786093470304678258859
2025-12-06,1764979200,144690211,0xc1738d90e2e26c35784a0d3e3d8a9f795074bca4,ETH/USDC,eth,3000,False,6,18,3017.532045,196198,1442293473505439717785021806896908,116171479028409114,2334431881262783322723700744086894,848870725332580207277544582653011229384612
2025-12-07,1765065600,144733411,0xc1738d90e2e26c35784a0d3e3d8a9f795074bca4,ETH/USDC,eth,3000,False,6,18,3037.354651,196132,1437579369053446557828087704851911,110689355074887892,2335271758663407379456221278181762,849086118614242269524383552952631679971778
2025-12-08,1765152000,144776611,0xc1738d90e2e26c35784a0d3e3d8a9f795074bca4,ETH/USDC,eth,3000,False,6,18,3056.554053,196069,1433057259681699790583051681656810,110783141600905643,2338623764327986470833239647470394,850132481050730469872816836732035004818720
2025-12-09,1765238400,144819811,0xc1738d90e2e26c35784a0d3e3d8a9f795074bca4,ETH/USDC,eth,3000,False,6,18,3123.409491,195853,1417637265300538362173883055725177,116836331040915204,2342343179142025401114648221633600,851122409744032744271205361632397799212441
2025-12-10,1765324800,144863011,0xc1738d90e2e26c35784a0d3e3d8a9f795074bca4,ETH/USDC,eth,3000,False,6,18,3327.893329,195219,1373393175989777449847851450462310,78583877869030913,2346882690526826029832449650480011,851955619555143715563469071070520447049316
2025-12-11,1765411200,144906211,0xc1738d90e2e26c35784a0d3e3d8a9f795074bca4,ETH/USDC,eth,3000,False,6,18,3331.58292,195207,1372632477149420808032453648901886,124231653900921243,2351403240877430923338821779989374,853289698879899020473750816905598816024128
2025-12-12,1765497600,144949411,0xc1738d90e2e26c35784a0d3e3d8a9f795074bca4,ETH/USDC,eth,3000,False,6,18,3234.681186,195503,1393040819406455498188077816697676,139467404939604331,2354389483100268730837856161143566,854485532909655320910779957622794992770419
2025-12-13,1765584000,144992611,0xc1738d90e2e26c35784a0d3e3d8a9f795074bca4,ETH/USDC,eth,3000,False,6,18,3089.987035,195960,1425283492145554862399699498371618,130451273407679167,2356439482557709269242445853479155,855554350538050422640431522589152067619787
2025-12-14,1765670400,145035811,0xc1738d90e2e26c35784a0d3e3d8a9f795074bca4,ETH/USDC,eth,3000,False,6,18,3111.806628,195890,1420277748387627037225701281908552,132305889159833647,2357123768138840379238790316037325,855709882288503435542959632003363035998039
2025-12-15,1765756800,145079011,0xc1738d90e2e26c35784a0d3e3d8a9f795074bca4,ETH/USDC,eth,3000,False,6,18,3060.64726,196056,1432098677710801935238350665077216,139237651875004780,2359376781893941140250119578264465,856597100247023809347149919606744802205387
2025-12-16,1765843200,145122211,0xc1738d90e2e26c35784a0d3e3d8a9f795074bca4,ETH/USDC,eth,3000,False,6,18,2960.500625,196388,1456119457401316100369460968570290,128391904296186837,2364098984436767744791246624394515,858483912195683177383722225353324994420204
2025-12-17,1765929600,145165411,0xc1738d90e2e26c35784a0d3e3d8a9f795074bca4,ETH/USDC,eth,3000,False,6,18,2957.004711,196400,1456979950686676021958846820723179,129324908729289220,2367490304453402603348527490189868,859649923377166600937646589051926628345838
2025-12-18,1766016000,145208611,0xc1738d90e2e26c35784a0d3e3d8a9f795074bca4,ETH/USDC,eth,3000,False,6,18,2826.796115,196851,1490158076040473848863093307020743,127380258642388962,2370790794090197120282897140198119,861212863283570353754762572837249223206205
2025-12-19,1766102400,145251811,0xc1738d90e2e26c35784a0d3e3d8a9f795074bca4,ETH/USDC,eth,3000,False,6,18,2824.943533,196857,1490646614738311914478944001914355,131429863138657115,2375182048897748765425241007175518,862738305366266658640087227083938513017516
2025-12-20,1766188800,145295011,0xc1738d90e2e26c35784a0d3e3d8a9f795074bca4,ETH/USDC,eth,3000,False,6,18,2982.786676,196313,1450669521160565952282765406787440,134689145430129977,2379568024097292934997146731960945,863716945007077242173498059994501025064692
2025-12-21,1766275200,145338211,0xc1738d90e2e26c35784a0d3e3d8a9f795074bca4,ETH/USDC,eth,3000,False,6,18,2976.278381,196335,1452254760776054625362108664409132,135151163777111185,2379677666701459484913865279244980,863774226332785043144531014126417460433158
2025-12-22,1766361600,145381411,0xc1738d90e2e26c35784a0d3e3d8a9f795074bca4,ETH/USDC,eth,3000,False,6,18,3000.411023,196254,1446402645780578567095612527067208,138512464769687457,2380642619632887606390339768601031,864022476272812484527568728207278777641032
2025-12-23,1766448000,145424611,0xc1738d90e2e26c35784a0d3e3d8a9f795074bca4,ETH/USDC,eth,3000,False,6,18,3005.784067,196237,1445109295998394443630670760475877,137214419590386256,2382940486651986790567145381274709,864765205114343590217395082807151150679087
2025-12-24,1766534400,145467811,0xc1738d90e2e26c35784a0d3e3d8a9f795074bca4,ETH/USDC,eth,3000,False,6,18,2963.448159,196378,1455395127340757934848946990118433,135883983899262869,2384543583875973391617207439848085,865440824168266764021820925410722260148910
2025-12-25,1766620800,145511011,0xc1738d90e2e26c35784a0d3e3d8a9f795074bca4,ETH/USDC,eth,3000,False,6,18,2952.552824,196415,1458077960894342906861908189912931,136814173480464747,2385716626569705506454753645280775,865875998134405723636941194773744270057758
2025-12-26,1766707200,145554211,0xc1738d90e2e26c35784a0d3e3d8a9f795074bca4,ETH/USDC,eth,3000,False,6,18,2898.560687,196600,1471595275833298659906439490274563,135169324592123051,2386295428604429195179414541594673,866247582287509208939087613844834450071597
2025-12-27,1766793600,145597411,0xc1738d90e2e26c35784a0d3e3d8a9f795074bca4,ETH/USDC,eth,3000,False,6,18,2927.875135,196499,1464209795726350582518636159317553,146889970146059191,2387793689606299620401883409080741,866661329631576000612479082514447579439125
2025-12-28,1766880000,145640611,0xc1738d90e2e26c35784a0d3e3d8a9f795074bca4,ETH/USDC,eth,3000,False,6,18,2953.522061,196412,1457838697634945196413462231184705,142040872511062793,2388163725548693145959344003296293,866704930802456699333010876952272312861962
2025-12-29,1766966400,145683811,0xc1738d90e2e26c35784a0d3e3d8a9f795074bca4,ETH/USDC,eth,3000,False,6,18,2946.194984,196437,1459650367118925839457991796542596,142471641324717274,2388422685317849975540448609051790,866816374967143744478619120666964058216450
2025-12-30,1767052800,145727011,0xc1738d90e2e26c35784a0d3e3d8a9f795074bca4,ETH/USDC,eth,3000,False,6,18,2933.080624,196481,1462909914568487024348017900615641,143353737883898353,2390171244793945941507091466243478,867447469190160332396738518251969220130902
2025-12-31,1767139200,145770211,0xc1738d90e2e26c35784a0d3e3d8a9f795074bca4,ETH/USDC,eth,3000,False,6,18,2964.130806,196376,1455227527148828923838840618124015,144586583740507488,2391426059776924449910481977325565,867771332599149809259185268353451653758133
2026-01-01,1767225600,145813411,0xc1738d90e2e26c35784a0d3e3d8a9f795074bca4,ETH/USDC,eth,3000,False,6,18,2972.219323,196349,1453246069751385933637981622399367,144762693733061926,2392526477810405453975057263808970,868114774455523264408709167777165112941602
2026-01-02,1767312000,145856611,0xc1738d90e2e26c35784a0d3e3d8a9f795074bca4,ETH/USDC,eth,3000,False,6,18,2997.899741,196263,1447008330746274807886550875795131,145474827740492002,2392819229222947195966621297057711,868132246053477625594246444311083010737429
2026-01-03,1767398400,145899811,0xc1738d90e2e26c35784a0d3e3d8a9f795074bca4,ETH/USDC,eth,3000,False,6,18,3128.929638,195835,1416386194997495605223242564343609,147113683092625546,2395357423821512004260747547197256,868561822940891281589043455705227276501871
2026-01-04,1767484800,145943011,0xc1738d90e2e26c35784a0d3e3d8a9f795074bca4,ETH/USDC,eth,3000,False,6,18,3123.757765,195852,1417558235477270739025284662502984,153926840599184358,2395788409683206724562086894013477,868715715026398201971623034482128848394615
2026-01-05,1767571200,145986211,0xc1738d90e2e26c35784a0d3e3d8a9f795074bca4,ETH/USDC,eth,3000,False,6,18,3142.942327,195790,1413225215882021382810386815928506,153946013677019685,2396357316787210425667481176634967,868840964861347939965510850448889908075493
2026-01-06,1767657600,146029411,0xc1738d90e2e26c35784a0d3e3d8a9f795074bca4,ETH/USDC,eth,3000,False,6,18,3235.138444,195501,1392942368922969415586819069648107,154537211643823366,2398896381299241687813824284142771,869376034421978027904666281753963021665409
2026-01-07,1767744000,146072611,0xc1738d90e2e26c35784a0d3e3d8a9f795074bca4,ETH/USDC,eth,3000,False,6,18,3290.467236,195332,1381181645375432110525161057949807,159757427316551811,2401305348554502099066380278290064,869965303982383587283653897446479351905399
2026-01-08,1767830400,146115811,0xc1738d90e2e26c35784a0d3e3d8a9f795074bca4,ETH/USDC,eth,3000,False,6,18,3169.436973,195706,1407305949867043614434779626274238,159666600834454509,2402638152425486924780978810395217,870722116776992994127537971854804730113520
2026-01-09,1767916800,146159011,0xc1738d90e2e26c35784a0d3e3d8a9f795074bca4,ETH/USDC,eth,3000,False,6,18,3113.033008,195886,1419997961629653235399901109663976,154415010955928969,2404149411662128732190165340622042,871372487434454832152269544444236433732945
2026-01-10,1768003200,146202211,0xc1738d90e2e26c35784a0d3e3d8a9f795074bca4,ETH/USDC,eth,3000,False,6,18,3080.534493,195991,1427468540512464164364342591253686,153309272046507662,2406126960748889912630633608274318,872106802147082596823622238319396032003243
2026-01-11,1768089600,146245411,0xc1738d90e2e26c35784a0d3e3d8a9f795074bca4,ETH/USDC,eth,3000,False,6,18,3084.460294,195978,1426559833479802825729658536502418,164404641071992802,2406506594830431824826776857437891,872218602983240192352361071074056941045039
2026-01-12,1768176000,146288611,0xc1738d90e2e26c35784a0d3e3d8a9f795074bca4,ETH/USDC,eth,3000,False,6,18,3112.554617,195888,1420107082125276564297158321732029,162609606619429817,2407193561306350330395135186326983,872356161852488491861888266552763239637998
2026-01-13,1768262400,146331811,0xc1738d90e2e26c35784a0d3e3d8a9f795074bca4,ETH/USDC,eth,3000,False,6,18,3095.220713,195943,1424077983498794249488390912994233,159508254171414782,2408755346908098742365324950276431,872909049834422990235140062049210513617260
2026-01-14,1768348800,146375011,0xc1738d90e2e26c35784a0d3e3d8a9f795074bca4,ETH/USDC,eth,3000,False,6,18,3323.987753,195230,1374199784872700151551496737783855,145406603994083359,2412180691049139925317350172013041,873324907068830232446005174918266130066181
2026-01-15,1768435200,146418211,0xc1738d90e2e26c35784a0d3e3d8a9f795074bca4,ETH/USDC,eth,3000,False,6,18,3360.091447,195122,1366797057546006316270066328972022,150096752892830578,2414644985035418190338370850771495,873965196195698980457688276627436576043822
2026-01-16,1768521600,146461411,0xc1738d90e2e26c35784a0d3e3d8a9f795074bca4,ETH/USDC,eth,3000,False,6,18,3312.464923,195265,1376587874161082181333312383315633,151778470802444485,2416465708133794091349929006407108,874639713606971322677907524170852745192431
2026-01-17,1768608000,146504611,0xc1738d90e2e26c35784a0d3e3d8a9f795074bca4,ETH/USDC,eth,3000,False,6,18,3289.254517,195335,1381436236720240279458690124368272,169559140753583166,2417112049153379526221427535516092,874898903748468073729027727261298908696286
2026-01-18,1768694400,146547811,0xc1738d90e2e26c35784a0d3e3d8a9f795074bca4,ETH/USDC,eth,3000,False,6,18,3306.688542,195282,1377789715077423804346005728425131,154264485043613566,2417389857794298337987853788746648,874935840674913547562417932662658916794971
2026-01-19,1768780800,146591011,0xc1738d90e2e26c35784a0d3e3d8a9f795074bca4,ETH/USDC,eth,3000,False,6,18,3287.753974,195340,1381751447008244155554607436017213,170311345880902054,2417927093248379084153936498702226,875148276689065247985163844870013509586887
2026-01-20,1768867200,146634211,0xc1738d90e2e26c35784a0d3e3d8a9f795074bca4,ETH/USDC,eth,3000,False,6,18,3185.257791,195657,1403806633870131239757286412212867,171041689204310622,2418924169808956124985977313711769,875743905697989615447716435014973885124096
2026-01-21,1768953600,146677411,0xc1738d90e2e26c35784a0d3e3d8a9f795074bca4,ETH/USDC,eth,3000,False,6,18,2938.753499,196462,1461497255549624268179288085018055,155947756937394603,2420163593834378736506047358324752,876897122249158149720920560524779927839958
2026-01-22,1769040000,146720611,0xc1738d90e2e26c35784a0d3e3d8a9f795074bca4,ETH/USDC,eth,3000,False,6,18,2979.360234,196325,1451503459632784771688680664035550,159078252799098306,2424656623835649164732689413498702,878286510542242882729350793315301547886403
2026-01-23,1769126400,146763811,0xc1738d90e2e26c35784a0d3e3d8a9f795074bca4,ETH/USDC,eth,3000,False,6,18,2947.351254,196433,1459364022578354615097687311803569,150453325900323735,2426602961660214604557278975045842,879044722345650081225234588809898278029433
2026-01-24,1769212800,146807011,0xc1738d90e2e26c35784a0d3e3d8a9f795074bca4,ETH/USDC,eth,3000,False,6,18,2950.579943,196422,1458565345467460054874452664163228,152366965362038599,2428473490339525986794073296263704,879668155636328114512216427191710103754022
2026-01-25,1769299200,146850211,0xc1738d90e2e26c35784a0d3e3d8a9f795074bca4,ETH/USDC,eth,3000,False,6,18,2954.550111,196409,1457585044659222591396339992939767,161004879070722269,2428609938287473191305559699214192,879701740735021366057063820945374435748349
2026-01-26,1769385600,146893411,0xc1738d90e2e26c35784a0d3e3d8a9f795074bca4,ETH/USDC,eth,3000,False,6,18,2810.297205,196909,1494525942198937441144242078344410,146062363502947986,2429544062392757760029694229318137,880509004476221590850445022001595811315474
2026-01-27,1769472000,146936611,0xc1738d90e2e26c35784a0d3e3d8a9f795074bca4,ETH/USDC,eth,3000,False,6,18,2934.509122,196477,1462553804107555110132993738072837,156949356853306936,2433229342433092450938772479242335,881368709617366360202581858232879540920601
2026-01-28,1769558400,146979811,0xc1738d90e2e26c35784a0d3e3d8a9f795074bca4,ETH/USDC,eth,3000,False,6,18,3022.734919,196180,1441051667180947158463231790302823,151586396404526710,2435615123825454036078879165789497,881898386688811719995870888121671392295867
2026-01-29,1769644800,147023011,0xc1738d90e2e26c35784a0d3e3d8a9f795074bca4,ETH/USDC,eth,3000,False,6,18,3013.784641,196210,1443189884327369095834143982326252,161323736435086730,2436989225902439510957964986849775,882382580474484199345761376978586287475449
2026-01-30,1769731200,147066211,0xc1738d90e2e26c35784a0d3e3d8a9f795074bca4,ETH/USDC,eth,3000,False,6,18,2816.866354,196886,1492782250350267731677196839040977,145262699747695984,2439297277962811107074685466976442,883841693153637886037088074431885377464571
2026-01-31,1769817600,147109411,0xc1738d90e2e26c35784a0d3e3d8a9f795074bca4,ETH/USDC,eth,3000,False,6,18,2698.879794,197314,1525063098769335507157268170717325,148538893063495840,2444813629905915256550621473041196,886290248420511347964563065029973358528883
2026-02-01,1769904000,147152611,0xc1738d90e2e26c35784a0d3e3d8a9f795074bca4,ETH/USDC,eth,3000,False,6,18,2446.154082,198297,1601908401052807523711201550627266,110059436398920849,2463797537304042809112564798726343,895298989990009992410692971369838041058567
2026-02-02,1769990400,147195811,0xc1738d90e2e26c35784a0d3e3d8a9f795074bca4,ETH/USDC,eth,3000,False,6,18,2271.480445,199038,1662360008803584561204822869945471,102868905676211929,2471158205604460468299996081305601,899235232446886837553364569910191571634430
2026-02-03,1770076800,147239011,0xc1738d90e2e26c35784a0d3e3d8a9f795074bca4,ETH/USDC,eth,3000,False,6,18,2345.835478,198716,1635802277915825249643312513741677,116805473890114954,2484700342820948916427988503212425,904929608345125822668086631142477004055371
2026-02-04,1770163200,147282211,0xc1738d90e2e26c35784a0d3e3d8a9f795074bca4,ETH/USDC,eth,3000,False,6,18,2224.97413,199245,1679643450586612253883377360419738,114559904200052086,2495530923241029574735992606295712,910396735845971535629016596772066952701576
2026-02-05,1770249600,147325411,0xc1738d90e2e26c35784a0d3e3d8a9f795074bca4,ETH/USDC,eth,3000,False,6,18,2148.48805,199594,1709279612032067107916281868193890,121930285708918819,2504854398284136641101964008072696,915091789854221822895503879345951917743944
2026-02-06,1770336000,147368611,0xc1738d90e2e26c35784a0d3e3d8a9f795074bca4,ETH/USDC,eth,3000,False,6,18,1821.8636,201244,1856186690555425116209815562818755,69550369041662378,2542862383347668894531310867929641,936420434799547786659906208771117934010720
2026-02-07,1770422400,147411811,0xc1738d90e2e26c35784a0d3e3d8a9f795074bca4,ETH/USDC,eth,3000,False,6,18,2065.007385,199991,1743487263515901021990689407485109,111541369689017001,2563873107734768865181207415790042,946240106201494940539359985012841227770853
2026-02-08,1770508800,147455011,0xc1738d90e2e26c35784a0d3e3d8a9f795074bca4,ETH/USDC,eth,3000,False,6,18,2085.393254,199893,1734944560344601107904642402241753,114879981184548860,2577043303462224919773833798980499,952533868238439829031364917424748026445855
2026-02-09,1770595200,147498211,0xc1738d90e2e26c35784a0d3e3d8a9f795074bca4,ETH/USDC,eth,3000,False,6,18,2093.148431,199855,1731727567280983703580642001610055,114812110502540652,2580236627267603794152534116805901,954010584826558866596278815049782460058291
2026-02-10,1770681600,147541411,0xc1738d90e2e26c35784a0d3e3d8a9f795074bca4,ETH/USDC,eth,3000,False,6,18,2107.037136,199789,1726010720063311001437113194169100,116824829946159389,2584222228774209196434041793165979,955856305660647762604505500116194143963032
2026-02-11,1770768000,147584611,0xc1738d90e2e26c35784a0d3e3d8a9f795074bca4,ETH/USDC,eth,3000,False,6,18,2016.586517,200228,1764294800458146853477237136477359,117926378964774570,2586881389617855146115184061313454,957666703905650667242341821343471981186014
2026-02-12,1770854400,147627811,0xc1738d90e2e26c35784a0d3e3d8a9f795074bca4,ETH/USDC,eth,3000,False,6,18,1938.172469,200625,1799630618525916359233704232314216,95592119726230930,2592388443749584659475037110565391,960945331808507065179984434874393645871922
2026-02-13,1770940800,147671011,0xc1738d90e2e26c35784a0d3e3d8a9f795074bca4,ETH/USDC,eth,3000,False,6,18,1944.417841,200593,1796738132821875060764330129423170,96752739071298090,2595563962856653436156450068008598,962535819836218452869971167233974488474017
2026-02-14,1771027200,147714211,0xc1738d90e2e26c35784a0d3e3d8a9f795074bca4,ETH/USDC,eth,3000,False,6,18,2050.369711,200062,1749699609778957698652325506976728,137662451420852356,2598388242419809735345139092898496,963344589238396816329700499736743086601277
2026-02-15,1771113600,147757411,0xc1738d90e2e26c35784a0d3e3d8a9f795074bca4,ETH/USDC,eth,3000,False,6,18,2087.858986,199881,1733919785238453002270141874675351,139320705557746725,2599571622098577651954152874164630,963710415151999684163349220370654884054320
2026-02-16,1771200000,147800611,0xc1738d90e2e26c35784a0d3e3d8a9f795074bca4,ETH/USDC,eth,3000,False,6,18,1961.406337,200506,1788940090110834936816777309591065,111910541678533982,2601694833267302507183718107283291,965475916962231386554512447157130937087340
2026-02-17,1771286400,147843811,0xc1738d90e2e26c35784a0d3e3d8a9f795074bca4,ETH/USDC,eth,3000,False,6,18,1995.744271,200332,1773483442143185952972390270853102,132174221232054209,2604366834875708177763371918703248,966628817572734223485020211980190516803174
2026-02-18,1771372800,147887011,0xc1738d90e2e26c35784a0d3e3d8a9f795074bca4,ETH/USDC,eth,3000,False,6,18,1994.801555,200337,1773902454886708759891606997862801,133949556678437724,2606803029981068897011775167465825,967864880840802808156850570843543684741976
2026-02-19,1771459200,147930211,0xc1738d90e2e26c35784a0d3e3d8a9f795074bca4,ETH/USDC,eth,3000,False,6,18,1950.809855,200560,1793792125772407058025615201731236,115189795657351461,2608862697317002170973233260845470,969162256995906942206830378564938877638323
2026-02-20,1771545600,147973411,0xc1738d90e2e26c35784a0d3e3d8a9f795074bca4,ETH/USDC,eth,3000,False,6,18,1945.679585,200586,1796155459363393595642152528457477,114998781141166061,2610935388209052365131446135496595,970261017816618000613873754152903861903118
2026-02-21,1771632000,148016611,0xc1738d90e2e26c35784a0d3e3d8a9f795074bca4,ETH/USDC,eth,3000,False,6,18,1972.136943,200451,1784066545377633399600370097341744,121741213805201915,2613091375469762686192453737432825,971207587575635554288582165253834765600041
2026-02-22,1771718400,148059811,0xc1738d90e2e26c35784a0d3e3d8a9f795074bca4,ETH/USDC,eth,3000,False,6,18,1976.107164,200431,1782273449450165607361385789312707,124203835904731709,2613687611221863694436022182199683,971485896988069781032620762416292760755957
2026-02-23,1771804800,148103011,0xc1738d90e2e26c35784a0d3e3d8a9f795074bca4,ETH/USDC,eth,3000,False,6,18,1954.724386,200540,1791995101721849154438210126483004,120753382684187611,2614003337830096267275683985798884,971772937533654626362492495246769425913384
2026-02-24,1771891200,148146211,0xc1738d90e2e26c35784a0d3e3d8a9f795074bca4,ETH/USDC,eth,3000,False,6,18,1855.683253,201060,1839194500182237016644524848329681,115546202458726752,2616627669330831244400329370404798,973777007160127597791535990156086100238111
2026-02-25,1771977600,148189411,0xc1738d90e2e26c35784a0d3e3d8a9f795074bca4,ETH/USDC,eth,3000,False,6,18,1855.682416,201060,1839194915082496467007149876616358,115837426720832108,2618957799737048875747905353488661,975046393285721757284999502861574759760101
2026-02-26,1772064000,148232611,0xc1738d90e2e26c35784a0d3e3d8a9f795074bca4,ETH/USDC,eth,3000,False,6,18,2051.909132,200054,1749043140576478760487830785293465,139226865303450683,2624359339581252123667218291220456,976601623099554806991818138034275674575342
2026-02-27,1772150400,148275811,0xc1738d90e2e26c35784a0d3e3d8a9f795074bca4,ETH/USDC,eth,3000,False,6,18,2030.606418,200159,1758193647268871979653570725606114,171987417337502652,2626987865445043072780787945327262,978009710607514082920760977948459569986699
2026-02-28,1772236800,148319011,0xc1738d90e2e26c35784a0d3e3d8a9f795074bca4,ETH/USDC,eth,3000,False,6,18,1927.340392,200681,1804680693073873619041545134601902,138675241593947165,2629059966789448602244555336329345,979663821894518689332086725810031998051111
2026-03-01,1772323200,148362211,0xc1738d90e2e26c35784a0d3e3d8a9f795074bca4,ETH/USDC,eth,3000,False,6,18,1962.821498,200498,1788295075887872545608824165076935,138721020092634588,2633002402089224286308812314971804,981524392345514456276361534813653507302792
2026-03-02,1772409600,148405411,0xc1738d90e2e26c35784a0d3e3d8a9f795074bca4,ETH/USDC,eth,3000,False,6,18,1940.305598,200614,1798641109571774383676715904650896,204576840155483600,2637201062177235745392403008628141,983774839804057644338918669525868782695968
2026-03-03,1772496000,148448611,0xc1738d90e2e26c35784a0d3e3d8a9f795074bca4,ETH/USDC,eth,3000,False,6,18,2030.655579,200159,1758172364738977093721773537498133,240855489004148551,2642592430348181069265727374918621,985946347750085452011306039995295148350735
2026-03-04,1772582400,148491811,0xc1738d90e2e26c35784a0d3e3d8a9f795074bca4,ETH/USDC,eth,3000,False,6,18,1987.303222,200374,1777245877095469387401859501631989,218553351289567441,2646285667124732396488409542804985,988062348027252688763284616065274528299981
2026-03-05,1772668800,148535011,0xc1738d90e2e26c35784a0d3e3d8a9f795074bca4,ETH/USDC,eth,3000,False,6,18,2127.510504,199693,1717685807384029269956603219823023,127719069161638281,2651887699313374206269363369252028,989984782323664283866155346969046340537609
2026-03-06,1772755200,148578211,0xc1738d90e2e26c35784a0d3e3d8a9f795074bca4,ETH/USDC,eth,3000,False,6,18,2076.6256,199935,1738603229329044857340079206812330,167813244631518500,2654610566422633345009495033238882,991546926038704205374915606002813122700548
2026-03-07,1772841600,148621411,0xc1738d90e2e26c35784a0d3e3d8a9f795074bca4,ETH/USDC,eth,3000,False,6,18,1973.310549,200445,1783535939090270545841799142151117,113437164956886579,2656435902005708472503564987983107,993041725113728035074717158786806666113025
2026-03-08,1772928000,148664611,0xc1738d90e2e26c35784a0d3e3d8a9f795074bca4,ETH/USDC,eth,3000,False,6,18,1967.924321,200472,1785975048914019484897536985238025,138398164771625217,2657022816713021088699165208409830,993365001617537549646901005695345554609024
2026-03-09,1773014400,148707811,0xc1738d90e2e26c35784a0d3e3d8a9f795074bca4,ETH/USDC,eth,3000,False,6,18,1941.077712,200610,1798283346121549861090283685826591,133687823178058668,2658591357857677391996577456140943,994304055520137092124797755880239132309072
2026-03-10,1773100800,148751011,0xc1738d90e2e26c35784a0d3e3d8a9f795074bca4,ETH/USDC,eth,3000,False,6,18,1995.369235,200334,1773650100266042979721555010819340,160908505503065121,2661399059054538117959678890893037,995447709073348514067629464884227042046967
2026-03-11,1773187200,148794211,0xc1738d90e2e26c35784a0d3e3d8a9f795074bca4,ETH/USDC,eth,3000,False,6,18,2031.680172,200154,1757728978489926099846793661797748,170429405422606115,2663636013806399334071370748438673,996372180354640376750951888432418180062771
2026-03-12,1773273600,148837411,0xc1738d90e2e26c35784a0d3e3d8a9f795074bca4,ETH/USDC,eth,3000,False,6,18,2052.936608,200049,1748605395723669663271528257735932,184010405740652041,2665517975697132931503115613431490,997192101539995432218764120394820684420778
2026-03-13,1773360000,148880611,0xc1738d90e2e26c35784a0d3e3d8a9f795074bca4,ETH/USDC,eth,3000,False,6,18,2078.408621,199926,1737857314743395713770056248308533,194666841018804277,2667324480843699348526265187791500,997952654507896027961234066527941479984466
2026-03-14,1773446400,148923811,0xc1738d90e2e26c35784a0d3e3d8a9f795074bca4,ETH/USDC,eth,3000,False,6,18,2088.036152,199880,1733846223674261086124681296348088,201781066084770993,2669998404475323099475299623411739,999163500984477456577845406994267057665655
2026-03-15,1773532800,148967011,0xc1738d90e2e26c35784a0d3e3d8a9f795074bca4,ETH/USDC,eth,3000,False,6,18,2097.089792,199837,1730099460331620719785096655738070,209526523092192308,2670402580424474092573432781995781,999316909964022235036722187151441307766730
2026-03-16,1773619200,149010211,0xc1738d90e2e26c35784a0d3e3d8a9f795074bca4,ETH/USDC,eth,3000,False,6,18,2176.383612,199465,1698290030801127395561399908677409,188610152001653812,2672019679608916694928653613179758,999732515683957187830139453445264604824545
2026-03-17,1773705600,149053411,0xc1738d90e2e26c35784a0d3e3d8a9f795074bca4,ETH/USDC,eth,3000,False,6,18,2354.118149,198680,1632922059241925336492082417087971,167451503274013521,2676071175580978090509233910305334,1000807256384834285950354867592524410748703
2026-03-18,1773792000,149096611,0xc1738d90e2e26c35784a0d3e3d8a9f795074bca4,ETH/USDC,eth,3000,False,6,18,2323.837619,198810,1643526438634243604071769695980719,178125754363185909,2678477589888656392584582196424858,1001952798034931773374122237409211820105752
2026-03-19,1773878400,149139811,0xc1738d90e2e26c35784a0d3e3d8a9f795074bca4,ETH/USDC,eth,3000,False,6,18,2202.00607,199348,1688380500804599628885130788926300,163259627615526235,2680192692711224874062464214297705,1003207712507376387251131989385958094487556
2026-03-20,1773964800,149183011,0xc1738d90e2e26c35784a0d3e3d8a9f795074bca4,ETH/USDC,eth,3000,False,6,18,2136.938806,199648,1713892352183994660082439458295427,189533628324161945,2682177787407175449609636997420319,1004406441975921408948273518901511614266323
2026-03-21,1774051200,149226211,0xc1738d90e2e26c35784a0d3e3d8a9f795074bca4,ETH/USDC,eth,3000,False,6,18,2149.330833,199591,1708944462919670208322179960601683,195960878110062515,2684261962064321349093573883453599,1005326800540126198450346847712869629766207
2026-03-22,1774137600,149269411,0xc1738d90e2e26c35784a0d3e3d8a9f795074bca4,ETH/USDC,eth,3000,False,6,18,2080.639968,199915,1736925196974954552446539946947746,160854962270883041,2684556834214858587819662510454663,1005766278340630211121861616155423383645465
2026-03-23,1774224000,149312611,0xc1738d90e2e26c35784a0d3e3d8a9f795074bca4,ETH/USDC,eth,3000,False,6,18,2056.669143,200031,1747017951561181104764765017004589,194924435233880122,2686361981746405354515815555953122,1006746595675047128281607431038145995683864
2026-03-24,1774310400,149355811,0xc1738d90e2e26c35784a0d3e3d8a9f795074bca4,ETH/USDC,eth,3000,False,6,18,2151.612439,199580,1708038125954718302161909880454505,205183597966151367,2691008881545991499079432066109548,1008520440217287558536232546637869941986749
2026-03-25,1774396800,149399011,0xc1738d90e2e26c35784a0d3e3d8a9f795074bca4,ETH/USDC,eth,3000,False,6,18,2156.561121,199557,1706077274356442177821723685839639,309396647377217800,2692655767960642396178578539138462,1009268164752755700957541486200983233359667
2026-03-26,1774483200,149442211,0xc1738d90e2e26c35784a0d3e3d8a9f795074bca4,ETH/USDC,eth,3000,False,6,18,2170.719669,199492,1700504216274984212167426034457189,337236877590208270,2693771248032991081755900671551389,1009721875000205361494587380014782086420820
2026-03-27,1774569600,149485411,0xc1738d90e2e26c35784a0d3e3d8a9f795074bca4,ETH/USDC,eth,3000,False,6,18,2061.82668,200006,1744831552577310145000588937772678,357061381849208122,2694455186068490147250440327524061,1010530193624271750796301569044892055924653
2026-03-28,1774656000,149528611,0xc1738d90e2e26c35784a0d3e3d8a9f795074bca4,ETH/USDC,eth,3000,False,6,18,1987.144501,200375,1777316853682876173399528432609788,328240790686197019,2695643499489131182097771764742353,1011473124418746255349890935892781085420208
2026-03-29,1774742400,149571811,0xc1738d90e2e26c35784a0d3e3d8a9f795074bca4,ETH/USDC,eth,3000,False,6,18,1994.437312,200339,1774064430546103549734356731403474,348744245176160235,2696229096190824137281037367424244,1011729416503596101996447983424119625384396
2026-03-30,1774828800,149615011,0xc1738d90e2e26c35784a0d3e3d8a9f795074bca4,ETH/USDC,eth,3000,False,6,18,1980.789774,200407,1780165545144839931773933422437934,340744676528109011,2697108557789866402585928526717376,1012238880682671417300486546452917773305926
2026-03-31,1774915200,149658211,0xc1738d90e2e26c35784a0d3e3d8a9f795074bca4,ETH/USDC,eth,3000,False,6,18,2021.395718,200204,1762194790489230154796121963722379,407199180172232789,2699081574554038250530877703746363,1013014870654738218868070561591100925652903
2026-04-01,1775001600,149701411,0xc1738d90e2e26c35784a0d3e3d8a9f795074bca4,ETH/USDC,eth,3000,False,6,18,2100.966554,199818,1728502509478337330582160313692044,429633642435125583,2701784951668868759261886437887852,1013960355715673533252867711941390546786453
2026-04-02,1775088000,149744611,0xc1738d90e2e26c35784a0d3e3d8a9f795074bca4,ETH/USDC,eth,3000,False,6,18,2141.82025,199626,1711938163399500335358940855932333,465333833877543584,2703604162356229941158211025105438,1014636015266353363482357313609002474478362
2026-04-03,1775174400,149787811,0xc1738d90e2e26c35784a0d3e3d8a9f795074bca4,ETH/USDC,eth,3000,False,6,18,2060.111791,200015,1745557622483708343264226286603514,471057321849010487,2704812689416147111487163084747719,1015580765729063822678917403169372347136730
2026-04-04,1775260800,149831011,0xc1738d90e2e26c35784a0d3e3d8a9f795074bca4,ETH/USDC,eth,3000,False,6,18,2055.259222,200038,1747617081693289874627023093579621,557272583146364445,2705243494774930364375596966609947,1015812277952602919382497223418189440825341
2026-04-05,1775347200,149874211,0xc1738d90e2e26c35784a0d3e3d8a9f795074bca4,ETH/USDC,eth,3000,False,6,18,2065.850581,199987,1743131416973794361216682340913930,547679743000941374,2705496258096133714664384766444331,1015886429399071052418456778749506953183721
2026-04-06,1775433600,149917411,0xc1738d90e2e26c35784a0d3e3d8a9f795074bca4,ETH/USDC,eth,3000,False,6,18,2113.368396,199759,1723423376775582085294870465374863,559862675051543120,2706638841211336014518960574390217,1016227121800143350087933601516262560387699
2026-04-07,1775520000,149960611,0xc1738d90e2e26c35784a0d3e3d8a9f795074bca4,ETH/USDC,eth,3000,False,6,18,2104.280405,199802,1727140937947380841340419222770614,531243279248385831,2708085773572617642266075532926022,1016943522904890894293039913360576927601568
2026-04-08,1775606400,150003811,0xc1738d90e2e26c35784a0d3e3d8a9f795074bca4,ETH/USDC,eth,3000,False,6,18,2245.010157,199155,1672131501326328347347842085945156,321813474816992066,2711109785527563881342776129408848,1017756064232702442187144179259990747128875
2026-04-09,1775692800,150047011,0xc1738d90e2e26c35784a0d3e3d8a9f795074bca4,ETH/USDC,eth,3000,False,6,18,2187.77237,199413,1693863918811243449592195924476050,515895097954103958,2712064294146760314191734278838982,1018418261694241988879072811265635867400645
2026-04-10,1775779200,150090211,0xc1738d90e2e26c35784a0d3e3d8a9f795074bca4,ETH/USDC,eth,3000,False,6,18,2190.414151,199401,1692842156054667858518538063902047,561505789319062889,2713475187141386406978639294480022,1019048048663542678121993890831706097431560
2026-04-11,1775865600,150133411,0xc1738d90e2e26c35784a0d3e3d8a9f795074bca4,ETH/USDC,eth,3000,False,6,18,2244.066144,199159,1672483172673774671817367652073966,565135210761236949,2714657861063342440827032308554531,1019362156974737073947162366104632265064250
2026-04-12,1775952000,150176611,0xc1738d90e2e26c35784a0d3e3d8a9f795074bca4,ETH/USDC,eth,3000,False,6,18,2284.492137,198981,1657619129395191409402407361874506,566512815231717512,2715621062915284944504936252954520,1019624843230381409119944023268377677935586
2026-04-13,1776038400,150219811,0xc1738d90e2e26c35784a0d3e3d8a9f795074bca4,ETH/USDC,eth,3000,False,6,18,2192.724532,199391,1691950082790991130393024338629278,583264582011920247,2716127265207279018113824056524721,1020224302413948305224759249978329754103762
2026-04-14,1776124800,150263011,0xc1738d90e2e26c35784a0d3e3d8a9f795074bca4,ETH/USDC,eth,3000,False,6,18,2376.891027,198584,1625080758652874215593071679043465,520943831534575806,2718787179577783035910689232015323,1020676966526369469556632440222957220088431
2026-04-15,1776211200,150306211,0xc1738d90e2e26c35784a0d3e3d8a9f795074bca4,ETH/USDC,eth,3000,False,6,18,2321.156686,198821,1644475300136106728892717400128754,610115673740361509,2719900581567381020406322687020986,1021356413915169209670862901409454330568406
2026-04-16,1776297600,150349411,0xc1738d90e2e26c35784a0d3e3d8a9f795074bca4,ETH/USDC,eth,3000,False,6,18,2357.713092,198665,1631676678361262435413776874523955,606900618365820585,2721174103559422481712746461428822,1021762075251930145189674419372884123074889
2026-04-17,1776384000,150392611,0xc1738d90e2e26c35784a0d3e3d8a9f795074bca4,ETH/USDC,eth,3000,False,6,18,2348.499485,198704,1634874233203739961426682722206941,601405815370526828,2722268500260657087155363414132019,1022266220459650164142272790477248626058654
2026-04-18,1776470400,150435811,0xc1738d90e2e26c35784a0d3e3d8a9f795074bca4,ETH/USDC,eth,3000,False,6,18,2424.333927,198387,1609101220151984324010467983408895,581788335178390123,2724333237395527532276056621392744,1022849238526412635369975795126582777124267
2026-04-19,1776556800,150479011,0xc1738d90e2e26c35784a0d3e3d8a9f795074bca4,ETH/USDC,eth,3000,False,6,18,2353.693368,198682,1633069402734690588498660940569625,608877304919661965,2724575026356777179932889854687762,1023209618446059163875310310133946212704972
2026-04-20,1776643200,150522211,0xc1738d90e2e26c35784a0d3e3d8a9f795074bca4,ETH/USDC,eth,3000,False,6,18,2264.160598,199070,1665044977623838408990158497033089,654887585185075658,2725254565808878992041463666692744,1023848118979212552324214823652313166033815
2026-04-21,1776729600,150565411,0xc1738d90e2e26c35784a0d3e3d8a9f795074bca4,ETH/USDC,eth,3000,False,6,18,2315.975556,198844,1646313722049269046410143763343695,670620191719670298,2727065350170297237680308431862898,1024432660876608640986337408259485461680025
2026-04-22,1776816000,150608611,0xc1738d90e2e26c35784a0d3e3d8a9f795074bca4,ETH/USDC,eth,3000,False,6,18,2323.624293,198811,1643601881108463706382257506383914,809000184925985221,2728408400796949080236630094123596,1024984250095466747559604656090093291918792
2026-04-23,1776902400,150651811,0xc1738d90e2e26c35784a0d3e3d8a9f795074bca4,ETH/USDC,eth,3000,False,6,18,2382.257375,198562,1623249372698904574541055404029173,799280000583102551,2729747511617021136438729147014272,1025328151751672998791852318584266474229473
2026-04-24,1776988800,150695011,0xc1738d90e2e26c35784a0d3e3d8a9f795074bca4,ETH/USDC,eth,3000,False,6,18,2332.386851,198773,1640511546827112072456348508017487,825598323315185950,2730698174350573215323007890637490,1025921940340031332444481690177568772283230
2026-04-25,1777075200,150738211,0xc1738d90e2e26c35784a0d3e3d8a9f795074bca4,ETH/USDC,eth,3000,False,6,18,2315.299756,198847,1646553971323601545399779211648227,870029039478664103,2731122938505909236739861982319433,1026170295994461713470256733350656477598225
2026-04-26,1777161600,150781411,0xc1738d90e2e26c35784a0d3e3d8a9f795074bca4,ETH/USDC,eth,3000,False,6,18,2314.622855,198850,1646794717545543968577496551958582,873269011963518491,2731187576476816786846498573310062,1026200833999656939817796915156438787974627
2026-04-27,1777248000,150824611,0xc1738d90e2e26c35784a0d3e3d8a9f795074bca4,ETH/USDC,eth,3000,False,6,18,2372.013515,198605,1626750707059620877231415591415553,824980708494976915,2731901505839461572221400554946698,1026288811382458710744925158931055524118617
2026-04-28,1777334400,150867811,0xc1738d90e2e26c35784a0d3e3d8a9f795074bca4,ETH/USDC,eth,3000,False,6,18,2301.622073,198906,1651439153051431445534231289116066,853256143213122898,2732653739454414228332958890611132,1026876994586623638888182221955478536034787
2026-04-29,1777420800,150911011,0xc1738d90e2e26c35784a0d3e3d8a9f795074bca4,ETH/USDC,eth,3000,False,6,18,2291.218682,198951,1655184127077981840247142380486821,917640755996744493,2733150081126286024948143193910617,1027134877088895034412378695397701863955070
2026-04-30,1777507200,150954211,0xc1738d90e2e26c35784a0d3e3d8a9f795074bca4,ETH/USDC,eth,3000,False,6,18,2256.385698,199104,1667911160113111046604996487461569,920871177882269027,2734269066315275866792056999834080,1027762603194739102612427244285792248132282
2026-05-01,1777593600,150997411,0xc1738d90e2e26c35784a0d3e3d8a9f795074bca4,ETH/USDC,eth,3000,False,6,18,2258.828194,199094,1667009150719304377343722052371357,925736345824231548,2734968737475264608237964135616652,1028062897469304012028359873395309431192734
2026-05-02,1777680000,151040611,0xc1738d90e2e26c35784a0d3e3d8a9f795074bca4,ETH/USDC,eth,3000,False,6,18,2292.594847,198945,1654687277809151054981550833222036,949050709157180859,2735683030351808638354621398385920,1028242197038207667627637939827901875786996
2026-05-03,1777766400,151083811,0xc1738d90e2e26c35784a0d3e3d8a9f795074bca4,ETH/USDC,eth,3000,False,6,18,2321.68408,198819,1644288509893416816944944294695006,967137522587614897,2736058771448059939999858294327005,1028292608510340067296266976159012802009556
2026-05-04,1777852800,151127011,0xc1738d90e2e26c35784a0d3e3d8a9f795074bca4,ETH/USDC,eth,3000,False,6,18,2327.309588,198795,1642300043619886219566920994866342,994816863674661357,2736621033845790216558768064485218,1028512701336019420598109382749925309386463
2026-05-05,1777939200,151170211,0xc1738d90e2e26c35784a0d3e3d8a9f795074bca4,ETH/USDC,eth,3000,False,6,18,2351.768576,198690,1633737554295267892613532781496223,1014812502145895092,2738313383101043358652172008729977,1029139820761511079825019643011241631276564
2026-05-06,1778025600,151213411,0xc1738d90e2e26c35784a0d3e3d8a9f795074bca4,ETH/USDC,eth,3000,False,6,18,2361.988547,198647,1630199253886807399272467707420009,1018989929920931060,2739110830734890263704429426844535,1029437820960719809763948803468333050858199
2026-05-07,1778112000,151256611,0xc1738d90e2e26c35784a0d3e3d8a9f795074bca4,ETH/USDC,eth,3000,False,6,18,2345.465595,198717,1635931256865685234885190275885115,1016805213429491099,2739861240979710027603506264512905,1029814974786115077788912446392747572583587
2026-05-08,1778198400,151299811,0xc1738d90e2e26c35784a0d3e3d8a9f795074bca4,ETH/USDC,eth,3000,False,6,18,2287.910406,198966,1656380377538145392349627437156859,1075063251985514793,2740290014017139907781249802969951,1030220229611068275418187207157649191577518
2026-05-09,1778284800,151343011,0xc1738d90e2e26c35784a0d3e3d8a9f795074bca4,ETH/USDC,eth,3000,False,6,18,2310.2163,198869,1648364534654306729842381758002734,1348564953841273989,2740975066336374631643921750347121,1030433040729169841733932012917371738985189
2026-05-10,1778371200,151386211,0xc1738d90e2e26c35784a0d3e3d8a9f795074bca4,ETH/USDC,eth,3000,False,6,18,2331.398131,198777,1640859371401460785383919907548481,1355180806375599148,2741271412586318380064107688917294,1030480054152898148517009097710220928052824
2026-05-11,1778457600,151429411,0xc1738d90e2e26c35784a0d3e3d8a9f795074bca4,ETH/USDC,eth,3000,False,6,18,2375.238268,198591,1625646049175444677054425116198202,1351750573035719004,2742142067823600078075090649786174,1030687381762552272566907915378054075989111
2026-05-12,1778544000,151472611,0xc1738d90e2e26c35784a0d3e3d8a9f795074bca4,ETH/USDC,eth,3000,False,6,18,2339.44563,198743,1638034729930223936247697288649658,1425570797616756133,2742563880196906455774860775209335,1031001775578187272953258535365940081086850
2026-05-13,1778630400,151515811,0xc1738d90e2e26c35784a0d3e3d8a9f795074bca4,ETH/USDC,eth,3000,False,6,18,2280.351208,198999,1659123496014561484542001811871874,1435970442188626277,2742900026762938253966540981756423,1031376311147476460652418567524487422962283
2026-05-14,1778716800,151559011,0xc1738d90e2e26c35784a0d3e3d8a9f795074bca4,ETH/USDC,eth,3000,False,6,18,2257.26435,199101,1667586506803200114584790766425011,1443749578604659726,2743573229040777348964664982621409,1031763444254049575076829083635032316348706
2026-05-15,1778803200,151602211,0xc1738d90e2e26c35784a0d3e3d8a9f795074bca4,ETH/USDC,eth,3000,False,6,18,2287.488151,198968,1656533248913272152467874262407646,1465490883918157531,2744498399914172605997446913885394,1032050687365609511235634150696389024943771
2026-05-16,1778889600,151645411,0xc1738d90e2e26c35784a0d3e3d8a9f795074bca4,ETH/USDC,eth,3000,False,6,18,2220.753762,199264,1681238708270043644873722471256838,1426634602233343640,2745023190947939730497577719254134,1032550778747003667331409278164584295321598
2026-05-17,1778976000,151688611,0xc1738d90e2e26c35784a0d3e3d8a9f795074bca4,ETH/USDC,eth,3000,False,6,18,2177.538042,199460,1697839793522432063155449044039076,1470288166102135177,2745249689788677029877966286200231,1032833268778384436324953299320483513477754
2026-05-18,1779062400,151731811,0xc1738d90e2e26c35784a0d3e3d8a9f795074bca4,ETH/USDC,eth,3000,False,6,18,2124.702051,199706,1718820659782745402158426146986371,798101568172634181,2745517341437555433932308603075131,1033182495233741210300702687374384516102434
2026-05-19,1779148800,151775011,0xc1738d90e2e26c35784a0d3e3d8a9f795074bca4,ETH/USDC,eth,3000,False,6,18,2133.045241,199667,1715455870305453201831658658468982,1500586676193381727,2747540753804149089996202980440880,1034103857241401222696847380580119744802926
2026-05-20,1779235200,151818211,0xc1738d90e2e26c35784a0d3e3d8a9f795074bca4,ETH/USDC,eth,3000,False,6,18,2111.093568,199770,1724351671826757034129607671767089,1576880855582957595,2748042098905259579642451367572661,1034436231743020522616299229872227365781703
2026-05-21,1779321600,151861411,0xc1738d90e2e26c35784a0d3e3d8a9f795074bca4,ETH/USDC,eth,3000,False,6,18,2123.280115,199713,1719396100777124100872826871755864,1587963626618881230,2748639819508326946119652043511195,1034663942163550758023323324434056545516091
2026-05-22,1779408000,151904611,0xc1738d90e2e26c35784a0d3e3d8a9f795074bca4,ETH/USDC,eth,3000,False,6,18,2132.675487,199668,1715604572853507183609087674404761,1659463108071055642,2749529794378817333503765736418194,1035040791357062319729222603688151094923645
2026-05-23,1779494400,151947811,0xc1738d90e2e26c35784a0d3e3d8a9f795074bca4,ETH/USDC,eth,3000,False,6,18,2062.17892,200005,1744682529080021519864423778957829,1544038543082797782,2749897805089791244902157089218466,1035528709240808798858669686359786366634701
2026-05-24,1779580800,151991011,0xc1738d90e2e26c35784a0d3e3d8a9f795074bca4,ETH/USDC,eth,3000,False,6,18,2113.623638,199758,1723319312815243942335687372546893,1792888657899673785,2751275574766168159963080461865365,1035961488678735132496498993530859748753646
2026-05-25,1779667200,152034211,0xc1738d90e2e26c35784a0d3e3d8a9f795074bca4,ETH/USDC,eth,3000,False,6,18,2097.975185,199832,1729734351148663241906495110950747,1843084559076658058,2751877955995880139490821996907531,1036318171741837660368279193979932064626306
2026-05-26,1779753600,152077411,0xc1738d90e2e26c35784a0d3e3d8a9f795074bca4,ETH/USDC,eth,3000,False,6,18,2107.386931,199788,1725867467820847876067044835357963,1902778622605832612,2752331854954517586913687968236244,1036491354367211334557858089189928821606270
2026-05-27,1779840000,152120611,0xc1738d90e2e26c35784a0d3e3d8a9f795074bca4,ETH/USDC,eth,3000,False,6,18,2069.726798,199968,1741498370044864664799674825755550,1756885019717440695,2753061977740739383693504899140907,1037006720056912550424571711801311724186344
2026-05-28,1779926400,152163811,0xc1738d90e2e26c35784a0d3e3d8a9f795074bca4,ETH/USDC,eth,3000,False,6,18,2021.773312,200202,1762030225961286466446163671109741,1707547869963315814,2753818035192223607480601071365826,1037593967271572109831389370240977142390886
2026-05-29,1780012800,152207011,0xc1738d90e2e26c35784a0d3e3d8a9f795074bca4,ETH/USDC,eth,3000,False,6,18,2009.151794,200265,1767556109708673960111616384225148,1700573168662794722,2755156412725063710747120420342581,1038327012371220848883736833063851269056586
2026-05-30,1780099200,152250211,0xc1738d90e2e26c35784a0d3e3d8a9f795074bca4,ETH/USDC,eth,3000,False,6,18,2010.691252,200257,1766879327593659410141434141012028,1676968541102486001,2756084309541362323227145242876936,1038781151381123362649531382570487388466380
2026-05-31,1780185600,152293411,0xc1738d90e2e26c35784a0d3e3d8a9f795074bca4,ETH/USDC,eth,3000,False,6,18,2023.384336,200194,1761328619797827828606465736422345,1647686436146381096,2756296010265679227622618478275294,1038826459230025008926180871660518051127477
2026-06-01,1780272000,152336611,0xc1738d90e2e26c35784a0d3e3d8a9f795074bca4,ETH/USDC,eth,3000,False,6,18,2003.647656,200292,1769982234976133554680897203688535,1490079172496782301,2756517578414838881320423730536824,1039029789795136147035639501898582285387529
2026-06-02,1780358400,152379811,0xc1738d90e2e26c35784a0d3e3d8a9f795074bca4,ETH/USDC,eth,3000,False,6,18,2000.497964,200308,1771375064400901888259425601990491,1481844559742058102,2757646164699963828485467161668922,1039613382867865731990732325460260854926803
2026-06-03,1780444800,152423011,0xc1738d90e2e26c35784a0d3e3d8a9f795074bca4,ETH/USDC,eth,3000,False,6,18,1855.383179,201061,1839343221876348226687484157401808,937671013692289688,2759968718184526637533522987781878,1041564428808132581533267668415414708053682
2026-06-04,1780531200,152466211,0xc1738d90e2e26c35784a0d3e3d8a9f795074bca4,ETH/USDC,eth,3000,False,6,18,1816.283891,201274,1859035650328385375073070694131577,1149216431829172677,2762458803749613962942432492838613,1043135327100191467200923706814964617444588
2026-06-05,1780617600,152509411,0xc1738d90e2e26c35784a0d3e3d8a9f795074bca4,ETH/USDC,eth,3000,False,6,18,1765.912028,201556,1885363310775095392787952277105019,1139230115328614593,2766805400594837861481127042469829,1045882995578461775970089916445198963218793
2026-06-06,1780704000,152552611,0xc1738d90e2e26c35784a0d3e3d8a9f795074bca4,ETH/USDC,eth,3000,False,6,18,1579.326894,202672,1993625446435646670417298124639713,935118865899210159,2774651808416826910077578389096849,1051915407299150472789611191740629498147242
2026-06-07,1780790400,152595811,0xc1738d90e2e26c35784a0d3e3d8a9f795074bca4,ETH/USDC,eth,3000,False,6,18,1565.080815,202763,2002678335689459628630135542292903,983533782262569423,2777561700532468462116397969012071,1053883265647869381159425802361677002121018
2026-06-08,1780876800,152639011,0xc1738d90e2e26c35784a0d3e3d8a9f795074bca4,ETH/USDC,eth,3000,False,6,18,1686.273606,202017,1929370183095357484531340448889215,645525091372881117,2780275850602310616712194429728531,1054755321931831885455197712615938954575853
2026-06-09,1780963200,152682211,0xc1738d90e2e26c35784a0d3e3d8a9f795074bca4,ETH/USDC,eth,3000,False,6,18,1690.829398,201990,1926769170118288670438008152909269,972181155067913232,2782382421233063521582123892001868,1055977653654957380515653557581003105346382
2026-06-10,1781049600,152725411,0xc1738d90e2e26c35784a0d3e3d8a9f795074bca4,ETH/USDC,eth,3000,False,6,18,1635.664711,202322,1958991004307104813526175559856596,1053944594741804415,2783627224995331020102845895182085,1057075638604253823344102986576461173001348
2026-06-11,1781136000,152768611,0xc1738d90e2e26c35784a0d3e3d8a9f795074bca4,ETH/USDC,eth,3000,False,6,18,1619.174432,202423,1968941283388061978824946765270188,1015252301937830960,2785337332113710786274401366810294,1058229431397262614828032656723382208005514
2026-06-12,1781222400,152811811,0xc1738d90e2e26c35784a0d3e3d8a9f795074bca4,ETH/USDC,eth,3000,False,6,18,1673.991284,202090,1936435284876038884865249890553316,1057020465238277848,2786877493656237278258418674954095,1058810745056852768387095006909037344636958
2026-06-13,1781308800,152855011,0xc1738d90e2e26c35784a0d3e3d8a9f795074bca4,ETH/USDC,eth,3000,False,6,18,1663.974891,202150,1942254782142813625821216199145279,1137507889262972146,2787686825930131396307366289825405,1059358149590706420419813653515610923204126
2026-06-14,1781395200,152898211,0xc1738d90e2e26c35784a0d3e3d8a9f795074bca4,ETH/USDC,eth,3000,False,6,18,1682.820685,202038,1931348572524823041697512138310888,1161037334545049848,2788027764522308256952442589927726,1059444203043423069378376756613374753284852
2026-06-15,1781481600,152941411,0xc1738d90e2e26c35784a0d3e3d8a9f795074bca4,ETH/USDC,eth,3000,False,6,18,1721.283576,201812,1909648215164496107345916983468465,1137731658792836776,2788905845288284765975371569897974,1059728402441604763811198564707120024480400
2026-06-16,1781568000,152984611,0xc1738d90e2e26c35784a0d3e3d8a9f795074bca4,ETH/USDC,eth,3000,False,6,18,1791.311805,201413,1871948901902240497237710909727303,1190909105882314650,2790906531143087373848098422616964,1060451033867850804875133417972546949908716
2026-06-17,1781654400,153027811,0xc1738d90e2e26c35784a0d3e3d8a9f795074bca4,ETH/USDC,eth,3000,False,6,18,1793.809293,201399,1870645308076611611356976561503531,1204409966737928893,2792306468903660977486658313063327,1061218128063047669781807059930456540587138
2026-06-18,1781740800,153071011,0xc1738d90e2e26c35784a0d3e3d8a9f795074bca4,ETH/USDC,eth,3000,False,6,18,1745.023267,201675,1896614090668005026957213619059469,1146159486598038053,2793952833604494990151599960802298,1062430445988731101780587118647842210795923
2026-06-19,1781827200,153114211,0xc1738d90e2e26c35784a0d3e3d8a9f795074bca4,ETH/USDC,eth,3000,False,6,18,1705.915235,201901,1918230799371722721532886360247226,1056841117269876691,2794940752900293369990721100441023,1063238969965909615180842408263867769052286
2026-06-20,1781913600,153157411,0xc1738d90e2e26c35784a0d3e3d8a9f795074bca4,ETH/USDC,eth,3000,False,6,18,1708.545789,201886,1916753533454009650372634315989357,1119755840021778803,2795639742600766598294327325915803,1063634871449075637894699487065657927706475
2026-06-21,1782000000,153200611,0xc1738d90e2e26c35784a0d3e3d8a9f795074bca4,ETH/USDC,eth,3000,False,6,18,1739.367454,201707,1899695149835928256246707447019044,1249971853179259037,2796360652356746558752217563228346,1063868951783543516903422905945189591266825
2026-06-22,1782086400,153243811,0xc1738d90e2e26c35784a0d3e3d8a9f795074bca4,ETH/USDC,eth,3000,False,6,18,1708.132488,201888,1916985408832832413289193494665862,1162892134868310379,2796665651747300071447429024717187,1064232437008578322247538974950874827828486
2026-06-23,1782172800,153287011,0xc1738d90e2e26c35784a0d3e3d8a9f795074bca4,ETH/USDC,eth,3000,False,6,18,1724.043599,201796,1908119024055994339421228046722429,1192843561024193736,2797717819663024905246316362804822,1064741627105998394042550236940442644073889
2026-06-24,1782259200,153330211,0xc1738d90e2e26c35784a0d3e3d8a9f795074bca4,ETH/USDC,eth,3000,False,6,18,1663.603066,202152,1942471822545139803648966137976265,1103523173815220244,2798506653849694027952404947713244,1065584908495965552231463889978595498122042
2026-06-25,1782345600,153373411,0xc1738d90e2e26c35784a0d3e3d8a9f795074bca4,ETH/USDC,eth,3000,False,6,18,1616.518353,202440,1970558189713932074854697136005705,1004615866915608702,2800598776996382868619053794130351,1067182322399102935626008062506341753324564
2026-06-26,1782432000,153416611,0xc1738d90e2e26c35784a0d3e3d8a9f795074bca4,ETH/USDC,eth,3000,False,6,18,1567.421855,202748,2001182216302912267567543237220752,1013878088414003136,2802838346906978390397779138088951,1068928913984355674931385495507546315511796
2026-06-27,1782518400,153459811,0xc1738d90e2e26c35784a0d3e3d8a9f795074bca4,ETH/USDC,eth,3000,False,6,18,1574.21589,202705,1996859173521986680104787826443474,1046951928134659479,2805235700064281639433907862500432,1070427276641379204262437342237992479100583
2026-06-28,1782604800,153503011,0xc1738d90e2e26c35784a0d3e3d8a9f795074bca4,ETH/USDC,eth,3000,False,6,18,1573.555063,202709,1997278428003080185998383959927219,1046185542633588752,2805708887959342396687365473523184,1070730558528570142985277713076178756595827
2026-06-29,1782691200,153546211,0xc1738d90e2e26c35784a0d3e3d8a9f795074bca4,ETH/USDC,eth,3000,False,6,18,1573.57452,202709,1997266080134281051932705604256932,1060789386403490693,2806512811763260455538288258999462,1071242928531291431182752169281900810769132
2026-06-30,1782777600,153589411,0xc1738d90e2e26c35784a0d3e3d8a9f795074bca4,ETH/USDC,eth,3000,False,6,18,1610.812292,202475,1974045307606150444129825563013390,1089140769493527911,2808861910863871595861742302328429,1072474186398677615994128973494780904233353
2026-07-01,1782864000,153632611,0xc1738d90e2e26c35784a0d3e3d8a9f795074bca4,ETH/USDC,eth,3000,False,6,18,1568.936841,202738,2000215798976640590206208899835475,1182499617096825364,2809436404611592207612751936147812,1073122687485416414548830826536677243258980
2026-07-02,1782950400,153675811,0xc1738d90e2e26c35784a0d3e3d8a9f795074bca4,ETH/USDC,eth,3000,False,6,18,1611.98174,202468,1973329120274996581359902551322612,1252090463859476451,2811159351420021962954855180079959,1073912406853934403339120579550827544619326
2026-07-03,1783036800,153719011,0xc1738d90e2e26c35784a0d3e3d8a9f795074bca4,ETH/USDC,eth,3000,False,6,18,1695.747223,201961,1923973236317364235647884442381836,1273475733103437873,2813062954227392333549492803950956,1074526298120927113461010941846121752320625
2026-07-04,1783123200,153762211,0xc1738d90e2e26c35784a0d3e3d8a9f795074bca4,ETH/USDC,eth,3000,False,6,18,1759.281029,201593,1888913080236554599739638467759409,1249594043217875344,2814371397618042471901010369378008,1074904928441158951664158843854203119070360
2026-07-05,1783209600,153805411,0xc1738d90e2e26c35784a0d3e3d8a9f795074bca4,ETH/USDC,eth,3000,False,6,18,1776.842695,201494,1879555236053634145814686728177639,1252568057050123195,2815072789280585588695075357747920,1075199355268355729420438912805178041500920
2026-07-06,1783296000,153848611,0xc1738d90e2e26c35784a0d3e3d8a9f795074bca4,ETH/USDC,eth,3000,False,6,18,1786.904221,201437,1874256157834126151352451803960596,1250302959625506444,2815738472737106593144841867855056,1075516806344545839485133018357603920131065
2026-07-07,1783382400,153891811,0xc1738d90e2e26c35784a0d3e3d8a9f795074bca4,ETH/USDC,eth,3000,False,6,18,1802.238367,201352,1866265674046846514682411431229356,1242169834678403932,2817251619772831291240725506561582,1076281612701073079272255406239480940680435
2026-07-08,1783468800,153935011,0xc1738d90e2e26c35784a0d3e3d8a9f795074bca4,ETH/USDC,eth,3000,False,6,18,1772.807344,201517,1881693187614024682727827683769413,1123745376442151858,2818258984683146327171493428572955,1077013480481732814435937895573086560997029
2026-07-09,1783555200,153978211,0xc1738d90e2e26c35784a0d3e3d8a9f795074bca4,ETH/USDC,eth,3000,False,6,18,1738.305769,201713,1900275189072575795806625794897391,1275831657029572282,2818982625564922559064510435453353,1077629394191034980644935126749737663896908
2026-07-10,1783641600,154021411,0xc1738d90e2e26c35784a0d3e3d8a9f795074bca4,ETH/USDC,eth,3000,False,6,18,1746.297809,201667,1895921838934351078422067485233181,1118295364924904613,2819713460509562174469032099245833,1078001995213151694157921033684827018438555
2026-07-11,1783728000,154064611,0xc1738d90e2e26c35784a0d3e3d8a9f795074bca4,ETH/USDC,eth,3000,False,6,18,1791.662066,201411,1871765914740667794609724506647123,1121505577621335661,2820638380565642520005044016095593,1078262225721032239076450318876148028523010
2026-07-12,1783814400,154107811,0xc1738d90e2e26c35784a0d3e3d8a9f795074bca4,ETH/USDC,eth,3000,False,6,18,1791.470044,201412,1871866226286577210181567954576733,1119813705327567764,2821049381569158366197428669423442,1078490525619263076856985121759596878471593
2026-07-13,1783900800,154151011,0xc1738d90e2e26c35784a0d3e3d8a9f795074bca4,ETH/USDC,eth,3000,False,6,18,1802.79548,201349,1865977288382509834515593091188347,1275037658294598749,2821551404956913476780256274123810,1078705698194404793618648646735213241196491
2026-07-14,1783987200,154194211,0xc1738d90e2e26c35784a0d3e3d8a9f795074bca4,ETH/USDC,eth,3000,False,6,18,1770.96245,201527,1882673056607570684368750251215494,1242641917094065622,2822644242912843370917559664226084,1079494906596228764649873944012838839833445
2026-07-15,1784073600,154237411,0xc1738d90e2e26c35784a0d3e3d8a9f795074bca4,ETH/USDC,eth,3000,False,6,18,1886.768216,200894,1823980991104447078911875934401359,1224495784676053254,2824254407456918683546839821315996,1079740995143335238763418559226832344090883
2026-07-16,1784160000,154280611,0xc1738d90e2e26c35784a0d3e3d8a9f795074bca4,ETH/USDC,eth,3000,False,6,18,1919.791776,200720,1808225212053558223320492162044909,1176907323224328788,2825474987554615642616985933365402,1080211685460286699336875901602246907339035
2026-07-17,1784246400,154323811,0xc1738d90e2e26c35784a0d3e3d8a9f795074bca4,ETH/USDC,eth,3000,False,6,18,1861.800395,201027,1836170580239001727875777776249190,1194256804954746046,2826027844588588094753659147326778,1080805303659932363793483055265122603134308
2026-07-18,1784332800,154367011,0xc1738d90e2e26c35784a0d3e3d8a9f795074bca4,ETH/USDC,eth,3000,False,6,18,1839.675158,201146,1847179124306244675331559773262594,1180079929882458036,2827087537076437625198218451062710,1081501910941626184506604112150476381997499
2026-07-19,1784419200,154410211,0xc1738d90e2e26c35784a0d3e3d8a9f795074bca4,ETH/USDC,eth,3000,False,6,18,1859.116483,201041,1837495495113159575952958948600719,1173146946763857843,2827306009669833577768325911467341,1081515803220732229652151538213728323747998
2026-07-20,1784505600,154453411,0xc1738d90e2e26c35784a0d3e3d8a9f795074bca4,ETH/USDC,eth,3000,False,6,18,1869.513374,200985,1832378956283717631622410597102365,1170529258676404527,2827680139239821642651559164957058,1081661231389279798462369327318542473281516
2026-07-21,1784592000,154496611,0xc1738d90e2e26c35784a0d3e3d8a9f795074bca4,ETH/USDC,eth,3000,False,6,18,1898.967311,200829,1818112862729506205407719730043828,1165434331561318937,2829159082687093233702021998863693,1082295520550175590311518445651949519540631
2026-07-22,1784678400,154539811,0xc1738d90e2e26c35784a0d3e3d8a9f795074bca4,ETH/USDC,eth,3000,False,6,18,1924.585395,200695,1805971909329829485175157259461544,1172435686436798998,2829813322710268692481052860459504,1082504760031357871583796877716352113169815
2026-07-23,1784764800,154583011,0xc1738d90e2e26c35784a0d3e3d8a9f795074bca4,ETH/USDC,eth,3000,False,6,18,1928.507735,200675,1804134415502433683795434516085132,1185351794191326968,2830673894354168430198153415707000,1082930213551498298349542329381186021564058
2026-07-24,1784851200,154626211,0xc1738d90e2e26c35784a0d3e3d8a9f795074bca4,ETH/USDC,eth,3000,False,6,18,1879.148771,200934,1827675127198003274941112531942576,1285816995258745795,2831026718645124214509548279595461,1083369107221037878513594824783461697740468
2026-07-25,1784937600,154669411,0xc1738d90e2e26c35784a0d3e3d8a9f795074bca4,ETH/USDC,eth,3000,False,6,18,1859.650847,201038,1837231477378549008303743014837858,1267999685827586595,2831644227742678398354277937742902,1083801145585946965790513988951981612964150
2026-07-26,1785024000,154712611,0xc1738d90e2e26c35784a0d3e3d8a9f795074bca4,ETH/USDC,eth,3000,False,6,18,1869.860571,200984,1832208830022484838099250663098873,1267821357920745739,2831791466096130620457324556320211,1083826105963452123814723906641188030513230
2026-07-27,1785110400,154755811,0xc1738d90e2e26c35784a0d3e3d8a9f795074bca4,ETH/USDC,eth,3000,False,6,18,1950.962755,200559,1793721833384386632425435893349724,1225645452499870201,2832730941399146037499987148345033,1083902502346499438350963876483862913546917
2026-07-28,1785196800,154799011,0xc1738d90e2e26c35784a0d3e3d8a9f795074bca4,ETH/USDC,eth,3000,False,6,18,1888.856401,200882,1822972480396021997383608409021933,1227357042195805884,2833647302238135800953782952091089,1084687947296526143432198566868334339118159
2026-07-29,1785283200,154842211,0xc1738d90e2e26c35784a0d3e3d8a9f795074bca4,ETH/USDC,eth,3000,False,6,18,1915.515459,200742,1810242484405865016475778218436609,1239826087655584898,2834825137939307234767932448627016,1085172868160650720806025767724788676472533
2026-07-30,1785369600,154885411,0xc1738d90e2e26c35784a0d3e3d8a9f795074bca4,ETH/USDC,eth,3000,False,6,18,1905.342808,200796,1815068505954766984945410353956728,1268586913393930118,2836117279670376219029485200365700,1085903535075796102824103962401099621623560
2026-07-31,1785456000,154928611,0xc1738d90e2e26c35784a0d3e3d8a9f795074bca4,ETH/USDC,eth,3000,False,6,18,1922.724808,200705,1806845501476586162662532249602579,1327776041050598100,2836687307946413773442569871108266,1086112689299187045164921318032980144531727
2026-08-01,1785542400,154971811,0xc1738d90e2e26c35784a0d3e3d8a9f795074bca4,ETH/USDC,eth,3000,False,6,18,1863.319052,201019,1835422162377464027211705705690318,1328907929121914935,2837074005927921874867958557896216,1086626082814466271338292037797157241531557
2026-08-02,1785628800,155015011,0xc1738d90e2e26c35784a0d3e3d8a9f795074bca4,ETH/USDC,eth,3000,False,6,18,1842.366903,201132,1845829243021021718454432508647227,1305467349965415853,2837320977101233905421199221103060,1086872268240352149751167395538883888522392
2026-08-03,1785715200,155058211,0xc1738d90e2e26c35784a0d3e3d8a9f795074bca4,ETH/USDC,eth,3000,False,6,18,1880.367082,200928,1827082945869495277069878403073114,1356377415546382053,2838066103542682674304997544409846,1087069611746735354804714282499638667762127
2026-08-04,1785801600,155101411,0xc1738d90e2e26c35784a0d3e3d8a9f795074bca4,ETH/USDC,eth,3000,False,6,18,1859.209619,201041,1837449470546049735916012005271422,1330699172889079736,2838582083475617084936835299078324,1087460080028227641653382753641654980845860
2026-08-05,1785888000,155144611,0xc1738d90e2e26c35784a0d3e3d8a9f795074bca4,ETH/USDC,eth,3000,False,6,18,1873.404567,200965,1830474977362822966500056214601241,1334169083705947256,2839128562680872341021088376012241,1087677931314074148259659555636641217480479
2026-08-06,1785974400,155187811,0xc1738d90e2e26c35784a0d3e3d8a9f795074bca4,ETH/USDC,eth,3000,False,6,18,1908.637079,200778,1813501442813409291203512182103764,1292900577336453662,2839933454286949529326158831319614,1087922074877533356240225367253760598423651
2026-08-07,1786060800,155231011,0xc1738d90e2e26c35784a0d3e3d8a9f795074bca4,ETH/USDC,eth,3000,False,6,18,1897.200761,200838,1818959119836086257066744650302525,1281150376426125151,2840461926584570860880499225277096,1088258941835099020127587857934819511748984
2026-08-08,1786147200,155274211,0xc1738d90e2e26c35784a0d3e3d8a9f795074bca4,ETH/USDC,eth,3000,False,6,18,1914.548973,200747,1810699342161183862433290055121027,1276369829610202070,2840961368658605360158450614302618,1088430840673880180627140601315103330732007
2026-08-09,1786233600,155317411,0xc1738d90e2e26c35784a0d3e3d8a9f795074bca4,ETH/USDC,eth,3000,False,6,18,1919.195373,200723,1808506149195101336743050281495863,1277781983160698659,2841011559509012029217208765647521,1088433400953492476430022415331444183777800
2026-08-10,1786320000,155360611,0xc1738d90e2e26c35784a0d3e3d8a9f795074bca4,ETH/USDC,eth,3000,False,6,18,1912.308205,200759,1811759885211633854648704570197690,1273688341053441736,2841153605246672986197173484645472,1088542285220301583667281777037838455383748
2026-08-11,1786406400,155403811,0xc1738d90e2e26c35784a0d3e3d8a9f795074bca4,ETH/USDC,eth,3000,False,6,18,1874.214884,200960,1830079231565685065558309139122076,1262743950799457976,2841475698272811621785527336487541,1088907799129807221323020260021675676370915
2026-08-12,1786492800,155447011,0xc1738d90e2e26c35784a0d3e3d8a9f795074bca4,ETH/USDC,eth,3000,False,6,18,1880.680054,200926,1826930913002881613022848468546536,1290687818054466403,2841860185426423701589505167898339,1089078954052287497934650469438935836730556
2026-08-13,1786579200,155490211,0xc1738d90e2e26c35784a0d3e3d8a9f795074bca4,ETH/USDC,eth,3000,False,6,18,1877.681415,200942,1828389126433469081920931055198256,1269624817936367283,2842258558038679611804587954216667,1089304518339263748487308687638274488080988
2026-08-14,1786665600,155533411,0xc1738d90e2e26c35784a0d3e3d8a9f795074bca4,ETH/USDC,eth,3000,False,6,18,1885.874039,200898,1824413354940440329003861297821242,1297805932994321899,2842723098742067645559340454125052,1089508576894466525820025436212350829457831
2026-08-15,1786752000,155576611,0xc1738d90e2e26c35784a0d3e3d8a9f795074bca4,ETH/USDC,eth,3000,False,6,18,1877.458209,200943,1828497809318728747881288357760475,1304413890018934594,2842857906727109010170564680143307,1089624486747483207012465577552836003449082
2026-08-16,1786838400,155619811,0xc1738d90e2e26c35784a0d3e3d8a9f795074bca4,ETH/USDC,eth,3000,False,6,18,1879.535141,200932,1827487262959308454049007392586432,1302313046876268472,2842887160560812221239386545208738,1089629175384255471596365938761138109338165
2026-08-17,1786924800,155663011,0xc1738d90e2e26c35784a0d3e3d8a9f795074bca4,ETH/USDC,eth,3000,False,6,18,1872.975843,200967,1830684462871686883453004511047068,1296270393043806413,2842939612988535695961130595100621,1089691477698848158364704217148332774172365
2026-08-18,1787011200,155706211,0xc1738d90e2e26c35784a0d3e3d8a9f795074bca4,ETH/USDC,eth,3000,False,6,18,1911.397941,200764,1812191240540833721308406569480683,1323283291059218479,2843442769977651547800773280746074,1089757933876769918232974049454510710768550
2026-08-19,1787097600,155749411,0xc1738d90e2e26c35784a0d3e3d8a9f795074bca4,ETH/USDC,eth,3000,False,6,18,1915.250693,200744,1810367605063909366643217745965301,1285877247541727359,2843747162229419630034667121634364,1089898213534621622752557176121010129890695
2026-08-20,1787184000,155792611,0xc1738d90e2e26c35784a0d3e3d8a9f795074bca4,ETH/USDC,eth,3000,False,6,18,2253.147612,199119,1669109239866988393074345088437759,397978571267728674,2850539370244066793282265851449747,1091551550074263391992448641874149121113066
2026-08-21,1787270400,155835811,0xc1738d90e2e26c35784a0d3e3d8a9f795074bca4,ETH/USDC,eth,3000,False,6,18,2329.985108,198783,1641356846879388677210868222543562,937802993618370616,2853405127659041738608472099147916,1092504914144965667153636515831773414399978
2026-08-22,1787356800,155879011,0xc1738d90e2e26c35784a0d3e3d8a9f795074bca4,ETH/USDC,eth,3000,False,6,18,2517.095446,198011,1579173115575675442306088873564818,885812316330596783,2858476092947890711594276800620511,1093937407970726544974599899629811124264169
2026-08-23,1787443200,155922211,0xc1738d90e2e26c35784a0d3e3d8a9f795074bca4,ETH/USDC,eth,3000,False,6,18,2419.470958,198407,1610717499310031420345010673990586,910278341967172783,2860605456500834483160282607796316,1095149266050188381514912983149458267639471
2026-08-24,1787529600,155965411,0xc1738d90e2e26c35784a0d3e3d8a9f795074bca4,ETH/USDC,eth,3000,False,6,18,2458.974026,198245,1597727142134997952255977649256956,923218490890919094,2862905998453823256999427506312673,1095955717313386064570249206109705215284190
2026-08-25,1787616000,156008611,0xc1738d90e2e26c35784a0d3e3d8a9f795074bca4,ETH/USDC,eth,3000,False,6,18,2479.632815,198161,1591057577336151037564480100663978,930907768821127555,2865359707143280707590303929920325,1096892413708918919656398760599657424164787
2026-08-26,1787702400,156051811,0xc1738d90e2e26c35784a0d3e3d8a9f795074bca4,ETH/USDC,eth,3000,False,6,18,2444.056757,198305,1602595578583025494768043583316400,922662813254145661,2866792263720269531574496055350161,1097595204836199691547771741634082149582537
2026-08-27,1787788800,156095011,0xc1738d90e2e26c35784a0d3e3d8a9f795074bca4,ETH/USDC,eth,3000,False,6,18,2504.913162,198060,1583008498289844664652864586012953,961233863559480997,2868076795238182145388641107728445,1097904937627254484000383890808761435140299
2026-08-28,1787875200,156138211,0xc1738d90e2e26c35784a0d3e3d8a9f795074bca4,ETH/USDC,eth,3000,False,6,18,2509.920402,198040,1581428675089942127901896324728177,967968909396597164,2869323508533218746093481504341909,1098383639958918684450521704787934098525857
2026-08-29,1787961600,156181411,0xc1738d90e2e26c35784a0d3e3d8a9f795074bca4,ETH/USDC,eth,3000,False,6,18,2437.516855,198332,1604744034925217087511006633994513,959109009139689183,2870603121188972428823440163089053,1099150821155317132467904170452765551309056
2026-08-30,1788048000,156224611,0xc1738d90e2e26c35784a0d3e3d8a9f795074bca4,ETH/USDC,eth,3000,False,6,18,2452.933749,198269,1599693110834588146160605415041889,1080914233264704590,2870836421609429168061232158855653,1099191904329815642157271473741194563767995
2026-08-31,1788134400,156267811,0xc1738d90e2e26c35784a0d3e3d8a9f795074bca4,ETH/USDC,eth,3000,False,6,18,2413.050089,198433,1612859049384360153099740166678502,1065258840962907908,2871906865213325230777415023438495,1099766794935840232625570161485758009098722
2026-09-01,1788220800,156311011,0xc1738d90e2e26c35784a0d3e3d8a9f795074bca4,ETH/USDC,eth,3000,False,6,18,2468.501581,198206,1594640826614109136266326108038413,1125132982126582202,2872885611467508477354598785114848,1099971583536503509655315861670731804618713
2026-09-02,1788307200,156354211,0xc1738d90e2e26c35784a0d3e3d8a9f795074bca4,ETH/USDC,eth,3000,False,6,18,2418.69537,198410,1610975728051546700789451467719244,1099567020078839959,2873667188827770934338241004861532,1100468778947939442644137916368108729029588
2026-09-03,1788393600,156397411,0xc1738d90e2e26c35784a0d3e3d8a9f795074bca4,ETH/USDC,eth,3000,False,6,18,2385.93254,198546,1621998706720272799726670279780607,1076922814612297739,2874636996191426939127494040829537,1100992727344619745627679604768707666982874
2026-09-04,1788480000,156440611,0xc1738d90e2e26c35784a0d3e3d8a9f795074bca4,ETH/USDC,eth,3000,False,6,18,2501.985462,198071,1583934406811970911783057943225804,1077828081451304065,2876546258327948133499267442989109,1101362328480595205195905786692273920587454
2026-09-05,1788566400,156483811,0xc1738d90e2e26c35784a0d3e3d8a9f795074bca4,ETH/USDC,eth,3000,False,6,18,2451.94019,198273,1600017186380516208151124759030207,1087535226708547145,2877381020410051412615833616557114,1101870623785630373139823607169624684217074
