date,timestamp,block,pool,pair,asset_class,feeTier,base_is_token0,dec0,dec1,price,tick,sqrtPriceX96,liquidity,feeGrowthGlobal0X128,feeGrowthGlobal1X128
2025-08-02,1754092800,23344441,0x8927058918e3CFf6F55EfE45A58db1be1F069E49,ETH/USDC,eth,3000,False,6,18,3481.577089,194767,1342738915429752711027470309174782,439533899019750417,540015542307292162335152785572458,232692436020690385680980683506395721260716
2025-08-03,1754179200,23430841,0x8927058918e3CFf6F55EfE45A58db1be1F069E49,ETH/USDC,eth,3000,False,6,18,3400.332008,195003,1358685441598574845364849529102570,438653849964891173,542438135492229632748461004798557,233600872741510896290383012592126608597404
2025-08-04,1754265600,23517241,0x8927058918e3CFf6F55EfE45A58db1be1F069E49,ETH/USDC,eth,3000,False,6,18,3507.358786,194693,1337794747748874095015806797348542,597544941453223867,544239794292986742846527053585828,233852693815853079778397666716559335344288
2025-08-05,1754352000,23603641,0x8927058918e3CFf6F55EfE45A58db1be1F069E49,ETH/USDC,eth,3000,False,6,18,3720.625143,194103,1298887763538146709826805519235423,551011295647817480,546949766654536977177811554467747,234100086415333987870280200232647454805167
2025-08-06,1754438400,23690041,0x8927058918e3CFf6F55EfE45A58db1be1F069E49,ETH/USDC,eth,3000,False,6,18,3613.335919,194396,1318030361664765733464203541325318,562098983163968540,548954109915008765971563689638795,234902699839859458910127287617865941311907
2025-08-07,1754524800,23776441,0x8927058918e3CFf6F55EfE45A58db1be1F069E49,ETH/USDC,eth,3000,False,6,18,3675.680396,194224,1306804775069594721175095378092273,565997426346939976,551096861725123672695357746298413,235348372240523591379939767560723754286581
2025-08-08,1754611200,23862841,0x8927058918e3CFf6F55EfE45A58db1be1F069E49,ETH/USDC,eth,3000,False,6,18,3907.205799,193614,1267495541442008537195045369357549,418564608163398494,554214637798131556890876927551869,235663506902164285120238396409961305322666
2025-08-09,1754697600,23949241,0x8927058918e3CFf6F55EfE45A58db1be1F069E49,ETH/USDC,eth,3000,False,6,18,4019.669768,193330,1249638497503584257129904960146295,451767410552708989,558174977182757043711822530683010,236431891989592474782778004070220540356461
2025-08-10,1754784000,24035641,0x8927058918e3CFf6F55EfE45A58db1be1F069E49,ETH/USDC,eth,3000,False,6,18,4262.194489,192744,1213564747200989040426639917467817,681410378716508175,564152861263579612013886329868613,237398603574699053335859731837834620225840
2025-08-11,1754870400,24122041,0x8927058918e3CFf6F55EfE45A58db1be1F069E49,ETH/USDC,eth,3000,False,6,18,4242.873322,192789,1216324769947154965049997331844864,753416448067824135,566402670581573142341761409045594,237965987903774264689851082064469806489517
2025-08-12,1754956800,24208441,0x8927058918e3CFf6F55EfE45A58db1be1F069E49,ETH/USDC,eth,3000,False,6,18,4222.616176,192837,1219238815093925340686127636336905,646540691316287138,569978701320064937832854384169054,238840550677034840469212863559527892598066
2025-08-13,1755043200,24294841,0x8927058918e3CFf6F55EfE45A58db1be1F069E49,ETH/USDC,eth,3000,False,6,18,4596.976253,191988,1168539651207801618920151134738207,408845538539397189,575067145722055970297171435827768,239337950249942214628488205305155550151031
2025-08-14,1755129600,24381241,0x8927058918e3CFf6F55EfE45A58db1be1F069E49,ETH/USDC,eth,3000,False,6,18,4763.479814,191632,1147935321568226987311112839670237,164438357316597893,581653878484601090951446219572573,240479280553316951657457960491168795874318
2025-08-15,1755216000,24467641,0x8927058918e3CFf6F55EfE45A58db1be1F069E49,ETH/USDC,eth,3000,False,6,18,4555.43991,192079,1173854914670930799964482791782054,199818906349148756,587855977375961849442423517494847,242164237834953957790776777325269871178523
2025-08-16,1755302400,24554041,0x8927058918e3CFf6F55EfE45A58db1be1F069E49,ETH/USDC,eth,3000,False,6,18,4433.50352,192350,1189887918482952953183056404023179,516753868386608544,591474615408236808387093603233204,243175284289252073651394672120791304880891
2025-08-17,1755388800,24640441,0x8927058918e3CFf6F55EfE45A58db1be1F069E49,ETH/USDC,eth,3000,False,6,18,4424.042443,192371,1191159561924477158663444618916936,524668239153598861,592902539228036516569631798158570,243514058823544733917889908788831644000659
2025-08-18,1755475200,24726841,0x8927058918e3CFf6F55EfE45A58db1be1F069E49,ETH/USDC,eth,3000,False,6,18,4483.394513,192238,1183248890077850043876977949853967,604191365215466069,595009240433282151835123686152112,243880923664393872986769014544890534865998
2025-08-19,1755561600,24813241,0x8927058918e3CFf6F55EfE45A58db1be1F069E49,ETH/USDC,eth,3000,False,6,18,4319.542436,192610,1205481948058718787942069181026423,628270931360620179,599245121721907379563113001601430,245149325976695450947646216413918215650391
2025-08-20,1755648000,24899641,0x8927058918e3CFf6F55EfE45A58db1be1F069E49,ETH/USDC,eth,3000,False,6,18,4079.250462,193183,1240478947245684758636767627086187,168147542048805210,602293917478585327516210139142926,246321670281828319231755821675926782399895
2025-08-21,1755734400,24986041,0x8927058918e3CFf6F55EfE45A58db1be1F069E49,ETH/USDC,eth,3000,False,6,18,4339.660869,192564,1202684427446601830733981932390047,616812033906639952,607637580331124375189303755712829,247099787613034293085269724563242198099605
2025-08-22,1755820800,25072441,0x8927058918e3CFf6F55EfE45A58db1be1F069E49,ETH/USDC,eth,3000,False,6,18,4222.157109,192838,1219305096114708316293738717142414,549015028478986235,610180775490230207467348232087890,247910119541310744166716841333378076092753
2025-08-23,1755907200,25158841,0x8927058918e3CFf6F55EfE45A58db1be1F069E49,ETH/USDC,eth,3000,False,6,18,4831.167808,191491,1139865272147964183846892966514694,147869260948843194,618998226266136380754618481338741,248827261920015115667845447656936248381934
2025-08-24,1755993600,25245241,0x8927058918e3CFf6F55EfE45A58db1be1F069E49,ETH/USDC,eth,3000,False,6,18,4780.360932,191597,1145906649389907048291112050579930,191907644579676313,620686587877299312203157933025622,249262543280258947187936422229229162479948
2025-08-25,1756080000,25331641,0x8927058918e3CFf6F55EfE45A58db1be1F069E49,ETH/USDC,eth,3000,False,6,18,4787.370298,191582,1145067459994004981820644201970430,190683951449706271,625189857155628877947491495989643,250188168738009760232018364657284551155251
2025-08-26,1756166400,25418041,0x8927058918e3CFf6F55EfE45A58db1be1F069E49,ETH/USDC,eth,3000,False,6,18,4378.806461,192474,1197296488080031839189148406771068,184691791106583956,629459041584368868771510619962742,251802452628850849046549815000780400309606
2025-08-27,1756252800,25504441,0x8927058918e3CFf6F55EfE45A58db1be1F069E49,ETH/USDC,eth,3000,False,6,18,4604.675521,191971,1167562311670965973731633582096623,242256241415720883,634974429587110201042724756337310,252652053766537460920715071662745850456329
2025-08-28,1756339200,25590841,0x8927058918e3CFf6F55EfE45A58db1be1F069E49,ETH/USDC,eth,3000,False,6,18,4504.797364,192190,1180434662283082284208846931880436,241461658995475335,638697265610748247746013438881245,253629737565312164530486840826052162727553
2025-08-29,1756425600,25677241,0x8927058918e3CFf6F55EfE45A58db1be1F069E49,ETH/USDC,eth,3000,False,6,18,4502.640109,192195,1180717406793702204334741543614802,241405132161585752,640821097114838599238736578082060,254102359362430405614973994945530849970783
2025-08-30,1756512000,25763641,0x8927058918e3CFf6F55EfE45A58db1be1F069E49,ETH/USDC,eth,3000,False,6,18,4362.131469,192512,1199582740358571718926106129841033,234816861017799563,644044949793837306287390091912899,255085696064474131631054186405246492218113
2025-08-31,1756598400,25850041,0x8927058918e3CFf6F55EfE45A58db1be1F069E49,ETH/USDC,eth,3000,False,6,18,4365.523491,192504,1199116610491345852034224014305383,236462299046960095,645498054949302558024258305199066,255414199493530096773760393509693946535520
2025-09-01,1756684800,25936441,0x8927058918e3CFf6F55EfE45A58db1be1F069E49,ETH/USDC,eth,3000,False,6,18,4391.909317,192444,1195509142213345158876909465021777,241397621390703448,647091176470674148337297694928647,255726272600387825774412000615475629934908
2025-09-02,1756771200,26022841,0x8927058918e3CFf6F55EfE45A58db1be1F069E49,ETH/USDC,eth,3000,False,6,18,4305.595717,192643,1207432772813545139043570284538870,251200996526516265,650033815298951084444502700873929,256555498850679263468546252186950892730642
2025-09-03,1756857600,26109241,0x8927058918e3CFf6F55EfE45A58db1be1F069E49,ETH/USDC,eth,3000,False,6,18,4324.878003,192598,1204738121896801726100685916709447,251637586298910668,652885926078852366900853010372404,257179083082895404340248377461451623334665
2025-09-04,1756944000,26195641,0x8927058918e3CFf6F55EfE45A58db1be1F069E49,ETH/USDC,eth,3000,False,6,18,4459.552109,192291,1186407715254433755599056483901370,232969237764675187,655054066080627640044502744421911,257437233428701965997104542653228211565852
2025-09-05,1757030400,26282041,0x8927058918e3CFf6F55EfE45A58db1be1F069E49,ETH/USDC,eth,3000,False,6,18,4309.779295,192633,1206846592460078360869918081484050,236696833794356040,656496244581132671773083340761739,258032252001923087606752835796519956517404
2025-09-06,1757116800,26368441,0x8927058918e3CFf6F55EfE45A58db1be1F069E49,ETH/USDC,eth,3000,False,6,18,4307.01772,192639,1207233433696728477903254081689034,238173282383122911,659418436306334805747891754081520,258705501178114106097384716183037437971089
2025-09-07,1757203200,26454841,0x8927058918e3CFf6F55EfE45A58db1be1F069E49,ETH/USDC,eth,3000,False,6,18,4276.241586,192711,1211569878037074008115951540460947,236150584823985063,659916024499458215766063080489422,258877900725730693870972398118337025124641
2025-09-08,1757289600,26541241,0x8927058918e3CFf6F55EfE45A58db1be1F069E49,ETH/USDC,eth,3000,False,6,18,4310.675928,192631,1206721072130836904418575277402783,235818694849297972,660440954402875060984127062012598,258937364737448418322297499136512127632555
2025-09-09,1757376000,26627641,0x8927058918e3CFf6F55EfE45A58db1be1F069E49,ETH/USDC,eth,3000,False,6,18,4309.918802,192633,1206827060189576583727480464699109,234707899277663025,661744792382230997292157122205818,259240210889849836090477284042249840798904
2025-09-10,1757462400,26714041,0x8927058918e3CFf6F55EfE45A58db1be1F069E49,ETH/USDC,eth,3000,False,6,18,4307.123876,192639,1207218556483241588614560296613880,229688576290237293,662679478937368637999604528555471,259461201698849579303765918550109649479040
2025-09-11,1757548800,26800441,0x8927058918e3CFf6F55EfE45A58db1be1F069E49,ETH/USDC,eth,3000,False,6,18,4344.623779,192552,1201997311624684188683032866675119,220482366474112810,664288603369540547201522013706324,259762595263346059583413871120107600963476
2025-09-12,1757635200,26886841,0x8927058918e3CFf6F55EfE45A58db1be1F069E49,ETH/USDC,eth,3000,False,6,18,4457.567687,192296,1186671768617971927034220283002630,209653103083410370,666517325298859034587294874460667,260069344020730039341648480611080458820041
2025-09-13,1757721600,26973241,0x8927058918e3CFf6F55EfE45A58db1be1F069E49,ETH/USDC,eth,3000,False,6,18,4704.404123,191757,1155120450580254809459864105748357,150279786964149220,669499243348512138408099479538367,260311979262743581187088585270473365784100
2025-09-14,1757808000,27059641,0x8927058918e3CFf6F55EfE45A58db1be1F069E49,ETH/USDC,eth,3000,False,6,18,4661.344283,191849,1160443481549991553129706217649634,164385861666539016,670554835472583847262187868711440,260605619360802929411889716560750033352596
2025-09-15,1757894400,27146041,0x8927058918e3CFf6F55EfE45A58db1be1F069E49,ETH/USDC,eth,3000,False,6,18,4617.948416,191942,1165883202023738523474639253099657,165769768839413377,671297345992946613449406993193982,260836022353776202335361698980048110247696
2025-09-16,1757980800,27232441,0x8927058918e3CFf6F55EfE45A58db1be1F069E49,ETH/USDC,eth,3000,False,6,18,4518.149902,192161,1178689095851783174259195184401409,164433127035558622,672422089589643287870197770211536,261248199330520861282110511614858426763935
2025-09-17,1758067200,27318841,0x8927058918e3CFf6F55EfE45A58db1be1F069E49,ETH/USDC,eth,3000,False,6,18,4510.352503,192178,1179707501917475796574467622262559,159574975892438550,673485573805436922930287098199010,261498345775649229534466017242959760483696
2025-09-18,1758153600,27405241,0x8927058918e3CFf6F55EfE45A58db1be1F069E49,ETH/USDC,eth,3000,False,6,18,4598.080769,191985,1168399293946652235490746769080320,167182820087051345,677061785809121360173686931264260,262146002986403720105300443707751378200403
2025-09-19,1758240000,27491641,0x8927058918e3CFf6F55EfE45A58db1be1F069E49,ETH/USDC,eth,3000,False,6,18,4586.700445,192010,1169847887040824269008494237531725,165031021689261273,678107474477185179103943863010983,262392041256643439623731587846667105394660
2025-09-20,1758326400,27578041,0x8927058918e3CFf6F55EfE45A58db1be1F069E49,ETH/USDC,eth,3000,False,6,18,4462.588596,192284,1186004011801935270680372466686065,157420850238791667,678596733688220234290720526815206,262708965652762823168085866270256737667620
2025-09-21,1758412800,27664441,0x8927058918e3CFf6F55EfE45A58db1be1F069E49,ETH/USDC,eth,3000,False,6,18,4490.961372,192221,1182251636726597394165264125811616,158124579977075987,678922435083157309328157781727869,262733162158247825677331660295376513603479
2025-09-22,1758499200,27750841,0x8927058918e3CFf6F55EfE45A58db1be1F069E49,ETH/USDC,eth,3000,False,6,18,4459.287746,192292,1186442882111060419522150846096851,157521789459714946,679207510638857095076274858106610,262851017489568981476692563221529957343225
2025-09-23,1758585600,27837241,0x8927058918e3CFf6F55EfE45A58db1be1F069E49,ETH/USDC,eth,3000,False,6,18,4198.891692,192894,1222678421352973977859361562257013,165722671621711668,682418487510932223033309271383139,264084466295167590490929382235444441991255
2025-09-24,1758672000,27923641,0x8927058918e3CFf6F55EfE45A58db1be1F069E49,ETH/USDC,eth,3000,False,6,18,4174.936083,192951,1226181242686741080609490818587450,157586849836265625,684093689971500512188118516033264,264530794245038015560392649447062486377010
2025-09-25,1758758400,28010041,0x8927058918e3CFf6F55EfE45A58db1be1F069E49,ETH/USDC,eth,3000,False,6,18,4154.057225,193001,1229258857411635009001700013013917,156691641347443842,685419097295970754493303024056932,264889747409720691477930055724143054195422
2025-09-26,1758844800,28096441,0x8927058918e3CFf6F55EfE45A58db1be1F069E49,ETH/USDC,eth,3000,False,6,18,3865.653942,193721,1274289478647231575133664890515886,93575217313686042,689790016244595771225187499850273,266571780203243972845512553972993385237159
2025-09-27,1758931200,28182841,0x8927058918e3CFf6F55EfE45A58db1be1F069E49,ETH/USDC,eth,3000,False,6,18,4029.741342,193305,1248075903231610248143220200486785,118093555858228626,693386639836427569540887255123559,267144589276348188517154112715835680669119
2025-09-28,1759017600,28269241,0x8927058918e3CFf6F55EfE45A58db1be1F069E49,ETH/USDC,eth,3000,False,6,18,4023.349004,193321,1249066987669487820632615998740488,116614734868796601,693949599795814348269285712567780,267297829261571799438019864482297410243477
2025-09-29,1759104000,28355641,0x8927058918e3CFf6F55EfE45A58db1be1F069E49,ETH/USDC,eth,3000,False,6,18,4134.336684,193049,1232187115547485763334437101867315,144188046824347467,695311463838245942216688168592233,267415339898219053349874836027040428676044
2025-09-30,1759190400,28442041,0x8927058918e3CFf6F55EfE45A58db1be1F069E49,ETH/USDC,eth,3000,False,6,18,4226.638258,192828,1218658561316381806408845062307840,145203617988039988,697062471978405262944024310846784,267661905979253806716076222606376703750598
2025-10-01,1759276800,28528441,0x8927058918e3CFf6F55EfE45A58db1be1F069E49,ETH/USDC,eth,3000,False,6,18,4135.560315,193046,1232004812065914257155242114154496,144729439036728960,698319261610153726985154944520360,268136333619668382410711207869006529146464
2025-10-02,1759363200,28614841,0x8927058918e3CFf6F55EfE45A58db1be1F069E49,ETH/USDC,eth,3000,False,6,18,4345.99341,192549,1201807893207354142593134601699328,141129682119731894,700867385499185010350238793108985,268346137741099018429524207627302594117783
2025-10-03,1759449600,28701241,0x8927058918e3CFf6F55EfE45A58db1be1F069E49,ETH/USDC,eth,3000,False,6,18,4478.260796,192249,1183926912816435816346090452889414,141872903318726289,703335100505584663862988712012890,268674668540958970901974882486162417124569
2025-10-04,1759536000,28787641,0x8927058918e3CFf6F55EfE45A58db1be1F069E49,ETH/USDC,eth,3000,False,6,18,4524.481661,192147,1177864052372237766477728453672265,138516565555560782,706322920831017573593699189537965,269259418100604379563967879928429430074097
2025-10-05,1759622400,28874041,0x8927058918e3CFf6F55EfE45A58db1be1F069E49,ETH/USDC,eth,3000,False,6,18,4484.244834,192236,1183136698492697317794138995691771,141968459065362720,706785954844347200613241877064818,269430785638921135367798399804126817122350
2025-10-06,1759708800,28960441,0x8927058918e3CFf6F55EfE45A58db1be1F069E49,ETH/USDC,eth,3000,False,6,18,4512.371331,192174,1179443572717937953944885290746489,137999864908279148,708164476859549604240457659540782,269686692761810249607665903489296215750041
2025-10-07,1759795200,29046841,0x8927058918e3CFf6F55EfE45A58db1be1F069E49,ETH/USDC,eth,3000,False,6,18,4696.781092,191773,1156057469790198769730519726305253,132399558880311307,710511774953469060328782969485294,269894441247526453089147094417290206412158
2025-10-08,1759881600,29133241,0x8927058918e3CFf6F55EfE45A58db1be1F069E49,ETH/USDC,eth,3000,False,6,18,4464.262042,192281,1185781701962838302910440979753441,136982622267407778,724306003264284306519706226296555,273311921216914583548513366455507189888010
2025-10-09,1759968000,29219641,0x8927058918e3CFf6F55EfE45A58db1be1F069E49,ETH/USDC,eth,3000,False,6,18,4526.135113,192143,1177648888727349159072633349734400,137005895980043844,726354110672119753750817213601092,273663532302097579904140248045139711425553
2025-10-10,1760054400,29306041,0x8927058918e3CFf6F55EfE45A58db1be1F069E49,ETH/USDC,eth,3000,False,6,18,4374.832747,192483,1197840124226730041721634767871800,138040975502729675,728368114553071786694117745275382,274387308804512432645710671916948110087675
2025-10-11,1760140800,29392441,0x8927058918e3CFf6F55EfE45A58db1be1F069E49,ETH/USDC,eth,3000,False,6,18,3835.684337,193798,1279258037229076954542112718488742,97077623490222563,739705589380750644939858735687176,278317397458357712391128325892200157667769
2025-10-12,1760227200,29478841,0x8927058918e3CFf6F55EfE45A58db1be1F069E49,ETH/USDC,eth,3000,False,6,18,3747.866238,194030,1294158718720636129364841781397669,95331284426070029,745631947052366125680048740575995,280074727701386568240011009817915576189727
2025-10-13,1760313600,29565241,0x8927058918e3CFf6F55EfE45A58db1be1F069E49,ETH/USDC,eth,3000,False,6,18,4153.114458,193003,1229398371778357469099466554343424,127786242509802424,754135254027536414453778807836640,281380802983577674188926720933969016045826
2025-10-14,1760400000,29651641,0x8927058918e3CFf6F55EfE45A58db1be1F069E49,ETH/USDC,eth,3000,False,6,18,4252.814914,192766,1214902267483595003572120268570624,128720262678911986,759176290930675323747724734009188,282405861381335132897132027029962043075008
2025-10-15,1760486400,29738041,0x8927058918e3CFf6F55EfE45A58db1be1F069E49,ETH/USDC,eth,3000,False,6,18,4134.73107,193048,1232128348902053577585899175316920,126289561924027123,766023295705138971962105994356464,284324882957961896417517526612027641577175
2025-10-16,1760572800,29824441,0x8927058918e3CFf6F55EfE45A58db1be1F069E49,ETH/USDC,eth,3000,False,6,18,3983.63688,193420,1255277404910587766980179904167936,108600103083390394,770128460492392729125258984781113,285636662646309204472148423257862951631081
2025-10-17,1760659200,29910841,0x8927058918e3CFf6F55EfE45A58db1be1F069E49,ETH/USDC,eth,3000,False,6,18,3887.73383,193664,1270665744002374593253752615232420,101290592236384355,774518147440978236861515159863281,286941798273014423024475162575340286294568
2025-10-18,1760745600,29997241,0x8927058918e3CFf6F55EfE45A58db1be1F069E49,ETH/USDC,eth,3000,False,6,18,3841.721764,193783,1278252438069764023847153511805877,101286743816739198,780079339183778989131651036349698,288508379341305320834873329167175583762400
2025-10-19,1760832000,30083641,0x8927058918e3CFf6F55EfE45A58db1be1F069E49,ETH/USDC,eth,3000,False,6,18,3886.487821,193667,1270869415588193379802113013448704,102748148446445411,781473763542505021703905203588346,288772857148059670822161072798949425832076
2025-10-20,1760918400,30170041,0x8927058918e3CFf6F55EfE45A58db1be1F069E49,ETH/USDC,eth,3000,False,6,18,3983.661273,193420,1255273561714133360355839896977408,103769945218999402,784549714736857499667609516609507,289353766032057751904204812224148313170359
2025-10-21,1761004800,30256441,0x8927058918e3CFf6F55EfE45A58db1be1F069E49,ETH/USDC,eth,3000,False,6,18,3983.62342,193420,1255279525566387204137373101195264,105163811896053320,786830978222568769653394476796428,289925370493621376691481091966456431634347
2025-10-22,1761091200,30342841,0x8927058918e3CFf6F55EfE45A58db1be1F069E49,ETH/USDC,eth,3000,False,6,18,3872.044404,193704,1273237494093803561746163592089119,107643172192452469,790894156728207628519376296338733,291183744130180324097043338793759270508552
2025-10-23,1761177600,30429241,0x8927058918e3CFf6F55EfE45A58db1be1F069E49,ETH/USDC,eth,3000,False,6,18,3806.147344,193876,1284212182271860896807559949713408,99971672991228448,794952812418745817352473366147968,292388897029310370310299527043926640242741
2025-10-24,1761264000,30515641,0x8927058918e3CFf6F55EfE45A58db1be1F069E49,ETH/USDC,eth,3000,False,6,18,3850.19623,193761,1276844915718565218506834184241152,107783917692331127,797192950330866158668228546888993,292873189081041157670146969641935690411064
2025-10-25,1761350400,30602041,0x8927058918e3CFf6F55EfE45A58db1be1F069E49,ETH/USDC,eth,3000,False,6,18,3934.616674,193544,1263072761860115649695895306665619,108592087318199698,799617861582596370214832625151449,293312647816308491548896320258168758364134
2025-10-26,1761436800,30688441,0x8927058918e3CFf6F55EfE45A58db1be1F069E49,ETH/USDC,eth,3000,False,6,18,3953.97845,193495,1259976469892876486612946252124524,108601456511026358,800081473342870746061080636221756,293390221615857296108160963473376963189086
2025-10-27,1761523200,30774841,0x8927058918e3CFf6F55EfE45A58db1be1F069E49,ETH/USDC,eth,3000,False,6,18,4167.035237,192970,1227343133667746105618120306589696,132472056895041505,802466752172347390470299323706773,293556899265938844107622162822262214832972
2025-10-28,1761609600,30861241,0x8927058918e3CFf6F55EfE45A58db1be1F069E49,ETH/USDC,eth,3000,False,6,18,4116.449751,193092,1234861283763367534916197973484687,127869967206732616,804596176519996655071597528696113,294163750134579772373854935847412037489099
2025-10-29,1761696000,30947641,0x8927058918e3CFf6F55EfE45A58db1be1F069E49,ETH/USDC,eth,3000,False,6,18,3989.255153,193406,1254393157601249020091415251648512,108681305964460562,806795816478121483268201647119460,294954902086686337494987053289382285318288
2025-10-30,1761782400,31034041,0x8927058918e3CFf6F55EfE45A58db1be1F069E49,ETH/USDC,eth,3000,False,6,18,3894.242203,193647,1269603480263470153095153138990705,108835389088458173,809818344534758457656445261432516,295917966444835062464170178064175346984929
2025-10-31,1761868800,31120441,0x8927058918e3CFf6F55EfE45A58db1be1F069E49,ETH/USDC,eth,3000,False,6,18,3796.068896,193902,1285915824359719234184496197664768,100873890588424096,813056563639707467980562063464686,296977104558538440556902742235952905412207
2025-11-01,1761955200,31206841,0x8927058918e3CFf6F55EfE45A58db1be1F069E49,ETH/USDC,eth,3000,False,6,18,3853.849888,193751,1276239513248972546658873031633185,107533067099938260,815592370128387075948188208677583,297511530035690346994715575943085976567584
2025-11-02,1762041600,31293241,0x8927058918e3CFf6F55EfE45A58db1be1F069E49,ETH/USDC,eth,3000,False,6,18,3874.842771,193697,1272777652330649749785588818830226,112436857746616676,816196870151397570778907710630956,297622835887292563331232422703487087674936
2025-11-03,1762128000,31379641,0x8927058918e3CFf6F55EfE45A58db1be1F069E49,ETH/USDC,eth,3000,False,6,18,3904.777341,193620,1267889620432173769576836258831648,114750573494586759,817165971951732229756617897572311,297809517508057454980409352194637385013927
2025-11-04,1762214400,31466041,0x8927058918e3CFf6F55EfE45A58db1be1F069E49,ETH/USDC,eth,3000,False,6,18,3596.255676,194443,1321156614935151990010742451470336,97366026981615421,821271317279327111003595984591458,299623349492383583797612749306791649668264
2025-11-05,1762300800,31552441,0x8927058918e3CFf6F55EfE45A58db1be1F069E49,ETH/USDC,eth,3000,False,6,18,3290.574328,195331,1381159169836012580847848859369472,12415701630520064,831018884004341157115739974088664,303335499664801255532056282294477741355346
2025-11-06,1762387200,31638841,0x8927058918e3CFf6F55EfE45A58db1be1F069E49,ETH/USDC,eth,3000,False,6,18,3425.612204,194929,1353662771682890516399159130756108,13820844400779599,836482489999272269718881745993296,304626780499449663616284517531759348967852
2025-11-07,1762473600,31725241,0x8927058918e3CFf6F55EfE45A58db1be1F069E49,ETH/USDC,eth,3000,False,6,18,3304.41898,195289,1378262785014238059946317297281489,12479244537399853,840572418866678212631524647510366,306167218709992137278595108795212387136255
2025-11-08,1762560000,31811641,0x8927058918e3CFf6F55EfE45A58db1be1F069E49,ETH/USDC,eth,3000,False,6,18,3442.252455,194881,1350386925882306109256180516506018,13901743624107173,845933737758259333138972557917936,307424168058448463899027921433467640934552
2025-11-09,1762646400,31898041,0x8927058918e3CFf6F55EfE45A58db1be1F069E49,ETH/USDC,eth,3000,False,6,18,3404.311224,194991,1357891142520700481410540733726720,13759890085861377,847666052622398874303173542457933,308027744045203267895414486111836196649225
2025-11-10,1762732800,31984441,0x8927058918e3CFf6F55EfE45A58db1be1F069E49,ETH/USDC,eth,3000,False,6,18,3576.06655,194499,1324880742514648100580057074761827,99083138369201123,850949400331063723160345699794376,308541728165021451548291556180703140896791
2025-11-11,1762819200,32070841,0x8927058918e3CFf6F55EfE45A58db1be1F069E49,ETH/USDC,eth,3000,False,6,18,3570.445438,194515,1325923241993530184352966395296118,98564223158578774,853897642378683478234981134232959,309380764321742192646913533052550770859862
2025-11-12,1762905600,32157241,0x8927058918e3CFf6F55EfE45A58db1be1F069E49,ETH/USDC,eth,3000,False,6,18,3418.659394,194949,1355038600418712061413070135216980,14497185956864090,856687247719280878289341019542008,310542685377345288764622734351448756470402
2025-11-13,1762992000,32243641,0x8927058918e3CFf6F55EfE45A58db1be1F069E49,ETH/USDC,eth,3000,False,6,18,3413.079775,194966,1356145740130055531109651249314387,17660625859011391,861781892932358054330483561849595,312033832853183919539556712258051347342180
2025-11-14,1763078400,32330041,0x8927058918e3CFf6F55EfE45A58db1be1F069E49,ETH/USDC,eth,3000,False,6,18,3236.492402,195497,1392650975901564601515261047968025,16268666423968158,868252756367399845857064682227732,314430401097574499949664668628431706870872
2025-11-15,1763164800,32416441,0x8927058918e3CFf6F55EfE45A58db1be1F069E49,ETH/USDC,eth,3000,False,6,18,3109.645569,195897,1420771176244041903274569234798172,12811667051799049,878967591671517502075650408052445,318180738035141378352344554061253155946321
2025-11-16,1763251200,32502841,0x8927058918e3CFf6F55EfE45A58db1be1F069E49,ETH/USDC,eth,3000,False,6,18,3166.45808,195716,1407967766285071735327601669728696,12896069510601615,881134017994169511275625293774867,318700034209833283313871131167655074311497
2025-11-17,1763337600,32589241,0x8927058918e3CFf6F55EfE45A58db1be1F069E49,ETH/USDC,eth,3000,False,6,18,3096.447029,195939,1423795959988850797030754948969842,12490366408393298,885639065574166267619425090116411,320356776633272717191880173269361796800765
2025-11-18,1763424000,32675641,0x8927058918e3CFf6F55EfE45A58db1be1F069E49,ETH/USDC,eth,3000,False,6,18,3019.647396,196191,1441788200867837584181000277850452,8610886357450711,891484169989064657915904326662441,322478994945272139815487837704659727084011
2025-11-19,1763510400,32762041,0x8927058918e3CFf6F55EfE45A58db1be1F069E49,ETH/USDC,eth,3000,False,6,18,3116.056165,195876,1419308962733797562238221497262721,15642753615973227,898397027929228682758682662673751,324463073491247729153325691827440876661960
2025-11-20,1763596800,32848441,0x8927058918e3CFf6F55EfE45A58db1be1F069E49,ETH/USDC,eth,3000,False,6,18,3016.329219,196202,1442581017758658409571224628756480,10942825214285190,904111738448138725785816793027411,326671563245788091704794842882185541925993
2025-11-21,1763683200,32934841,0x8927058918e3CFf6F55EfE45A58db1be1F069E49,ETH/USDC,eth,3000,False,6,18,2833.103316,196828,1488498418395958394794821056306125,7399356863169788,913925705910434718721835590170833,330676820541679788933636854242976409332313
2025-11-22,1763769600,33021241,0x8927058918e3CFf6F55EfE45A58db1be1F069E49,ETH/USDC,eth,3000,False,6,18,2760.192124,197089,1508029813635643471153692298640880,7268008421149972,926518787272263810288520276620063,335527603965153405175736107004255885443874
2025-11-23,1763856000,33107641,0x8927058918e3CFf6F55EfE45A58db1be1F069E49,ETH/USDC,eth,3000,False,6,18,2774.088287,197039,1504248005920386427564883058139422,7388863236884588,928465340246205381486330103729967,336187488223955703831988789268294466110374
2025-11-24,1763942400,33194041,0x8927058918e3CFf6F55EfE45A58db1be1F069E49,ETH/USDC,eth,3000,False,6,18,2803.234571,196934,1496407456225293439196038931196558,7537572727120587,930729747636029186880422265118595,336890819559633828441088827579160083936136
2025-11-25,1764028800,33280441,0x8927058918e3CFf6F55EfE45A58db1be1F069E49,ETH/USDC,eth,3000,False,6,18,2961.004148,196387,1455995644689435794835664071179465,8863173407343985,936046375235527913740410711421625,338237099644618776263812028888134690146789
2025-11-26,1764115200,33366841,0x8927058918e3CFf6F55EfE45A58db1be1F069E49,ETH/USDC,eth,3000,False,6,18,2961.850315,196384,1455787649109232364436270609276265,10575475564708724,939888159869812112485006475334117,339556524011366164445723645622176732743168
2025-11-27,1764201600,33453241,0x8927058918e3CFf6F55EfE45A58db1be1F069E49,ETH/USDC,eth,3000,False,6,18,3026.298713,196169,1440202920105656299366807745721963,10482572358533772,942248737439775596100487402924070,340152581000937162927131042912992715510872
2025-11-28,1764288000,33539641,0x8927058918e3CFf6F55EfE45A58db1be1F069E49,ETH/USDC,eth,3000,False,6,18,3014.500903,196208,1443018419113150578374289049244049,8651977063639063,943200662606211721456831511496690,340503189149463523204866182200552059193538
2025-11-29,1764374400,33626041,0x8927058918e3CFf6F55EfE45A58db1be1F069E49,ETH/USDC,eth,3000,False,6,18,3037.548277,196131,1437533549743264591517140284585554,12186194239282992,945367510044190035084651971151833,341143298754303241851673209816431444855303
2025-11-30,1764460800,33712441,0x8927058918e3CFf6F55EfE45A58db1be1F069E49,ETH/USDC,eth,3000,False,6,18,2992.376406,196281,1448343160484951912576585656027374,9275130486846597,945948100380714400105749019910248,341476237346915964331057454115286450721054
2025-12-01,1764547200,33798841,0x8927058918e3CFf6F55EfE45A58db1be1F069E49,ETH/USDC,eth,3000,False,6,18,2999.249873,196258,1446682603951540366730007303482507,9681699511343452,946725251496873007569481943971571,341712610689554204856910313699248739650240
2025-12-02,1764633600,33885241,0x8927058918e3CFf6F55EfE45A58db1be1F069E49,ETH/USDC,eth,3000,False,6,18,2806.73268,196922,1495474658274172020711525350171712,8193052916389149,950313200835366140807916495935776,343623275164820187961945311329342109529600
2025-12-03,1764720000,33971641,0x8927058918e3CFf6F55EfE45A58db1be1F069E49,ETH/USDC,eth,3000,False,6,18,3002.461464,196248,1445908673008849909209610880817443,9756425280810103,956565228026564117856866105895304,345115800273098546558116179868067480755687
2025-12-04,1764806400,34058041,0x8927058918e3CFf6F55EfE45A58db1be1F069E49,ETH/USDC,eth,3000,False,6,18,3189.999869,195642,1402762835150059758572205129072640,13474564138415113,960783927351003170708226064626898,345921287841506140046478982879574821225477
2025-12-05,1764892800,34144441,0x8927058918e3CFf6F55EfE45A58db1be1F069E49,ETH/USDC,eth,3000,False,6,18,3139.649653,195801,1413966074134873229594865933746176,13355595559619403,963588897148407790291273498509815,346950555103867878957990871729045623622501
2025-12-06,1764979200,34230841,0x8927058918e3CFf6F55EfE45A58db1be1F069E49,ETH/USDC,eth,3000,False,6,18,3018.078177,196196,1442162973685223793957175704944640,10181912744838244,966413936829715007698390270964464,348231152691289776443342601940078089560812
2025-12-07,1765065600,34317241,0x8927058918e3CFf6F55EfE45A58db1be1F069E49,ETH/USDC,eth,3000,False,6,18,3037.479762,196132,1437549762440742720379515136114688,14362669741056304,967355443694746305470470570117360,348481418878359906264952685786443240398461
2025-12-08,1765152000,34403641,0x8927058918e3CFf6F55EfE45A58db1be1F069E49,ETH/USDC,eth,3000,False,6,18,3056.676858,196069,1433028472178497433090512058723978,13389334128346419,970797233376315126178940754271427,349558406070282257790389447700531759911438
2025-12-09,1765238400,34490041,0x8927058918e3CFf6F55EfE45A58db1be1F069E49,ETH/USDC,eth,3000,False,6,18,3122.987284,195854,1417733089477231399519556137136253,13616910999745566,974080308231198892963769022488068,350412442673823046056542499965953531989358
2025-12-10,1765324800,34576441,0x8927058918e3CFf6F55EfE45A58db1be1F069E49,ETH/USDC,eth,3000,False,6,18,3327.761342,195219,1373420411730554198251148706970559,14815610284880733,978269330970419209919086780093413,351137949002488941716424679031609233250562
2025-12-11,1765411200,34662841,0x8927058918e3CFf6F55EfE45A58db1be1F069E49,ETH/USDC,eth,3000,False,6,18,3331.177573,195209,1372715987489024047958093977572341,14859703318711897,982685736323211407097003097380267,352440410684370462411814336273066249652775
2025-12-12,1765497600,34749241,0x8927058918e3CFf6F55EfE45A58db1be1F069E49,ETH/USDC,eth,3000,False,6,18,3235.23028,195501,1392922598667750964547618743517184,14938188535597416,985605756505597570858044986510961,353612783454353331485384817123104928492126
2025-12-13,1765584000,34835641,0x8927058918e3CFf6F55EfE45A58db1be1F069E49,ETH/USDC,eth,3000,False,6,18,3088.159708,195966,1425705114435527327881472440795136,14640607589041969,987671391239543974073962665546903,354693370548869932776263436298814947231467
2025-12-14,1765670400,34922041,0x8927058918e3CFf6F55EfE45A58db1be1F069E49,ETH/USDC,eth,3000,False,6,18,3111.042336,195892,1420452198065112321968001052644751,14756544039020938,988368780281454159667396561462279,354849965812949443167001719813501078074583
2025-12-15,1765756800,35008441,0x8927058918e3CFf6F55EfE45A58db1be1F069E49,ETH/USDC,eth,3000,False,6,18,3060.180161,196057,1432207969677428325886804289912832,14645658086049904,989756653460076266548157603870801,355452456358028455008360722797984195879658
2025-12-16,1765843200,35094841,0x8927058918e3CFf6F55EfE45A58db1be1F069E49,ETH/USDC,eth,3000,False,6,18,2960.486436,196388,1456122946918421266188669459026960,10507672891096362,993153462406029314032340704955849,356879343767653356697502303884318865597043
2025-12-17,1765929600,35181241,0x8927058918e3CFf6F55EfE45A58db1be1F069E49,ETH/USDC,eth,3000,False,6,18,2956.893388,196401,1457007377006452227682220232500053,10967575429172746,996578001561717303220925100867118,358056966517255800226734718835405149903729
2025-12-18,1766016000,35267641,0x8927058918e3CFf6F55EfE45A58db1be1F069E49,ETH/USDC,eth,3000,False,6,18,2825.68586,196854,1490450800207919217609666869225477,8499973601819899,999920108192774173240271151637521,359638311919404062016067344789992246111507
2025-12-19,1766102400,35354041,0x8927058918e3CFf6F55EfE45A58db1be1F069E49,ETH/USDC,eth,3000,False,6,18,2824.626393,196858,1490730294808015858570433909554439,8500360398274815,1004981627830325074605974308913619,361397220814528882109098887201272111548237
2025-12-20,1766188800,35440441,0x8927058918e3CFf6F55EfE45A58db1be1F069E49,ETH/USDC,eth,3000,False,6,18,2982.823673,196313,1450660524566237480667080335679111,11038655165231246,1009374618621408887520068858986203,362376924706050511978872678532579218412493
2025-12-21,1766275200,35526841,0x8927058918e3CFf6F55EfE45A58db1be1F069E49,ETH/USDC,eth,3000,False,6,18,2976.306842,196335,1452247817142393476819167206192097,11119667435236633,1009623869115231599931981416399351,362481143152027664102678367791035716804122
2025-12-22,1766361600,35613241,0x8927058918e3CFf6F55EfE45A58db1be1F069E49,ETH/USDC,eth,3000,False,6,18,3000.473898,196254,1446387491180557436458934700359608,11484076532179744,1010586567952218788507056128554502,362728332498266457274596769042477114694070
2025-12-23,1766448000,35699641,0x8927058918e3CFf6F55EfE45A58db1be1F069E49,ETH/USDC,eth,3000,False,6,18,3005.538098,196237,1445168427604560275692204972834816,11078340177475639,1012850404654257548166942453934527,363460953582397761437763218876010913078593
2025-12-24,1766534400,35786041,0x8927058918e3CFf6F55EfE45A58db1be1F069E49,ETH/USDC,eth,3000,False,6,18,2962.639282,196381,1455593793974328447132571775802640,10681574377669985,1014486066931489706153588719795997,364149342176789693322020061962269809762579
2025-12-25,1766620800,35872441,0x8927058918e3CFf6F55EfE45A58db1be1F069E49,ETH/USDC,eth,3000,False,6,18,2953.679682,196411,1457799798951745790003595542790144,10608462649761811,1016261635177769633481577945889932,364780777706010592358725193216649528242231
2025-12-26,1766707200,35958841,0x8927058918e3CFf6F55EfE45A58db1be1F069E49,ETH/USDC,eth,3000,False,6,18,2898.661978,196599,1471569563704753450093219268066019,8646087978873902,1016724428476686682080937215325370,365116105729868161219641032758767668440608
2025-12-27,1766793600,36045241,0x8927058918e3CFf6F55EfE45A58db1be1F069E49,ETH/USDC,eth,3000,False,6,18,2928.145555,196498,1464142182779730082705544182759424,9734580296901812,1018230873945708953714868105330805,365532162096898148118462174253048996011625
2025-12-28,1766880000,36131641,0x8927058918e3CFf6F55EfE45A58db1be1F069E49,ETH/USDC,eth,3000,False,6,18,2949.165959,196427,1458914959774625416161997412714243,9735122557672946,1018565077719573293062640560694207,365578423314344581294775900140598780633541
2025-12-29,1766966400,36218041,0x8927058918e3CFf6F55EfE45A58db1be1F069E49,ETH/USDC,eth,3000,False,6,18,2944.594538,196442,1460046987808076295349787934326784,20218634742815565,1018886903574701512683762608707438,365702435248243725409470690466470606130841
2025-12-30,1767052800,36304441,0x8927058918e3CFf6F55EfE45A58db1be1F069E49,ETH/USDC,eth,3000,False,6,18,2932.772224,196483,1462986829848934435599273445297886,20222153157256827,1020708251230491776296040503800100,366354274643732210209479697071098838199282
2025-12-31,1767139200,36390841,0x8927058918e3CFf6F55EfE45A58db1be1F069E49,ETH/USDC,eth,3000,False,6,18,2964.533144,196375,1455128773984643512297471160090624,20282364187042986,1022000663341981216550027515324743,366688521439477310654573516862321368762897
2026-01-01,1767225600,36477241,0x8927058918e3CFf6F55EfE45A58db1be1F069E49,ETH/USDC,eth,3000,False,6,18,2973.206346,196346,1453004830716029247749310783094745,20859296572313276,1022758367263507399043102670571760,366914956331259330638404627498633928884971
2026-01-02,1767312000,36563641,0x8927058918e3CFf6F55EfE45A58db1be1F069E49,ETH/USDC,eth,3000,False,6,18,2997.895732,196263,1447009298094848355160803690260651,20817132907100686,1023031248323478874135773057367851,366928859916424600402643579222387453620049
2026-01-03,1767398400,36650041,0x8927058918e3CFf6F55EfE45A58db1be1F069E49,ETH/USDC,eth,3000,False,6,18,3128.905372,195835,1416391687341304495236829081438697,14524275590353068,1025504612381396249533667324422124,367337798394047256167176027910984810547097
2026-01-04,1767484800,36736441,0x8927058918e3CFf6F55EfE45A58db1be1F069E49,ETH/USDC,eth,3000,False,6,18,3120.581567,195862,1418279463298771645062118982786365,14524275590353068,1025834552889099626689546011546639,367468539019691209737752188006198920799593
2026-01-05,1767571200,36822841,0x8927058918e3CFf6F55EfE45A58db1be1F069E49,ETH/USDC,eth,3000,False,6,18,3143.055123,195790,1413199857097652588955325691856533,14524275590353068,1026457531122031573950585686131355,367601415340640111423294112468384834970354
2026-01-06,1767657600,36909241,0x8927058918e3CFf6F55EfE45A58db1be1F069E49,ETH/USDC,eth,3000,False,6,18,3234.983655,195502,1392975693663663300612465317596184,14504104168205815,1028882583855388826726839271853119,368101209565683001091181139855340496096314
2026-01-07,1767744000,36995641,0x8927058918e3CFf6F55EfE45A58db1be1F069E49,ETH/USDC,eth,3000,False,6,18,3290.50525,195332,1381173667185614850388853562277888,16772852964686222,1031269309752882219118447131884680,368683181976171838718728412796548059682504
2026-01-08,1767830400,37082041,0x8927058918e3CFf6F55EfE45A58db1be1F069E49,ETH/USDC,eth,3000,False,6,18,3169.223309,195707,1407353388270625390064158982263515,16725803252053346,1032500419690825888249867192181625,369408315796764048208861705642531675361232
2026-01-09,1767916800,37168441,0x8927058918e3CFf6F55EfE45A58db1be1F069E49,ETH/USDC,eth,3000,False,6,18,3111.082354,195892,1420443062350763795069744090972160,14419390049640753,1034258356219084279147555003647316,370143508814254527144431218713776838266330
2026-01-10,1768003200,37254841,0x8927058918e3CFf6F55EfE45A58db1be1F069E49,ETH/USDC,eth,3000,False,6,18,3080.691734,195990,1427432110462438684065573016343581,14947436204092287,1036233483259181613852710482731418,370870852754386912937538794156631877177618
2026-01-11,1768089600,37341241,0x8927058918e3CFf6F55EfE45A58db1be1F069E49,ETH/USDC,eth,3000,False,6,18,3084.523221,195978,1426545281708665328727807270862212,14904086037700958,1036328362646443962543421444881915,370890138392293237794430858426233311986369
2026-01-12,1768176000,37427641,0x8927058918e3CFf6F55EfE45A58db1be1F069E49,ETH/USDC,eth,3000,False,6,18,3112.586981,195887,1420099699116575936767495038304256,14381123608698128,1037038758872477417644535131666285,371035487170700199077111431875666844428488
2026-01-13,1768262400,37514041,0x8927058918e3CFf6F55EfE45A58db1be1F069E49,ETH/USDC,eth,3000,False,6,18,3095.038119,195944,1424119990135973930609187807415454,14487594214445188,1038623638044620686323361804715313,371596570966259394616111511856776084620969
2026-01-14,1768348800,37600441,0x8927058918e3CFf6F55EfE45A58db1be1F069E49,ETH/USDC,eth,3000,False,6,18,3324.080483,195230,1374180617165088876283169211416576,12908682474783142,1041817853060932523021031749729979,371942041574292086657043112845048319580416
2026-01-15,1768435200,37686841,0x8927058918e3CFf6F55EfE45A58db1be1F069E49,ETH/USDC,eth,3000,False,6,18,3360.33021,195122,1366748498805041411572345163658102,12922913611153862,1044139236749624264831450606481518,372539540201300656313809781190869709666205
2026-01-16,1768521600,37773241,0x8927058918e3CFf6F55EfE45A58db1be1F069E49,ETH/USDC,eth,3000,False,6,18,3313.13302,195263,1376449071892390282978695898527494,12398614563134584,1045870672502313731759858853180677,373185908643901242596441329956593240869732
2026-01-17,1768608000,37859641,0x8927058918e3CFf6F55EfE45A58db1be1F069E49,ETH/USDC,eth,3000,False,6,18,3289.342362,195335,1381417790239002296895566210211795,12460688492719865,1046507861806327708009556046641375,373443877708799225060349297623212952855647
2026-01-18,1768694400,37946041,0x8927058918e3CFf6F55EfE45A58db1be1F069E49,ETH/USDC,eth,3000,False,6,18,3306.854629,195282,1377755114783042023177561034457088,13490756116860641,1046777093714513494998366062080327,373478018620362162652220630587148069528825
2026-01-19,1768780800,38032441,0x8927058918e3CFf6F55EfE45A58db1be1F069E49,ETH/USDC,eth,3000,False,6,18,3287.83958,195340,1381733458393458043942678818717696,13554483071778231,1047306488911512096064138899853548,373688321098454433608813619411545254576533
2026-01-20,1768867200,38118841,0x8927058918e3CFf6F55EfE45A58db1be1F069E49,ETH/USDC,eth,3000,False,6,18,3185.545805,195656,1403743171394290500075098707329024,13350990752369043,1048587839659183458231665579217480,374371423442369244330120457389149658983531
2026-01-21,1768953600,38205241,0x8927058918e3CFf6F55EfE45A58db1be1F069E49,ETH/USDC,eth,3000,False,6,18,2938.279431,196464,1461615151094700526324946168709120,13030632558067374,1049930634099371942541068405068512,375561442070709475685226228211195356084479
2026-01-22,1769040000,38291641,0x8927058918e3CFf6F55EfE45A58db1be1F069E49,ETH/USDC,eth,3000,False,6,18,2979.565426,196324,1451453478879986301344749476380672,17503544372848330,1055473992043653310961058302053220,377300792285025975975218337873560279342758
2026-01-23,1769126400,38378041,0x8927058918e3CFf6F55EfE45A58db1be1F069E49,ETH/USDC,eth,3000,False,6,18,2953.489659,196412,1457846694373275307205219152679385,17573054966922415,1057425038144296188024842062294976,378041478996675536746893057405311166520093
2026-01-24,1769212800,38464441,0x8927058918e3CFf6F55EfE45A58db1be1F069E49,ETH/USDC,eth,3000,False,6,18,2950.298051,196423,1458635024605067363723810894249984,18779116172433971,1059467184617440498394839747186036,378742925611649729380081670998599106697797
2026-01-25,1769299200,38550841,0x8927058918e3CFf6F55EfE45A58db1be1F069E49,ETH/USDC,eth,3000,False,6,18,2954.389674,196409,1457624620870009803346140056256512,18756313795610057,1059750275788233077067388833360015,378825805414416270096170260042044388685635
2026-01-26,1769385600,38637241,0x8927058918e3CFf6F55EfE45A58db1be1F069E49,ETH/USDC,eth,3000,False,6,18,2810.359993,196909,1494509247196270151745343020072960,10437183142312236,1060764216781378418670404134750873,379658236383921789981251749882341064920313
2026-01-27,1769472000,38723641,0x8927058918e3CFf6F55EfE45A58db1be1F069E49,ETH/USDC,eth,3000,False,6,18,2934.288697,196477,1462608737036796259019664520118272,13097974383964058,1063873705985372386445413893161286,380322117831392557711645878834501794568740
2026-01-28,1769558400,38810041,0x8927058918e3CFf6F55EfE45A58db1be1F069E49,ETH/USDC,eth,3000,False,6,18,3022.533328,196181,1441099722624989042988471684182127,13873477468523031,1066508873040513656574085989848771,380935433836758374765663552686290557929451
2026-01-29,1769644800,38896441,0x8927058918e3CFf6F55EfE45A58db1be1F069E49,ETH/USDC,eth,3000,False,6,18,3013.372103,196211,1443288668910354317719471781977357,13571801090041992,1068042948078946741076907221175869,381473530472937257265480791797765999520451
2026-01-30,1769731200,38982841,0x8927058918e3CFf6F55EfE45A58db1be1F069E49,ETH/USDC,eth,3000,False,6,18,2815.171702,196892,1493231488715022945212571148353536,10468884432828395,1070179357360821297361702323839428,382874647312764472329198879004008196425568
2026-01-31,1769817600,39069241,0x8927058918e3CFf6F55EfE45A58db1be1F069E49,ETH/USDC,eth,3000,False,6,18,2699.295757,197312,1524945587709416817186543245459456,9880200060209736,1075767779263754522756247054798752,385341407824635129801693841108393426505822
2026-02-01,1769904000,39155641,0x8927058918e3CFf6F55EfE45A58db1be1F069E49,ETH/USDC,eth,3000,False,6,18,2444.299096,198304,1602516132353781845839877937037312,9394755118532942,1084614054726219110041816622628730,390007708861430629230456371995330280363567
2026-02-02,1769990400,39242041,0x8927058918e3CFf6F55EfE45A58db1be1F069E49,ETH/USDC,eth,3000,False,6,18,2272.425188,199034,1662014416415236821836458086699867,9671372386374170,1093908174280596951693604584987121,394793452378878713866188887252731314524639
2026-02-03,1770076800,39328441,0x8927058918e3CFf6F55EfE45A58db1be1F069E49,ETH/USDC,eth,3000,False,6,18,2345.521854,198717,1635911637398721088246010783727616,9631764026859431,1104583786726528436627225486512968,399157958842067118461977306152685168146719
2026-02-04,1770163200,39414841,0x8927058918e3CFf6F55EfE45A58db1be1F069E49,ETH/USDC,eth,3000,False,6,18,2225.130651,199244,1679584374639022549221677629177856,10594962133955700,1112559768839331929286601670423456,403264274461132814127106946669723819525477
2026-02-05,1770249600,39501241,0x8927058918e3CFf6F55EfE45A58db1be1F069E49,ETH/USDC,eth,3000,False,6,18,2148.63572,199594,1709220874207782554021692966961152,9809095096346408,1121567531959343821435729961761440,407812859648105358521765282627483675899246
2026-02-06,1770336000,39587641,0x8927058918e3CFf6F55EfE45A58db1be1F069E49,ETH/USDC,eth,3000,False,6,18,1823.242933,201236,1855484429483437206445664961036288,9240633146508555,1140803424553269226151331772955797,419439916071808704047604890735096434635655
2026-02-07,1770422400,39674041,0x8927058918e3CFf6F55EfE45A58db1be1F069E49,ETH/USDC,eth,3000,False,6,18,2065.210052,199990,1743401714104711897815649097875456,9812660398057381,1155783462793579540376057248773607,425820050338863312529264660548153725140876
2026-02-08,1770508800,39760441,0x8927058918e3CFf6F55EfE45A58db1be1F069E49,ETH/USDC,eth,3000,False,6,18,2088.471013,199878,1733665703779247576343397096983306,10169448493281619,1170235249648972286320070265518246,432722670382586113492315360990644801429236
2026-02-09,1770595200,39846841,0x8927058918e3CFf6F55EfE45A58db1be1F069E49,ETH/USDC,eth,3000,False,6,18,2093.172451,199855,1731717631026571213314003172327424,12101341318620006,1173323009434257452645529467487097,434165737280413254266551360570788135588146
2026-02-10,1770681600,39933241,0x8927058918e3CFf6F55EfE45A58db1be1F069E49,ETH/USDC,eth,3000,False,6,18,2107.215869,199788,1725937518783620246488986774628777,12798875401047445,1177150757947596455129784016522377,435934675672066373817213723336796470487016
2026-02-11,1770768000,40019641,0x8927058918e3CFf6F55EfE45A58db1be1F069E49,ETH/USDC,eth,3000,False,6,18,2015.912816,200231,1764589581884233668821544607940608,10976361488414921,1179821119248224026894072342871788,437754857828100127881025542260454254034502
2026-02-12,1770854400,40106041,0x8927058918e3CFf6F55EfE45A58db1be1F069E49,ETH/USDC,eth,3000,False,6,18,1938.087366,200625,1799670129866949226328267987877888,12523102502614972,1183982581761440093816069060875118,440336645791674941620012696942130195640564
2026-02-13,1770940800,40192441,0x8927058918e3CFf6F55EfE45A58db1be1F069E49,ETH/USDC,eth,3000,False,6,18,1945.135794,200589,1796406512747950721021986792800256,12523102502614972,1186659164109852951502936301998856,441669556918995272495344516037210648868479
2026-02-14,1771027200,40278841,0x8927058918e3CFf6F55EfE45A58db1be1F069E49,ETH/USDC,eth,3000,False,6,18,2050.202953,200063,1749770766285971890631363708928621,12869595416790508,1189324970575859439470814099122975,442403451849733723990101793518219616842018
2026-02-15,1771113600,40365241,0x8927058918e3CFf6F55EfE45A58db1be1F069E49,ETH/USDC,eth,3000,False,6,18,2087.206878,199884,1734190628945479215690776645206016,12997326055875886,1190460340860233147517609600769066,442748723250175495103513029317071396368228
2026-02-16,1771200000,40451641,0x8927058918e3CFf6F55EfE45A58db1be1F069E49,ETH/USDC,eth,3000,False,6,18,1961.628042,200504,1788838993319801809083451993751552,12969653745528561,1192355267667130150988088658119564,444396225146234717679715724689576896034785
2026-02-17,1771286400,40538041,0x8927058918e3CFf6F55EfE45A58db1be1F069E49,ETH/USDC,eth,3000,False,6,18,1995.256377,200334,1773700261308321778140315421507584,13166228735309983,1194821781180906141140801999768926,445449238218347531433324669133465080539320
2026-02-18,1771372800,40624441,0x8927058918e3CFf6F55EfE45A58db1be1F069E49,ETH/USDC,eth,3000,False,6,18,1995.008877,200336,1773810280192664155978521064243200,13453373985840439,1197149546440022538375238179278152,446626638582377309315407885792179201939503
2026-02-19,1771459200,40710841,0x8927058918e3CFf6F55EfE45A58db1be1F069E49,ETH/USDC,eth,3000,False,6,18,1950.257866,200563,1794045959875948919577584135569408,13303151018446780,1199023350387612826408748850485760,447834213548420491846968978003997782483475
2026-02-20,1771545600,40797241,0x8927058918e3CFf6F55EfE45A58db1be1F069E49,ETH/USDC,eth,3000,False,6,18,1944.692626,200591,1796611188731922501335157814853632,13032382382643078,1200835708937432278690094758959880,448802677826686445179600929815206853900048
2026-02-21,1771632000,40883641,0x8927058918e3CFf6F55EfE45A58db1be1F069E49,ETH/USDC,eth,3000,False,6,18,1968.903225,200467,1785531015985558814376899356131328,13421501869515125,1202891098530820157291931945717740,449711127325643369378886091511762589430334
2026-02-22,1771718400,40970041,0x8927058918e3CFf6F55EfE45A58db1be1F069E49,ETH/USDC,eth,3000,False,6,18,1975.744943,200433,1782436817403088161582214039466795,13379501153490412,1203364183175292058192364589857137,449910390641155532521596529785654746140008
2026-02-23,1771804800,41056441,0x8927058918e3CFf6F55EfE45A58db1be1F069E49,ETH/USDC,eth,3000,False,6,18,1953.916134,200544,1792365699803586501969094197584977,13280277771555330,1203630245532915851362517513503393,450174813882703378064067514165646670210852
2026-02-24,1771891200,41142841,0x8927058918e3CFf6F55EfE45A58db1be1F069E49,ETH/USDC,eth,3000,False,6,18,1856.06146,201058,1839007105717188044890849656438784,12594649692769705,1206536840501388686657413534705982,452314984179495064434444341141593288821654
2026-02-25,1771977600,41229241,0x8927058918e3CFf6F55EfE45A58db1be1F069E49,ETH/USDC,eth,3000,False,6,18,1857.235662,201051,1838425675096750655326470566576128,12442381274822118,1208764529532885426085250684543013,453521079529558842088812802241740885729923
2026-02-26,1772064000,41315641,0x8927058918e3CFf6F55EfE45A58db1be1F069E49,ETH/USDC,eth,3000,False,6,18,2051.887298,200055,1749052446339469558349681225891840,13131574156444501,1214263820693278741835156615405138,455126647243987672462192201770805511871676
2026-02-27,1772150400,41402041,0x8927058918e3CFf6F55EfE45A58db1be1F069E49,ETH/USDC,eth,3000,False,6,18,2030.668956,200159,1758166573751242351523421002661888,12734619367011716,1216630795555193912837062525658779,456405355668824303668710092884569153359381
2026-02-28,1772236800,41488441,0x8927058918e3CFf6F55EfE45A58db1be1F069E49,ETH/USDC,eth,3000,False,6,18,1931.647524,200658,1802667557684121824493355741982350,13622429712592795,1218955543208000710121268954143178,458162763814293985740622462725891835007597
2026-03-01,1772323200,41574841,0x8927058918e3CFf6F55EfE45A58db1be1F069E49,ETH/USDC,eth,3000,False,6,18,1963.080941,200497,1788176900723715390689029613960044,13117695644382538,1222707776745023080221730300788890,459948219852880239632003979444632790826576
2026-03-02,1772409600,41661241,0x8927058918e3CFf6F55EfE45A58db1be1F069E49,ETH/USDC,eth,3000,False,6,18,1940.044135,200615,1798762308348783782985434230947840,14425625031314486,1226809612016604213763364061468848,462152092477840220035742035592842778116484
2026-03-03,1772496000,41747641,0x8927058918e3CFf6F55EfE45A58db1be1F069E49,ETH/USDC,eth,3000,False,6,18,2031.163465,200156,1757952538301469338763293724749828,14241221380648096,1231526435075642967499486522184956,463987149836093189372989194207114096045405
2026-03-04,1772582400,41834041,0x8927058918e3CFf6F55EfE45A58db1be1F069E49,ETH/USDC,eth,3000,False,6,18,1987.257187,200375,1777266462169514660595940735320064,14429308314881040,1235240435353380479433091479755782,466115604114112464600316781444131094083988
2026-03-05,1772668800,41920441,0x8927058918e3CFf6F55EfE45A58db1be1F069E49,ETH/USDC,eth,3000,False,6,18,2127.275735,199694,1717780587769885188890575559983104,14371123049567661,1240207865650847188578542315841097,467742175918514770814422844601158891750400
2026-03-06,1772755200,42006841,0x8927058918e3CFf6F55EfE45A58db1be1F069E49,ETH/USDC,eth,3000,False,6,18,2074.62212,199944,1739442518769593642205201507024896,14198649037875842,1242740322517224918044971064347671,469222889371000641714014677475841446791434
2026-03-07,1772841600,42093241,0x8927058918e3CFf6F55EfE45A58db1be1F069E49,ETH/USDC,eth,3000,False,6,18,1983.406496,200394,1778990865279736069684129848364011,14007482664686803,1244263949880728451470680463751586,470487624293164027355831870059203130889141
2026-03-08,1772928000,42179641,0x8927058918e3CFf6F55EfE45A58db1be1F069E49,ETH/USDC,eth,3000,False,6,18,1968.184804,200471,1785856860589120031924592691904512,14563790754711985,1245038401024088887771899938887204,470967612540216053013182847687696038361634
2026-03-09,1773014400,42266041,0x8927058918e3CFf6F55EfE45A58db1be1F069E49,ETH/USDC,eth,3000,False,6,18,1941.212326,200609,1798220993758367440076503093608448,14761469680088741,1246788070523470574135634182381083,472026916832026323103259622025157496536417
2026-03-10,1773100800,42352441,0x8927058918e3CFf6F55EfE45A58db1be1F069E49,ETH/USDC,eth,3000,False,6,18,1996.033606,200331,1773354900036863715546273081720832,18453178210834146,1250335608960014515135590156891355,473484609469709720670007874150804376695238
2026-03-11,1773187200,42438841,0x8927058918e3CFf6F55EfE45A58db1be1F069E49,ETH/USDC,eth,3000,False,6,18,2031.355259,200155,1757869546057927507068495268413440,18602797161471269,1252894628482162873207676166818224,474537401864690541557909195858924706592386
2026-03-12,1773273600,42525241,0x8927058918e3CFf6F55EfE45A58db1be1F069E49,ETH/USDC,eth,3000,False,6,18,2052.21166,200053,1748914217728468039836910926001536,16040295991438682,1255237211698430862829059623793157,475565244642059539089401084137733143937768
2026-03-13,1773360000,42611641,0x8927058918e3CFf6F55EfE45A58db1be1F069E49,ETH/USDC,eth,3000,False,6,18,2079.026412,199923,1737599089979062444903357227204608,16450024292612201,1257345507417899073356913449203758,476441693730456043647741470757191471102681
2026-03-14,1773446400,42698041,0x8927058918e3CFf6F55EfE45A58db1be1F069E49,ETH/USDC,eth,3000,False,6,18,2087.936506,199880,1733887596756373977458010568523776,21869159456014990,1260328290218024430042408889333199,477792907669599771752275572585420502311127
2026-03-15,1773532800,42784441,0x8927058918e3CFf6F55EfE45A58db1be1F069E49,ETH/USDC,eth,3000,False,6,18,2093.052094,199856,1731767419999410740823197032120320,22147933131675181,1261098018437892775279604847229262,478135680475847187106601789423711242493604
2026-03-16,1773619200,42870841,0x8927058918e3CFf6F55EfE45A58db1be1F069E49,ETH/USDC,eth,3000,False,6,18,2176.541474,199465,1698228441960029053023182548631552,20900632110022902,1262885746735301863512694945060777,478539691277965328356728482668127962730179
2026-03-17,1773705600,42957241,0x8927058918e3CFf6F55EfE45A58db1be1F069E49,ETH/USDC,eth,3000,False,6,18,2354.373923,198679,1632833358178029954739185962188800,21386861334966356,1267487714838320574909042233426214,479714658423458210718320293196712105868047
2026-03-18,1773792000,43043641,0x8927058918e3CFf6F55EfE45A58db1be1F069E49,ETH/USDC,eth,3000,False,6,18,2324.471363,198807,1643302377883436193782685935599616,22735232747425179,1269679722996235703606597934338435,480789456710904874520078274462477634453241
2026-03-19,1773878400,43130041,0x8927058918e3CFf6F55EfE45A58db1be1F069E49,ETH/USDC,eth,3000,False,6,18,2200.171736,199357,1689084174962568656562193942183936,22062544943782127,1271663738772993644654993392178862,482269381815586143342655626560085968692085
2026-03-20,1773964800,43216441,0x8927058918e3CFf6F55EfE45A58db1be1F069E49,ETH/USDC,eth,3000,False,6,18,2137.494618,199646,1713669506299162877351174706743038,17846178427653439,1273958557293679307624007719384732,483655689317782258395188484264178901648449
2026-03-21,1774051200,43302841,0x8927058918e3CFf6F55EfE45A58db1be1F069E49,ETH/USDC,eth,3000,False,6,18,2149.672038,199589,1708808832020404814021630021280910,18421894895719066,1276010312757613980465118175062400,484550765125500093787160264562533363923140
2026-03-22,1774137600,43389241,0x8927058918e3CFf6F55EfE45A58db1be1F069E49,ETH/USDC,eth,3000,False,6,18,2079.83592,199919,1737260904990355147618522192936960,17520233552014050,1276242641295074812774676202165067,485027560029370649740334144747488990889158
2026-03-23,1774224000,43475641,0x8927058918e3CFf6F55EfE45A58db1be1F069E49,ETH/USDC,eth,3000,False,6,18,2057.25944,200028,1746767294425573110157154770223104,17777084515900314,1277909404817735151052860025429015,485954542305884825977498937039708811697958
2026-03-24,1774310400,43562041,0x8927058918e3CFf6F55EfE45A58db1be1F069E49,ETH/USDC,eth,3000,False,6,18,2147.858762,199597,1709529989426851434184868727095296,18660209323612520,1283037266008056484398604759545975,487890330372940524585836354761849152717680
2026-03-25,1774396800,43648441,0x8927058918e3CFf6F55EfE45A58db1be1F069E49,ETH/USDC,eth,3000,False,6,18,2156.269979,199558,1706192448792258726762008857804800,18697134125050126,1284670703796984437945917984580745,488610099536277671988182787453786313653507
2026-03-26,1774483200,43734841,0x8927058918e3CFf6F55EfE45A58db1be1F069E49,ETH/USDC,eth,3000,False,6,18,2170.61896,199492,1700543664167698765063257516408832,18646837943881618,1285989811319168909272968673416083,489144586477138063154572325468112498684612
2026-03-27,1774569600,43821241,0x8927058918e3CFf6F55EfE45A58db1be1F069E49,ETH/USDC,eth,3000,False,6,18,2061.512467,200008,1744964520071475240338858038001664,20487670049998116,1286750625252260345106088290280200,490087154919673268902102541505901598115239
2026-03-28,1774656000,43907641,0x8927058918e3CFf6F55EfE45A58db1be1F069E49,ETH/USDC,eth,3000,False,6,18,1986.478072,200379,1777614958144463974439344802889728,18621146447838310,1287827673887581070431398960639757,491044709056436157564412063250131407548352
2026-03-29,1774742400,43994041,0x8927058918e3CFf6F55EfE45A58db1be1F069E49,ETH/USDC,eth,3000,False,6,18,1995.017092,200336,1773806628180388578345895589838848,19324464006615566,1288680593758571711719240193165220,491419010211453438325937703856392720418010
2026-03-30,1774828800,44080441,0x8927058918e3CFf6F55EfE45A58db1be1F069E49,ETH/USDC,eth,3000,False,6,18,1980.621156,200408,1780241319891317634336453908496384,18623053836976252,1289673915444965513271735266058019,492003540100887008972172421573186339422273
2026-03-31,1774915200,44166841,0x8927058918e3CFf6F55EfE45A58db1be1F069E49,ETH/USDC,eth,3000,False,6,18,2020.121188,200211,1762750602724016405888716599459840,21330154818091697,1292316012861358025812031040393326,493079004539030739756074274954185521482036
2026-04-01,1775001600,44253241,0x8927058918e3CFf6F55EfE45A58db1be1F069E49,ETH/USDC,eth,3000,False,6,18,2100.999689,199818,1728488879169509595882483410272256,22240894481674412,1295326489579710423750560596661246,494092825487565336806222732708510488568814
2026-04-02,1775088000,44339641,0x8927058918e3CFf6F55EfE45A58db1be1F069E49,ETH/USDC,eth,3000,False,6,18,2142.358512,199623,1711723090050041112148577674910769,21526952373468292,1297302530653009635385647374146921,494804142623153816147027748083370285267621
2026-04-03,1775174400,44426041,0x8927058918e3CFf6F55EfE45A58db1be1F069E49,ETH/USDC,eth,3000,False,6,18,2055.562338,200037,1747488223911016195525010564055040,26625685187231844,1299304512932200138172898440925028,496234473990305196096695386973522192766249
2026-04-04,1775260800,44512441,0x8927058918e3CFf6F55EfE45A58db1be1F069E49,ETH/USDC,eth,3000,False,6,18,2054.207691,200043,1748064319183187553418774801000218,26231609900128383,1299828930419063357701251801648108,496496619006005754897643138497427506495005
2026-04-05,1775347200,44598841,0x8927058918e3CFf6F55EfE45A58db1be1F069E49,ETH/USDC,eth,3000,False,6,18,2065.804841,199987,1743150714742712088842400210264897,25304858603834520,1300127957557474543510242209439783,496578009398472478880435014060209063944770
2026-04-06,1775433600,44685241,0x8927058918e3CFf6F55EfE45A58db1be1F069E49,ETH/USDC,eth,3000,False,6,18,2114.085307,199756,1723131135230444989970943444121298,26183853339208070,1301480631065708489679397506768840,496973861950046472821317284179094686678110
2026-04-07,1775520000,44771641,0x8927058918e3CFf6F55EfE45A58db1be1F069E49,ETH/USDC,eth,3000,False,6,18,2104.167329,199803,1727187344718515813190606398685184,25470988415162385,1303214437617283646718769614801137,497837097609105549577504740669980786107479
2026-04-08,1775606400,44858041,0x8927058918e3CFf6F55EfE45A58db1be1F069E49,ETH/USDC,eth,3000,False,6,18,2244.843484,199156,1672193575672361816652098248756533,26064921718625357,1306710597787333416720470779372779,498751253067196772257184993779752098497031
2026-04-09,1775692800,44944441,0x8927058918e3CFf6F55EfE45A58db1be1F069E49,ETH/USDC,eth,3000,False,6,18,2186.80299,199418,1694239310664070988817929758514694,27506674037687103,1308450869516810007902032269151556,499815884540648409868101571956827404878446
2026-04-10,1775779200,45030841,0x8927058918e3CFf6F55EfE45A58db1be1F069E49,ETH/USDC,eth,3000,False,6,18,2190.553459,199401,1692788326996773853453420656066560,29396044609025622,1310026673404596474528268429407591,500512871246878763801025461349615099960785
2026-04-11,1775865600,45117241,0x8927058918e3CFf6F55EfE45A58db1be1F069E49,ETH/USDC,eth,3000,False,6,18,2243.936778,199160,1672531382504697459024601838256128,29673455749085827,1311405290084075074806684634797729,500872849807638570542485457600426943797031
2026-04-12,1775952000,45203641,0x8927058918e3CFf6F55EfE45A58db1be1F069E49,ETH/USDC,eth,3000,False,6,18,2284.324236,198981,1657680046953195531291099786524041,27224209801249758,1312659561632980351561777226613509,501230960631512587322894383469575363440643
2026-04-13,1776038400,45290041,0x8927058918e3CFf6F55EfE45A58db1be1F069E49,ETH/USDC,eth,3000,False,6,18,2193.369122,199388,1691701448277161680815352011899854,26985205484037201,1313232722006978924889567220186807,501930598987618015246777394387296274269249
2026-04-14,1776124800,45376441,0x8927058918e3CFf6F55EfE45A58db1be1F069E49,ETH/USDC,eth,3000,False,6,18,2377.039733,198584,1625029925672227523162840594644992,27250864110483059,1316421249462508374259557171532194,502474989540876096432624028531460999281682
2026-04-15,1776211200,45462841,0x8927058918e3CFf6F55EfE45A58db1be1F069E49,ETH/USDC,eth,3000,False,6,18,2321.11945,198822,1644488490721234389005279359401984,28356041993305200,1318115022850318855209831541877938,503442859309415934983382171678105082678093
2026-04-16,1776297600,45549241,0x8927058918e3CFf6F55EfE45A58db1be1F069E49,ETH/USDC,eth,3000,False,6,18,2357.746841,198665,1631665000510459196845622369976320,28356458533655216,1319721514550328554552491244822919,503962713719365459518759829712149561483488
2026-04-17,1776384000,45635641,0x8927058918e3CFf6F55EfE45A58db1be1F069E49,ETH/USDC,eth,3000,False,6,18,2348.402068,198705,1634908142188300430994426224967680,28356637441371983,1321026930789730149673537434149859,504564911435085405747800575173604135259090
2026-04-18,1776470400,45722041,0x8927058918e3CFf6F55EfE45A58db1be1F069E49,ETH/USDC,eth,3000,False,6,18,2424.714809,198385,1608974833618780699199437089675997,25692441499815832,1323339085134528779336183364831993,505194560504524767421106859667352573502772
2026-04-19,1776556800,45808441,0x8927058918e3CFf6F55EfE45A58db1be1F069E49,ETH/USDC,eth,3000,False,6,18,2353.583409,198683,1633107550762361561911413935400925,28447846636377728,1323629791462948214842893366521415,505629474972037274547714823373584879569426
2026-04-20,1776643200,45894841,0x8927058918e3CFf6F55EfE45A58db1be1F069E49,ETH/USDC,eth,3000,False,6,18,2265.088789,199066,1664703790548560482662520897584973,26670948300856831,1325024759147515320737725280962264,506641776926739349466593347781000644136441
2026-04-21,1776729600,45981241,0x8927058918e3CFf6F55EfE45A58db1be1F069E49,ETH/USDC,eth,3000,False,6,18,2315.543953,198846,1646467146452946884773258569279083,27787780405482475,1327137357112767782906624308472182,507323186049578647387652887764184431770228
2026-04-22,1776816000,46067641,0x8927058918e3CFf6F55EfE45A58db1be1F069E49,ETH/USDC,eth,3000,False,6,18,2323.454403,198812,1643661969416644821422472358264832,27442733417976202,1328839183747262060182741369564560,508022788838831599428569340397813829538105
2026-04-23,1776902400,46154041,0x8927058918e3CFf6F55EfE45A58db1be1F069E49,ETH/USDC,eth,3000,False,6,18,2382.399043,198561,1623201108938290375711880204777734,27576344447250816,1330469717718578566373427999264917,508443968041755767905666257755034137071809
2026-04-24,1776988800,46240441,0x8927058918e3CFf6F55EfE45A58db1be1F069E49,ETH/USDC,eth,3000,False,6,18,2332.190458,198774,1640580618829195651815881717055488,27560592375089868,1331676814141174059066906396106983,509186529487505033056858327758062961878893
2026-04-25,1777075200,46326841,0x8927058918e3CFf6F55EfE45A58db1be1F069E49,ETH/USDC,eth,3000,False,6,18,2315.671128,198845,1646421934429202925927338027120762,27933798814417951,1332348313624389359410108236848495,509552179869684218079418111457799440378777
2026-04-26,1777161600,46413241,0x8927058918e3CFf6F55EfE45A58db1be1F069E49,ETH/USDC,eth,3000,False,6,18,2314.19401,198851,1646947294755083139457670222509853,28955816071531748,1332457525455277949721278067353571,509606185161982083787179183677781291604210
2026-04-27,1777248000,46499641,0x8927058918e3CFf6F55EfE45A58db1be1F069E49,ETH/USDC,eth,3000,False,6,18,2372.460786,198603,1626597357123644252182577737105408,28627844103644385,1333332327089847817386629485504582,509715498816424890581099816151295280914329
2026-04-28,1777334400,46586041,0x8927058918e3CFf6F55EfE45A58db1be1F069E49,ETH/USDC,eth,3000,False,6,18,2301.309838,198907,1651551180224517968417014690086912,26371295002103545,1334470886723030315820590293147011,510529023354179454899769600156987161496691
2026-04-29,1777420800,46672441,0x8927058918e3CFf6F55EfE45A58db1be1F069E49,ETH/USDC,eth,3000,False,6,18,2291.186906,198951,1655195604707509259003808728822822,27776073945244842,1335281682335491640190044140062606,510931083606508517530587222560482542591152
2026-04-30,1777507200,46758841,0x8927058918e3CFf6F55EfE45A58db1be1F069E49,ETH/USDC,eth,3000,False,6,18,2256.47878,199104,1667876758204357548417865245818158,27768854888474130,1336800275308645833496183599432444,511761824290942959290182351346211643007523
2026-05-01,1777593600,46845241,0x8927058918e3CFf6F55EfE45A58db1be1F069E49,ETH/USDC,eth,3000,False,6,18,2258.729593,199094,1667045535542575473384449239764273,27786480299436108,1337667438315595156476197746235275,512135259470302813179726386039774488419971
2026-05-02,1777680000,46931641,0x8927058918e3CFf6F55EfE45A58db1be1F069E49,ETH/USDC,eth,3000,False,6,18,2292.470061,198946,1654732311844873584302178743446485,27676117871911337,1338503597222570991021948343658373,512341473375791634947012558464479498327579
2026-05-03,1777766400,47018041,0x8927058918e3CFf6F55EfE45A58db1be1F069E49,ETH/USDC,eth,3000,False,6,18,2321.87692,198818,1644220226810656676952946058985472,27312992411491697,1338957500804497309896945730558029,512401803361004589324281022189369029504953
2026-05-04,1777852800,47104441,0x8927058918e3CFf6F55EfE45A58db1be1F069E49,ETH/USDC,eth,3000,False,6,18,2327.583382,198794,1642203448560226304066959986200766,28134269475659205,1339611678130534885874874163822971,512656719833274308878169039999284910856156
2026-05-05,1777939200,47190841,0x8927058918e3CFf6F55EfE45A58db1be1F069E49,ETH/USDC,eth,3000,False,6,18,2352.064517,198689,1633634771280709322553146087877046,27317932757839411,1341562055127388879223364458074914,513375306102708197162061348585735034730979
2026-05-06,1778025600,47277241,0x8927058918e3CFf6F55EfE45A58db1be1F069E49,ETH/USDC,eth,3000,False,6,18,2362.06803,198647,1630171825613559587974377021700436,26459022351204580,1342413086399020426962818031524437,513689087594964201748286876282521206837231
2026-05-07,1778112000,47363641,0x8927058918e3CFf6F55EfE45A58db1be1F069E49,ETH/USDC,eth,3000,False,6,18,2345.659011,198716,1635863808480197763159954109048762,25221487455820406,1343332669310120566282053644422328,514149134008404461360182599204050786053757
2026-05-08,1778198400,47450041,0x8927058918e3CFf6F55EfE45A58db1be1F069E49,ETH/USDC,eth,3000,False,6,18,2287.914476,198966,1656378904360627756643627741216768,25721986963364345,1343965262694077675569492843731315,514686693052738687104715862564834656507822
2026-05-09,1778284800,47536441,0x8927058918e3CFf6F55EfE45A58db1be1F069E49,ETH/USDC,eth,3000,False,6,18,2310.596917,198867,1648228763953856939738522460356608,26090168437944393,1344715814553603567700259412766643,514909145496298167255402654100456007174670
2026-05-10,1778371200,47622841,0x8927058918e3CFf6F55EfE45A58db1be1F069E49,ETH/USDC,eth,3000,False,6,18,2324.9409,198805,1643136431482886582927150431293163,25751108710742388,1345511806076935144809240220537129,515186392248695996755544335582427832754661
2026-05-11,1778457600,47709241,0x8927058918e3CFf6F55EfE45A58db1be1F069E49,ETH/USDC,eth,3000,False,6,18,2375.378004,198591,1625598232552150488295878955106304,27814629580143015,1346645291428555465810114620982263,515443124830216135423503265193524087459318
2026-05-12,1778544000,47795641,0x8927058918e3CFf6F55EfE45A58db1be1F069E49,ETH/USDC,eth,3000,False,6,18,2338.502927,198747,1638364861151301408653734383190016,26701684158125343,1347122469632243983993004566080475,515812886879954252506827780948320181639775
2026-05-13,1778630400,47882041,0x8927058918e3CFf6F55EfE45A58db1be1F069E49,ETH/USDC,eth,3000,False,6,18,2280.588716,198998,1659037100521109743043123182157137,27200143776837852,1347498495985182576623574475677336,516244919301237568376525070548366550879967
2026-05-14,1778716800,47968441,0x8927058918e3CFf6F55EfE45A58db1be1F069E49,ETH/USDC,eth,3000,False,6,18,2257.21087,199101,1667606261922899938282786378385826,27188379584148795,1348211003290714808415805528852799,516668360940597250906933934438367989496314
2026-05-15,1778803200,48054841,0x8927058918e3CFf6F55EfE45A58db1be1F069E49,ETH/USDC,eth,3000,False,6,18,2287.526085,198967,1656519513755298192310542300239941,27201740993964208,1349319756307564598772619859054982,517011923864669524024219513605572716330718
2026-05-16,1778889600,48141241,0x8927058918e3CFf6F55EfE45A58db1be1F069E49,ETH/USDC,eth,3000,False,6,18,2218.657589,199273,1682032732360012591630874123960320,25732355779910928,1349911827094774280565718679786712,517605486371460777755835157948768556123156
2026-05-17,1778976000,48227641,0x8927058918e3CFf6F55EfE45A58db1be1F069E49,ETH/USDC,eth,3000,False,6,18,2177.777307,199459,1697746523221555768000236665056883,25511213827744741,1350202473451466809003636533410048,517941453845700812189534996761036968538310
2026-05-18,1779062400,48314041,0x8927058918e3CFf6F55EfE45A58db1be1F069E49,ETH/USDC,eth,3000,False,6,18,2124.686113,199706,1718827106763800200516452696981504,25034295610220438,1350734546737574287127056869238381,518461971913206225216799595805196065945521
2026-05-19,1779148800,48400441,0x8927058918e3CFf6F55EfE45A58db1be1F069E49,ETH/USDC,eth,3000,False,6,18,2132.976235,199667,1715483619063226876781999627394607,25047593546440017,1352171900547250224632241935622020,519098097912132985375067589961550036317717
2026-05-20,1779235200,48486841,0x8927058918e3CFf6F55EfE45A58db1be1F069E49,ETH/USDC,eth,3000,False,6,18,2110.852714,199771,1724450045791367100345502952062976,25097321984478219,1352735118718867889960247857077979,519479700890879226995067884859765054099353
2026-05-21,1779321600,48573241,0x8927058918e3CFf6F55EfE45A58db1be1F069E49,ETH/USDC,eth,3000,False,6,18,2123.539767,199711,1719290979472184968208344158306304,25039318896431519,1353379533776545506357993171760958,519716043939259776101082272397879939790111
2026-05-22,1779408000,48659641,0x8927058918e3CFf6F55EfE45A58db1be1F069E49,ETH/USDC,eth,3000,False,6,18,2130.701374,199678,1716399150102678940792578429338167,25109527095953118,1354499230112181639061491579887785,520204204724026174076262892111906270973967
2026-05-23,1779494400,48746041,0x8927058918e3CFf6F55EfE45A58db1be1F069E49,ETH/USDC,eth,3000,False,6,18,2062.274543,200004,1744642080402403754093056735838208,24760891817330544,1354940681374193004833407260004970,520778914939954334537831236015907508657197
2026-05-24,1779580800,48832441,0x8927058918e3CFf6F55EfE45A58db1be1F069E49,ETH/USDC,eth,3000,False,6,18,2113.095906,199761,1723534493564469276132072296022016,25159573725417130,1356596482204382840372691577394674,521303244229730595676694572987273366522680
2026-05-25,1779667200,48918841,0x8927058918e3CFf6F55EfE45A58db1be1F069E49,ETH/USDC,eth,3000,False,6,18,2097.925947,199833,1729754649145177381728221214539776,28238642522173531,1357736101053302543132889857613223,521923021833163052892695737174331721623037
2026-05-26,1779753600,49005241,0x8927058918e3CFf6F55EfE45A58db1be1F069E49,ETH/USDC,eth,3000,False,6,18,2107.475333,199787,1725831270323319235812074273920284,28252789499083878,1358339345854444150605950270780169,522157946769781285320814300806548586195510
2026-05-27,1779840000,49091641,0x8927058918e3CFf6F55EfE45A58db1be1F069E49,ETH/USDC,eth,3000,False,6,18,2069.713039,199968,1741504158727103755266854359075381,27868556867736380,1359231740303132788321270109274512,522784840501301605202353842838619445881076
2026-05-28,1779926400,49178041,0x8927058918e3CFf6F55EfE45A58db1be1F069E49,ETH/USDC,eth,3000,False,6,18,2021.987767,200201,1761936781772756580749046499472180,28555221456255538,1360145912595796379392082414599929,523491717287223100733664151774071556285925
2026-05-29,1780012800,49264441,0x8927058918e3CFf6F55EfE45A58db1be1F069E49,ETH/USDC,eth,3000,False,6,18,2009.207519,200265,1767531598099833911089416224867881,28539684887493338,1361758832646250692515299387783148,524377663154559869139917238981328387748475
2026-05-30,1780099200,49350841,0x8927058918e3CFf6F55EfE45A58db1be1F069E49,ETH/USDC,eth,3000,False,6,18,2010.432412,200259,1766993065389000592382532273637772,28539684887493338,1362975184333341885410532637447546,524975659134182720690792047750155924382306
2026-05-31,1780185600,49437241,0x8927058918e3CFf6F55EfE45A58db1be1F069E49,ETH/USDC,eth,3000,False,6,18,2023.024491,200196,1761485260783334970850026691406267,28582809375150557,1363334022234131702582084682702780,525082461223427319501631456657698348013157
2026-06-01,1780272000,49523641,0x8927058918e3CFf6F55EfE45A58db1be1F069E49,ETH/USDC,eth,3000,False,6,18,2003.751637,200292,1769936309050398354559419957055180,32791003561108984,1363808674153082004040672648116548,525427163078178618883425634087945139736444
2026-06-02,1780358400,49610041,0x8927058918e3CFf6F55EfE45A58db1be1F069E49,ETH/USDC,eth,3000,False,6,18,1999.978094,200311,1771605273303050815436454501650636,32791508557489229,1365283336123279101831733387257427,526190864871854530715142123178182271552939
2026-06-03,1780444800,49696441,0x8927058918e3CFf6F55EfE45A58db1be1F069E49,ETH/USDC,eth,3000,False,6,18,1855.031863,201063,1839517386179455124330884167106560,23694506409821146,1367335980962466924314956116791850,528139026739363140399036179585321347145378
2026-06-04,1780531200,49782841,0x8927058918e3CFf6F55EfE45A58db1be1F069E49,ETH/USDC,eth,3000,False,6,18,1816.362507,201274,1858995418002154866357482630158678,26967267314967686,1370054497580850040782400011019657,529872024514595820936338726462105845170142
2026-06-05,1780617600,49869241,0x8927058918e3CFf6F55EfE45A58db1be1F069E49,ETH/USDC,eth,3000,False,6,18,1765.652845,201557,1885501683377534323821379248455680,24826343232800476,1374969397249692317145072431807609,532995751693435565031789595222850977174175
2026-06-06,1780704000,49955641,0x8927058918e3CFf6F55EfE45A58db1be1F069E49,ETH/USDC,eth,3000,False,6,18,1579.177727,202673,1993719601938069148778179757867008,32203803321299575,1384240340265049421396312483610811,540111692939694960002945920383395224707389
2026-06-07,1780790400,50042041,0x8927058918e3CFf6F55EfE45A58db1be1F069E49,ETH/USDC,eth,3000,False,6,18,1565.04067,202763,2002704021338343015626272043043716,33016352215670342,1387562184286914538285557775694386,542361599985842046860830648993986386357358
2026-06-08,1780876800,50128441,0x8927058918e3CFf6F55EfE45A58db1be1F069E49,ETH/USDC,eth,3000,False,6,18,1685.564182,202021,1929776158948363777294386725912576,33877254878145960,1390862629613373129344233792081191,543442033729598884839224170906487972212599
2026-06-09,1780963200,50214841,0x8927058918e3CFf6F55EfE45A58db1be1F069E49,ETH/USDC,eth,3000,False,6,18,1691.995826,201983,1926104917504020882151250252181122,33881392891870030,1393444543103875273303572115547977,544927197610967453882051595691327383180304
2026-06-10,1781049600,50301241,0x8927058918e3CFf6F55EfE45A58db1be1F069E49,ETH/USDC,eth,3000,False,6,18,1635.835369,202321,1958888816341081109214743628873728,31861553914691780,1395686105025570608056616174168935,546697852307756744389468529495059348627964
2026-06-11,1781136000,50387641,0x8927058918e3CFf6F55EfE45A58db1be1F069E49,ETH/USDC,eth,3000,False,6,18,1619.064585,202424,1969008074522494395743427742400512,33312081299350226,1398196765056672826686023376698889,548365581051124527838893666648362658411216
2026-06-12,1781222400,50474041,0x8927058918e3CFf6F55EfE45A58db1be1F069E49,ETH/USDC,eth,3000,False,6,18,1674.099155,202090,1936372896526470143747825055301632,58597841597024546,1400579533127198374048073892071258,549386012016396494896337466960841843819180
2026-06-13,1781308800,50560441,0x8927058918e3CFf6F55EfE45A58db1be1F069E49,ETH/USDC,eth,3000,False,6,18,1664.001107,202150,1942239482505967176971990839218500,58597841597024546,1401642395121830491120593678515947,550098728596608047119599725306398437339869
2026-06-14,1781395200,50646841,0x8927058918e3CFf6F55EfE45A58db1be1F069E49,ETH/USDC,eth,3000,False,6,18,1683.053543,202036,1931214962397897440672238719986959,58918614902964601,1402080855717508062668159239875693,550217791181124379467985486226025868290838
2026-06-15,1781481600,50733241,0x8927058918e3CFf6F55EfE45A58db1be1F069E49,ETH/USDC,eth,3000,False,6,18,1721.152641,201812,1909720851052405099281448663020002,59905453404061699,1403181399026897494784817714758368,550589329371158208571795559524260883550297
2026-06-16,1781568000,50819641,0x8927058918e3CFf6F55EfE45A58db1be1F069E49,ETH/USDC,eth,3000,False,6,18,1790.847786,201415,1872191402680992616840685026453965,57735394345708654,1405981836975143690727730329266020,551676393437876387212642698479512001990399
2026-06-17,1781654400,50906041,0x8927058918e3CFf6F55EfE45A58db1be1F069E49,ETH/USDC,eth,3000,False,6,18,1793.751581,201399,1870675400817345554011173701603719,57738420721173548,1408997909266423429276353555897955,553334779693405355715697217221685251428186
2026-06-18,1781740800,50992441,0x8927058918e3CFf6F55EfE45A58db1be1F069E49,ETH/USDC,eth,3000,False,6,18,1745.071213,201674,1896588035423174781111363319103488,57742509718260422,1411457437496314389404972264220594,555060821067503071474535562508652273563527
2026-06-19,1781827200,51078841,0x8927058918e3CFf6F55EfE45A58db1be1F069E49,ETH/USDC,eth,3000,False,6,18,1705.756171,201902,1918320236405525487988869565513728,56584202324333136,1414177633644809885319217832076345,556894119038355562050832960513788072947339
2026-06-20,1781913600,51165241,0x8927058918e3CFf6F55EfE45A58db1be1F069E49,ETH/USDC,eth,3000,False,6,18,1708.480148,201886,1916790354809680625251648625572922,56631022399493739,1415976750686110589308724172683986,557939040806142663938718880307257343340029
2026-06-21,1782000000,51251641,0x8927058918e3CFf6F55EfE45A58db1be1F069E49,ETH/USDC,eth,3000,False,6,18,1739.186827,201708,1899793795751272036516053931305610,57454867377698931,1417118169481222697660358325141864,558381122028780118582293857547720785889476
2026-06-22,1782086400,51338041,0x8927058918e3CFf6F55EfE45A58db1be1F069E49,ETH/USDC,eth,3000,False,6,18,1708.177158,201888,1916960343452419145252736971309056,57274370141634304,1417426245407445740088726221279747,558782048644387977924524115884079550281258
2026-06-23,1782172800,51424441,0x8927058918e3CFf6F55EfE45A58db1be1F069E49,ETH/USDC,eth,3000,False,6,18,1723.562206,201798,1908385475640726724275772237489824,57431632212318711,1420500966642121845031434304152899,560428827589983562319705069738948573563243
2026-06-24,1782259200,51510841,0x8927058918e3CFf6F55EfE45A58db1be1F069E49,ETH/USDC,eth,3000,False,6,18,1663.993247,202150,1942244069540427561517968297324402,56792891023820706,1421572423914602732297181971270140,561508960026100876572104711542090599805048
2026-06-25,1782345600,51597241,0x8927058918e3CFf6F55EfE45A58db1be1F069E49,ETH/USDC,eth,3000,False,6,18,1616.214109,202441,1970743654823385563785935309521530,55490263276364544,1424075147125322182033330765630043,563424430887389356078407019311707245150182
2026-06-26,1782432000,51683641,0x8927058918e3CFf6F55EfE45A58db1be1F069E49,ETH/USDC,eth,3000,False,6,18,1567.627756,202747,2001050788234665409006357790588928,55102222386967109,1427260430346600493365003370337647,565838451112274944728924263879924162679781
2026-06-27,1782518400,51770041,0x8927058918e3CFf6F55EfE45A58db1be1F069E49,ETH/USDC,eth,3000,False,6,18,1574.234217,202705,1996847550015907884987491879579652,53795705307798372,1430661958067331915833746936083211,567977536793006292667429338919905610887563
2026-06-28,1782604800,51856441,0x8927058918e3CFf6F55EfE45A58db1be1F069E49,ETH/USDC,eth,3000,False,6,18,1573.917976,202707,1997048149598508741128610116511609,53947070546132452,1431228686643824076731484946935120,568337991300971387951803617588314370538584
2026-06-29,1782691200,51942841,0x8927058918e3CFf6F55EfE45A58db1be1F069E49,ETH/USDC,eth,3000,False,6,18,1573.424869,202710,1997361059446452148248347137802240,53947064315437725,1432177877488406176231241686971955,568947449914765684121402787341591606217674
2026-06-30,1782777600,52029241,0x8927058918e3CFf6F55EfE45A58db1be1F069E49,ETH/USDC,eth,3000,False,6,18,1611.038152,202473,1973906926653067694450333657280315,54301071221622110,1435214142620583749577401560897246,570563442457303889585305982846513888688198
2026-07-01,1782864000,52115641,0x8927058918e3CFf6F55EfE45A58db1be1F069E49,ETH/USDC,eth,3000,False,6,18,1568.900426,202739,2000239011941486174747266969650666,53961476598124851,1435889871359815080521800049953413,571335049927383913606624184601158034470517
2026-07-02,1782950400,52202041,0x8927058918e3CFf6F55EfE45A58db1be1F069E49,ETH/USDC,eth,3000,False,6,18,1612.015034,202467,1973308741716312175706527722635264,55080080025389046,1437953573181169925538148532743651,572279335967175796295499281385545108803560
2026-07-03,1783036800,52288441,0x8927058918e3CFf6F55EfE45A58db1be1F069E49,ETH/USDC,eth,3000,False,6,18,1695.83177,201961,1923925275271775890385656954350743,59100819849465086,1440391246788497930806832134910406,573111085350072368664456386720958592483964
2026-07-04,1783123200,52374841,0x8927058918e3CFf6F55EfE45A58db1be1F069E49,ETH/USDC,eth,3000,False,6,18,1757.969296,201601,1889617668015744265828609727506896,64128685634445465,1441984841130433094314886344186159,573588942596053774370903076010890387760213
2026-07-05,1783209600,52461241,0x8927058918e3CFf6F55EfE45A58db1be1F069E49,ETH/USDC,eth,3000,False,6,18,1776.922137,201493,1879513220034754918847980183738935,63745836592202652,1442819676626162526563768362340376,573928776580715550324583362353478822467739
2026-07-06,1783296000,52547641,0x8927058918e3CFf6F55EfE45A58db1be1F069E49,ETH/USDC,eth,3000,False,6,18,1786.990568,201437,1874210875535269400993818025656320,59016224990085758,1443615774719192879775908396242935,574308242496261854095739849203852512652134
2026-07-07,1783382400,52634041,0x8927058918e3CFf6F55EfE45A58db1be1F069E49,ETH/USDC,eth,3000,False,6,18,1802.316877,201351,1866225026116412965888069721915392,60736850410826594,1445454700889100648853242951289123,575240956179243717390579233265460878584637
2026-07-08,1783468800,52720441,0x8927058918e3CFf6F55EfE45A58db1be1F069E49,ETH/USDC,eth,3000,False,6,18,1772.866966,201516,1881661546392383461693689981566976,61904155873717373,1446654364755988543088857814916756,576114215396473161337303024889073967934238
2026-07-09,1783555200,52806841,0x8927058918e3CFf6F55EfE45A58db1be1F069E49,ETH/USDC,eth,3000,False,6,18,1738.386291,201713,1900231178091640054745530477051904,59317714692265942,1447556416035526725294790059182754,576872367840435127338009706858531393611950
2026-07-10,1783641600,52893241,0x8927058918e3CFf6F55EfE45A58db1be1F069E49,ETH/USDC,eth,3000,False,6,18,1746.350912,201667,1895893013191566854575462836114789,59319517523867802,1448454970437911455205715632824726,577332054168978921491359723737966771220181
2026-07-11,1783728000,52979641,0x8927058918e3CFf6F55EfE45A58db1be1F069E49,ETH/USDC,eth,3000,False,6,18,1791.655749,201411,1871769214201925637856221312458544,59017272706626842,1449583863354249678879536499560467,577655233490506011293978178130864832957664
2026-07-12,1783814400,53066041,0x8927058918e3CFf6F55EfE45A58db1be1F069E49,ETH/USDC,eth,3000,False,6,18,1791.420149,201412,1871892294179376754875875617557599,59104283019338852,1450091158171571910732441236102619,577937214216808185620440249212563136811744
2026-07-13,1783900800,53152441,0x8927058918e3CFf6F55EfE45A58db1be1F069E49,ETH/USDC,eth,3000,False,6,18,1802.698779,201349,1866027335341153010264176246915072,60964335149457546,1450693826855610163073526223981371,578195890405444763838275013872187336914252
2026-07-14,1783987200,53238841,0x8927058918e3CFf6F55EfE45A58db1be1F069E49,ETH/USDC,eth,3000,False,6,18,1770.76015,201528,1882780596088011408573414496010240,58836782273462428,1452273197390369707459688317301162,579296258961193468842888702445280342331191
2026-07-15,1784073600,53325241,0x8927058918e3CFf6F55EfE45A58db1be1F069E49,ETH/USDC,eth,3000,False,6,18,1886.492764,200895,1824114148344409456831766108896372,59695565394110210,1454315415083893407035639197980929,579651996254906871433188285335622651763886
2026-07-16,1784160000,53411641,0x8927058918e3CFf6F55EfE45A58db1be1F069E49,ETH/USDC,eth,3000,False,6,18,1919.993568,200719,1808130186951084296455849563389952,60203135452830182,1456053114500981292473180487249493,580360573799878027312968003555218891690423
2026-07-17,1784246400,53498041,0x8927058918e3CFf6F55EfE45A58db1be1F069E49,ETH/USDC,eth,3000,False,6,18,1862.001082,201026,1836071625939709272526693581693137,61479432986956094,1457338550267995807285420188282148,581401644265890540001242116048997419283030
2026-07-18,1784332800,53584441,0x8927058918e3CFf6F55EfE45A58db1be1F069E49,ETH/USDC,eth,3000,False,6,18,1839.803714,201146,1847114587469232159187964411248640,61411396845295420,1459127200942709484368952508745091,582517858326980379578410386368584223345193
2026-07-19,1784419200,53670841,0x8927058918e3CFf6F55EfE45A58db1be1F069E49,ETH/USDC,eth,3000,False,6,18,1859.075002,201041,1837515994991044647744866692867576,63793189545576195,1459411935031087003805422617247236,582547709710658277356690580574102415471877
2026-07-20,1784505600,53757241,0x8927058918e3CFf6F55EfE45A58db1be1F069E49,ETH/USDC,eth,3000,False,6,18,1869.578907,200985,1832346841557995060707221875720192,63936462483303027,1459851841030275614599424926521518,582716755115154220972832721132081704494136
2026-07-21,1784592000,53843641,0x8927058918e3CFf6F55EfE45A58db1be1F069E49,ETH/USDC,eth,3000,False,6,18,1898.966597,200829,1818113204414798804451312950837248,64014490291499190,1462042010551459253604144556157051,583693352573377355166748673960363060430442
2026-07-22,1784678400,53930041,0x8927058918e3CFf6F55EfE45A58db1be1F069E49,ETH/USDC,eth,3000,False,6,18,1924.366355,200696,1806074688125090041570808920276992,64499225042920267,1462966883424153812378142517923659,584018406664003681031648437830424271377320
2026-07-23,1784764800,54016441,0x8927058918e3CFf6F55EfE45A58db1be1F069E49,ETH/USDC,eth,3000,False,6,18,1928.783621,200673,1804005382591391543789093333762048,64282801528634576,1464053241805256302351477104118984,584553630872124171302112600825605015532377
2026-07-24,1784851200,54102841,0x8927058918e3CFf6F55EfE45A58db1be1F069E49,ETH/USDC,eth,3000,False,6,18,1878.736982,200936,1827875414664163634788320963912190,63835872736960232,1464396184072417517322330170316033,585042277269635867108540798632070467093214
2026-07-25,1784937600,54189241,0x8927058918e3CFf6F55EfE45A58db1be1F069E49,ETH/USDC,eth,3000,False,6,18,1857.119854,201052,1838482995278141238418558260226859,63839084557216467,1465108427205223257978014289488590,585559396065810473301094514450532061748169
2026-07-26,1785024000,54275641,0x8927058918e3CFf6F55EfE45A58db1be1F069E49,ETH/USDC,eth,3000,False,6,18,1869.660317,200985,1832306948599189344522801839614097,63840166984561568,1465299368518086956704202327464142,585582142629526541131983085290029409213447
2026-07-27,1785110400,54362041,0x8927058918e3CFf6F55EfE45A58db1be1F069E49,ETH/USDC,eth,3000,False,6,18,1950.641077,200561,1793869727538061984475315397226031,64392985061433904,1466435738488220841502628431821411,585679655809864807330010674493285912890340
2026-07-28,1785196800,54448441,0x8927058918e3CFf6F55EfE45A58db1be1F069E49,ETH/USDC,eth,3000,False,6,18,1888.779104,200883,1823009781874843030576081813387974,63657939131124131,1467512686192125783498378280312954,586609013594504229161775614845789978779239
2026-07-29,1785283200,54534841,0x8927058918e3CFf6F55EfE45A58db1be1F069E49,ETH/USDC,eth,3000,False,6,18,1915.134692,200744,1810422431605965339763910165659648,63310273021565907,1469463218729767740836548268368007,587476151034785611702870107463709033820703
2026-07-30,1785369600,54621241,0x8927058918e3CFf6F55EfE45A58db1be1F069E49,ETH/USDC,eth,3000,False,6,18,1905.231727,200796,1815121417154543621140778963697664,63560153888694497,1471021193708951775977976325942243,588355138024689003967793547474902885695612
2026-07-31,1785456000,54707641,0x8927058918e3CFf6F55EfE45A58db1be1F069E49,ETH/USDC,eth,3000,False,6,18,1922.744618,200705,1806836193864402181846486863920349,63362605775501398,1471925001842217371316073081154996,588720182399779156469294548083870578350849
2026-08-01,1785542400,54794041,0x8927058918e3CFf6F55EfE45A58db1be1F069E49,ETH/USDC,eth,3000,False,6,18,1863.435189,201018,1835364966126418494596000824895863,63326628736193755,1472369899366120399501275282303169,589325590660466044446988197649656208898934
2026-08-02,1785628800,54880441,0x8927058918e3CFf6F55EfE45A58db1be1F069E49,ETH/USDC,eth,3000,False,6,18,1842.220734,201132,1845902469073412044888942942617600,64298097858739517,1474373906554872856263922154197230,590580820521676743848236629062784636941405
2026-08-03,1785715200,54966841,0x8927058918e3CFf6F55EfE45A58db1be1F069E49,ETH/USDC,eth,3000,False,6,18,1880.381358,200927,1827076010137073109746366772412416,66679277957855935,1475234701128779485889330792446582,590798775408537782505326552546029448495835
2026-08-04,1785801600,55053241,0x8927058918e3CFf6F55EfE45A58db1be1F069E49,ETH/USDC,eth,3000,False,6,18,1859.095089,201041,1837506068111905868249883127840768,66684820621392673,1476125734258755647023315838317708,591414725917950437718292006825641750546586
2026-08-05,1785888000,55139641,0x8927058918e3CFf6F55EfE45A58db1be1F069E49,ETH/USDC,eth,3000,False,6,18,1873.665729,200963,1830347402063220832267597694219878,66685182870289369,1476889061508331128850567951582339,591731203465049548026150872918235640222787
2026-08-06,1785974400,55226041,0x8927058918e3CFf6F55EfE45A58db1be1F069E49,ETH/USDC,eth,3000,False,6,18,1908.760212,200778,1813442948167897996988178734577462,67548939663596768,1478780763639890537013758317452943,592514959653367431894342415845921519585221
2026-08-07,1786060800,55312441,0x8927058918e3CFf6F55EfE45A58db1be1F069E49,ETH/USDC,eth,3000,False,6,18,1903.258796,200807,1816061957269182511205630208901120,67082322907876043,1479168598769953575982256771564744,592752370065167900745869554723246463792106
2026-08-08,1786147200,55398841,0x8927058918e3CFf6F55EfE45A58db1be1F069E49,ETH/USDC,eth,3000,False,6,18,1914.012508,200750,1810953078756625055562261353937140,66755724472202043,1479740248035214004223371766659876,592984688361525704418126542443406773267664
2026-08-09,1786233600,55485241,0x8927058918e3CFf6F55EfE45A58db1be1F069E49,ETH/USDC,eth,3000,False,6,18,1919.440949,200722,1808390454149153352418315721876737,66734303467159571,1479805979567656690695909620999183,592985861914014549402275358345120588516303
2026-08-10,1786320000,55571641,0x8927058918e3CFf6F55EfE45A58db1be1F069E49,ETH/USDC,eth,3000,False,6,18,1912.487201,200758,1811675098721669118358619057815552,66735384478547873,1479996816888911929150675712360695,593127571765001772456600317152416313885689
2026-08-11,1786406400,55658041,0x8927058918e3CFf6F55EfE45A58db1be1F069E49,ETH/USDC,eth,3000,False,6,18,1873.920268,200962,1830223087409883067306465336229888,66733086199674455,1480368668584769533741618584682713,593561399169963605500074789193086525245067
2026-08-12,1786492800,55744441,0x8927058918e3CFf6F55EfE45A58db1be1F069E49,ETH/USDC,eth,3000,False,6,18,1880.29142,200928,1827119705937298167306243373268992,65463965691941903,1480821437701071218201051487797551,593762767608836535624763316476744715483540
2026-08-13,1786579200,55830841,0x8927058918e3CFf6F55EfE45A58db1be1F069E49,ETH/USDC,eth,3000,False,6,18,1877.458139,200943,1828497843773777739466439829487616,65650822402079605,1481289442309000953415884268364184,594027118993175938698075300114546994934806
2026-08-14,1786665600,55917241,0x8927058918e3CFf6F55EfE45A58db1be1F069E49,ETH/USDC,eth,3000,False,6,18,1885.764847,200899,1824466174183678178995617141168860,65650908314308877,1482806493496559075609436646242484,594786103068723659277911186190634005663586
2026-08-15,1786752000,56003641,0x8927058918e3CFf6F55EfE45A58db1be1F069E49,ETH/USDC,eth,3000,False,6,18,1877.645575,200942,1828406576605138439108781352277458,65658381043654946,1482970046554950199853270810181199,594924268212988692286091507814667946609192
2026-08-16,1786838400,56090041,0x8927058918e3CFf6F55EfE45A58db1be1F069E49,ETH/USDC,eth,3000,False,6,18,1879.418051,200933,1827544189532065988184863632925396,65662685111906593,1482991054582740504254175507140828,594924306178175985293255287087103059571445
2026-08-17,1786924800,56176441,0x8927058918e3CFf6F55EfE45A58db1be1F069E49,ETH/USDC,eth,3000,False,6,18,1873.116407,200966,1830615772076596174689152230416838,65662659587125996,1483051557479873938053048393082235,594996151044952254819757802255751500884632
2026-08-18,1787011200,56262841,0x8927058918e3CFf6F55EfE45A58db1be1F069E49,ETH/USDC,eth,3000,False,6,18,1911.344508,200764,1812216570945028753343570260022279,65891022725152879,1484068741005527887797167740917767,595294301102600456469663594397236969125379
2026-08-19,1787097600,56349241,0x8927058918e3CFf6F55EfE45A58db1be1F069E49,ETH/USDC,eth,3000,False,6,18,1915.075788,200745,1810450273870602733898824558201167,64079398592800661,1484604668371984839403381475379014,595553168407447801732251307787101125306625
2026-08-20,1787184000,56435641,0x8927058918e3CFf6F55EfE45A58db1be1F069E49,ETH/USDC,eth,3000,False,6,18,2253.334356,199118,1669040075010310434331168060634615,40448391389317424,1492756907946529012876281727186605,597578146128396695302900570242842527122822
2026-08-21,1787270400,56522041,0x8927058918e3CFf6F55EfE45A58db1be1F069E49,ETH/USDC,eth,3000,False,6,18,2329.891658,198784,1641389763053364962918657841533081,46213941045315277,1497030172574424138650881544821125,599094004261431031980891141768289325606978
2026-08-22,1787356800,56608441,0x8927058918e3CFf6F55EfE45A58db1be1F069E49,ETH/USDC,eth,3000,False,6,18,2517.074732,198011,1579179613450106685716626104787954,50714292253744873,1503635647034162306635747117252761,601038480741472614257383036391094423294121
2026-08-23,1787443200,56694841,0x8927058918e3CFf6F55EfE45A58db1be1F069E49,ETH/USDC,eth,3000,False,6,18,2419.456352,198407,1610722361183184813054045324312576,51270468368516857,1506396347078804064871736108591067,602576713036247146155237799565517270957924
2026-08-24,1787529600,56781241,0x8927058918e3CFf6F55EfE45A58db1be1F069E49,ETH/USDC,eth,3000,False,6,18,2458.879176,198245,1597757957604776572161478000377856,51291006772018125,1509382778042330387545419821938170,603638011709224310694754128650293236035663
2026-08-25,1787616000,56867641,0x8927058918e3CFf6F55EfE45A58db1be1F069E49,ETH/USDC,eth,3000,False,6,18,2479.59632,198161,1591069286054369981752380298887168,52415208474729011,1512642233168346499999393455089590,604868349842265722138464329844337877054275
2026-08-26,1787702400,56954041,0x8927058918e3CFf6F55EfE45A58db1be1F069E49,ETH/USDC,eth,3000,False,6,18,2444.365953,198304,1602494216482125648633627358529192,52757843850458633,1514795057117166420227981116515592,605883934338233942605858454936421029633047
2026-08-27,1787788800,57040441,0x8927058918e3CFf6F55EfE45A58db1be1F069E49,ETH/USDC,eth,3000,False,6,18,2504.852405,198060,1583027696741633033007056169544871,51264446095729921,1516572953882426944779724671842940,606353536639981728808084311629994141231977
2026-08-28,1787875200,57126841,0x8927058918e3CFf6F55EfE45A58db1be1F069E49,ETH/USDC,eth,3000,False,6,18,2509.883478,198040,1581440307799004342953913964734039,51473084672308352,1518165895129060191865069999343788,606966563104781685533608583186492577067245
2026-08-29,1787961600,57213241,0x8927058918e3CFf6F55EfE45A58db1be1F069E49,ETH/USDC,eth,3000,False,6,18,2437.317548,198333,1604809646014684117437160231388887,55067152775202750,1520001891365400731046885659180518,608008429540208197696529791104284466933136
2026-08-30,1788048000,57299641,0x8927058918e3CFf6F55EfE45A58db1be1F069E49,ETH/USDC,eth,3000,False,6,18,2452.293717,198272,1599901851547307285737715495859283,55105026662049711,1523058123659745602638629001624450,609224619593693726292505861269883320511942
2026-08-31,1788134400,57386041,0x8927058918e3CFf6F55EfE45A58db1be1F069E49,ETH/USDC,eth,3000,False,6,18,2412.90863,198434,1612906326317617370014017279492096,50425452877522451,1527656777742243130535831241549064,611221811494823017903876489389766668307405
2026-09-01,1788220800,57472441,0x8927058918e3CFf6F55EfE45A58db1be1F069E49,ETH/USDC,eth,3000,False,6,18,2469.184432,198203,1594420312943826350676432528605184,62064297500473661,1529202715588513050532891830122637,611617680597219608168546315166070551972962
2026-09-02,1788307200,57558841,0x8927058918e3CFf6F55EfE45A58db1be1F069E49,ETH/USDC,eth,3000,False,6,18,2418.712274,198410,1610970098455623873391734745464832,62833944016438818,1530188308121591618962576452141559,612236409991793158811283210163820840379634
2026-09-03,1788393600,57645241,0x8927058918e3CFf6F55EfE45A58db1be1F069E49,ETH/USDC,eth,3000,False,6,18,2385.529246,198548,1622135807230544473607005412524032,51096210010531104,1531380615130354205408777596795733,612879005952577854874490072149061685576481
2026-09-04,1788480000,57731641,0x8927058918e3CFf6F55EfE45A58db1be1F069E49,ETH/USDC,eth,3000,False,6,18,2501.905327,198072,1583959773086212404190982451494912,57892034001396678,1533828692012734424825941282606903,613386420442009218366406273314677550838741
2026-09-05,1788566400,57818041,0x8927058918e3CFf6F55EfE45A58db1be1F069E49,ETH/USDC,eth,3000,False,6,18,2451.695958,198274,1600096879454650179263018745078145,69371009122832668,1535331716082544250607582977347751,614199373312928163743087574241204120845579
2026-09-11,1789084800,58345834,0x8927058918e3CFf6F55EfE45A58db1be1F069E49,ETH/USDC,eth,3000,False,6,18,2452.321475,198272,1599892796847859781075756017254400,85743812948562182,1542207175295795806681399630824069,616966855330750646277148093432925590451671
2026-09-12,1789171200,58438770,0x8927058918e3CFf6F55EfE45A58db1be1F069E49,ETH/USDC,eth,3000,False,6,18,2507.44876,198049,1582207906079124223448970684251089,55112001569683350,1545911550449728863036062201533230,618194446371176152967310393905763090423822
